added_at,track_name,artists,album,track_id,spotify_url
2026-02-24T03:35:46Z,first take,Travis Scott,Birds In The Trap Sing McKnight,6wwruKU956ldDyz55DZTt1,https://open.spotify.com/track/6wwruKU956ldDyz55DZTt1
2026-02-17T02:16:05Z,Friend Zone,A Boogie Wit da Hoodie,Artist,3W0Fvft7V7MtSftTrC8MSQ,https://open.spotify.com/track/3W0Fvft7V7MtSftTrC8MSQ
2025-10-27T18:28:40Z,With That (feat. Duke),"Young Thug, Duke",Barter 6,6o4nVtywF4F75RkOcDxrtd,https://open.spotify.com/track/6o4nVtywF4F75RkOcDxrtd
2025-10-18T00:26:46Z,"Black Hippie, White Hipster","Young Nudy, Pi’erre Bourne",Sli'merre,6PkgAqFSFbEWriHFjr1OL6,https://open.spotify.com/track/6PkgAqFSFbEWriHFjr1OL6
2025-10-07T02:03:11Z,Apple Pie,Travis Scott,Rodeo,6scpNkWEmUxmKY7nYjVLsX,https://open.spotify.com/track/6scpNkWEmUxmKY7nYjVLsX
2025-09-13T18:24:14Z,Provider,Frank Ocean,Provider,6R6ihJhRbgu7JxJKIbW57w,https://open.spotify.com/track/6R6ihJhRbgu7JxJKIbW57w
2025-08-23T20:48:40Z,asmr,21 Savage,i am > i was,2QgfDF0fQ4sskDthP8MG5w,https://open.spotify.com/track/2QgfDF0fQ4sskDthP8MG5w
2025-08-18T18:11:28Z,Almighty (feat. HoodRich Pablo Juan),"Gunna, HoodRich Pablo Juan",Drip Season 3 (Deluxe),7tjXeAUgZEe2yE6nSOcqWA,https://open.spotify.com/track/7tjXeAUgZEe2yE6nSOcqWA
2025-08-17T21:48:16Z,They Wanna Have Fun,"Metro Boomin, Travis Porter, Young Dro, Gucci Mane, DJ Spinz",Metro Boomin Presents: A Futuristic Summa (Hosted by DJ Spinz),7c2TmvPFi0AG5Vbw21XovM,https://open.spotify.com/track/7c2TmvPFi0AG5Vbw21XovM
2025-08-16T00:52:30Z,prototype,Gunna,The Last Wun,5Jo3oFBD4pM7eaaRjV8Bda,https://open.spotify.com/track/5Jo3oFBD4pM7eaaRjV8Bda
2025-08-16T00:35:25Z,many nights,Gunna,The Last Wun,0IhMkvwh9SBreIrTVtXCTf,https://open.spotify.com/track/0IhMkvwh9SBreIrTVtXCTf
2025-07-27T17:02:52Z,Now Or Never - Bonus Track,"Kendrick Lamar, Mary J. Blige","good kid, m.A.A.d city (Deluxe)",4KjnaUNYPwGnJjoeTFlt91,https://open.spotify.com/track/4KjnaUNYPwGnJjoeTFlt91
2025-07-26T12:39:31Z,By Your Side,Sade,Lovers Rock,7H3ojI1BsVy0dEJENqMt1k,https://open.spotify.com/track/7H3ojI1BsVy0dEJENqMt1k
2025-06-12T23:31:53Z,Airplane Mode,Limbo,Holo,7c0ss9FGSyXGNczL4gV75a,https://open.spotify.com/track/7c0ss9FGSyXGNczL4gV75a
2025-05-26T20:32:29Z,Diamonds (feat. Gunna),"Young Thug, Gunna",So Much Fun (Deluxe),2HIjQZsmscClqRGbfzwAgK,https://open.spotify.com/track/2HIjQZsmscClqRGbfzwAgK
2025-05-10T15:03:58Z,6 Speed,Number Wun Playa,6 Speed,3I7CqWEG11JlXi6TLkMFgF,https://open.spotify.com/track/3I7CqWEG11JlXi6TLkMFgF
2025-05-10T14:55:24Z,HIGH AS A BLIMP,808 Supply,HIGH AS A BLIMP,19rr7ktYKz4K66d9Kp5w54,https://open.spotify.com/track/19rr7ktYKz4K66d9Kp5w54
2025-03-31T20:24:07Z,Dump Truck,YoungBoy Never Broke Again,More Leaks,7qisRdS4NwbUpnfa38cTUW,https://open.spotify.com/track/7qisRdS4NwbUpnfa38cTUW
2025-03-31T17:23:15Z,BACKR00MS (with Travis Scott),"Playboi Carti, Travis Scott",MUSIC - SORRY 4 DA WAIT,2cjhSZd6uZIrp4ddxvvBdn,https://open.spotify.com/track/2cjhSZd6uZIrp4ddxvvBdn
2025-03-31T17:23:14Z,2024,Playboi Carti,MUSIC - SORRY 4 DA WAIT,1bAv1DWUibxCIjAk9SlzRi,https://open.spotify.com/track/1bAv1DWUibxCIjAk9SlzRi
2025-03-19T20:42:16Z,BACKD00R (feat. Kendrick Lamar & Jhené Aiko),"Playboi Carti, Kendrick Lamar, Jhené Aiko",MUSIC,0rNgWFQJtfttOYIHfDOHCg,https://open.spotify.com/track/0rNgWFQJtfttOYIHfDOHCg
2025-03-19T20:42:11Z,TOXIC (with Skepta),"Playboi Carti, Skepta",MUSIC,4evMMKc2HD6fV9slMfgkMx,https://open.spotify.com/track/4evMMKc2HD6fV9slMfgkMx
2025-03-17T16:40:24Z,Just Vibe (feat. Gunna),"HoodRich Pablo Juan, Gunna",BLO: The Movie,1IHKtYJY6uXnmIDjeS3zV2,https://open.spotify.com/track/1IHKtYJY6uXnmIDjeS3zV2
2025-03-14T16:47:50Z,OVERLY,Playboi Carti,MUSIC,5tRylsadMpm8TydUgq7NWj,https://open.spotify.com/track/5tRylsadMpm8TydUgq7NWj
2025-03-10T20:26:16Z,Family Don't Matter (feat. Millie Go Lightly),"Young Thug, Millie Go Lightly",Beautiful Thugger Girls,445YTBOjx9kYThBepGA9au,https://open.spotify.com/track/445YTBOjx9kYThBepGA9au
2025-02-14T19:59:26Z,Hallucinating,Future,HNDRXX,7IeHIGriFrJaTeaC4W0a8W,https://open.spotify.com/track/7IeHIGriFrJaTeaC4W0a8W
2025-02-14T19:35:00Z,Caught Their Eyes,"JAŸ-Z, Frank Ocean",4:44,71oM9w2BbJxzTpxzWIE0lw,https://open.spotify.com/track/71oM9w2BbJxzTpxzWIE0lw
2025-02-04T20:03:47Z,Got Me Started,2FeetBino,Cousin Feeter,2lO78vLbXDHABMPDNufxdc,https://open.spotify.com/track/2lO78vLbXDHABMPDNufxdc
2025-02-03T19:50:18Z,Pedestrian,Gunna,Drip Season 3 (Deluxe),30YhyUmaegqSxsBICCeVzY,https://open.spotify.com/track/30YhyUmaegqSxsBICCeVzY
2025-01-25T20:34:32Z,NEVEREVER,Destroy Lonely,NS+ (ULTRA),610gzNqwaSz89u6YIpDlyZ,https://open.spotify.com/track/610gzNqwaSz89u6YIpDlyZ
2025-01-25T14:38:26Z,Never Hating (feat. Young Thug),"Lil Baby, Young Thug",It's Only Me,1Py8c3dkLF0YczcAyBFBEM,https://open.spotify.com/track/1Py8c3dkLF0YczcAyBFBEM
2025-01-14T23:21:52Z,BAILE INoLVIDABLE,Bad Bunny,DeBÍ TiRAR MáS FOToS,2lTm559tuIvatlT1u0JYG2,https://open.spotify.com/track/2lTm559tuIvatlT1u0JYG2
2025-01-14T23:00:23Z,DtMF,Bad Bunny,DeBÍ TiRAR MáS FOToS,3sK8wGT43QFpWrvNQsrQya,https://open.spotify.com/track/3sK8wGT43QFpWrvNQsrQya
2025-01-11T23:02:29Z,Intro,Pi’erre Bourne,The Life Of Pi'erre 5,4GuP8UZCJBFn7Gbjs8PVlq,https://open.spotify.com/track/4GuP8UZCJBFn7Gbjs8PVlq
2025-01-11T23:02:28Z,Switching Lanes (feat. Playboi Carti),"Pi’erre Bourne, Playboi Carti",The Life Of Pi'erre 5,09hbZ8vF8YmlVQq55Ai1Ay,https://open.spotify.com/track/09hbZ8vF8YmlVQq55Ai1Ay
2025-01-11T23:02:26Z,HULU,Pi’erre Bourne,The Life Of Pi'erre 5,6632oMF5zGOZLheR7xf3Ee,https://open.spotify.com/track/6632oMF5zGOZLheR7xf3Ee
2025-01-11T23:02:25Z,Couch,Pi’erre Bourne,The Life Of Pi'erre 5,0VLkwjIaeJM5KMjcVVybBp,https://open.spotify.com/track/0VLkwjIaeJM5KMjcVVybBp
2025-01-11T23:02:24Z,42,Pi’erre Bourne,The Life Of Pi'erre 5,1OaICFX9cF0BWylKs86a4c,https://open.spotify.com/track/1OaICFX9cF0BWylKs86a4c
2025-01-11T23:02:22Z,Biology 101,Pi’erre Bourne,The Life Of Pi'erre 5,3nciU0IBvo0VjKMmsJW4OU,https://open.spotify.com/track/3nciU0IBvo0VjKMmsJW4OU
2025-01-11T23:02:21Z,YNS,Pi’erre Bourne,The Life Of Pi'erre 5,79Xfhw1engFKIVoZI6SdF2,https://open.spotify.com/track/79Xfhw1engFKIVoZI6SdF2
2025-01-11T23:02:20Z,Sossboy 2 (feat. Lil Uzi Vert),"Pi’erre Bourne, Lil Uzi Vert",The Life Of Pi'erre 5,7J0xf4SU1GNWJu2rtFD14T,https://open.spotify.com/track/7J0xf4SU1GNWJu2rtFD14T
2025-01-11T23:02:18Z,Practice,Pi’erre Bourne,The Life Of Pi'erre 5,6MCoV5wHggKc3HOYTSpAnl,https://open.spotify.com/track/6MCoV5wHggKc3HOYTSpAnl
2025-01-11T23:02:17Z,40 Clip,Pi’erre Bourne,The Life Of Pi'erre 5,0KrWkVnYjKx6b9T6rkXPFE,https://open.spotify.com/track/0KrWkVnYjKx6b9T6rkXPFE
2025-01-11T23:02:15Z,Retroville,Pi’erre Bourne,The Life Of Pi'erre 5,4ZrDlWjciVMlIY5FcYjngx,https://open.spotify.com/track/4ZrDlWjciVMlIY5FcYjngx
2025-01-11T23:02:14Z,Drunk And Nasty (feat. Sharc),"Pi’erre Bourne, Sharc",The Life Of Pi'erre 5,1lAJUXyP5S2dUYHer1xBas,https://open.spotify.com/track/1lAJUXyP5S2dUYHer1xBas
2025-01-11T23:02:13Z,Amen,Pi’erre Bourne,The Life Of Pi'erre 5,1N2qpeqUKZ2tyRqlR6y00V,https://open.spotify.com/track/1N2qpeqUKZ2tyRqlR6y00V
2025-01-11T23:02:09Z,Groceries,Pi’erre Bourne,The Life Of Pi'erre 5,127zRLKoGQXgp2lXsjzlbu,https://open.spotify.com/track/127zRLKoGQXgp2lXsjzlbu
2025-01-11T23:02:08Z,Butterfly,Pi’erre Bourne,The Life Of Pi'erre 5,0Jttv4sD1ofTqPGkNQAqOh,https://open.spotify.com/track/0Jttv4sD1ofTqPGkNQAqOh
2025-01-11T23:02:06Z,4U,Pi’erre Bourne,The Life Of Pi'erre 5,23aigxgRn6cVPxkJF3S5oe,https://open.spotify.com/track/23aigxgRn6cVPxkJF3S5oe
2025-01-09T18:35:35Z,Bandz (Bye Bye Birdie) (feat. Lil Uzi Vert),"DP Beats, Lil Uzi Vert",DPONTHEBEAT VOL 3,6V3BWc31TBcXYFaNsfL7M2,https://open.spotify.com/track/6V3BWc31TBcXYFaNsfL7M2
2024-12-31T16:59:24Z,Minute,"NAV, Metro Boomin, Playboi Carti, Offset",Perfect Timing,3JWh19WsndEFg0UFRFeTiU,https://open.spotify.com/track/3JWh19WsndEFg0UFRFeTiU
2024-12-28T19:43:23Z,Grow Up,Corkybul,Grow Up,0A2VocBnCvNlHwUXsK7iVf,https://open.spotify.com/track/0A2VocBnCvNlHwUXsK7iVf
2024-12-28T02:26:14Z,sweet sweet,Travis Scott,Birds In The Trap Sing McKnight,01Ch5LzVStxCFPKkT1xg6k,https://open.spotify.com/track/01Ch5LzVStxCFPKkT1xg6k
2024-12-25T01:42:44Z,Mannequin Challenge (feat. Juice WRLD),"Young Thug, Juice WRLD",So Much Fun,5TnLXSd4h6G06Fbt2ApOpa,https://open.spotify.com/track/5TnLXSd4h6G06Fbt2ApOpa
2024-12-22T21:33:12Z,Forgiveless (feat. Ol' Dirty Bastard),"SZA, Ol' Dirty Bastard",SOS Deluxe: LANA,5ZZEO35MDODWyjyRy3TLDA,https://open.spotify.com/track/5ZZEO35MDODWyjyRy3TLDA
2024-12-22T16:57:22Z,Saturn,SZA,SOS Deluxe: LANA,040I32EKLxQrkuxQu1pqvT,https://open.spotify.com/track/040I32EKLxQrkuxQu1pqvT
2024-12-22T16:57:20Z,SOS,SZA,SOS Deluxe: LANA,5F5oqltDYSgdAZPwYZ3N53,https://open.spotify.com/track/5F5oqltDYSgdAZPwYZ3N53
2024-12-22T16:57:19Z,Kill Bill,SZA,SOS Deluxe: LANA,4zozL5lnFIG0P5ZZ7l2NcR,https://open.spotify.com/track/4zozL5lnFIG0P5ZZ7l2NcR
2024-12-17T20:57:40Z,Herside Story,"GoldLink, Hare Squead",At What Cost,564oa00vY05d1uYnTEAAmE,https://open.spotify.com/track/564oa00vY05d1uYnTEAAmE
2024-12-13T01:50:25Z,"Ladies, Ladies, Ladies (with JID feat. T.I.)","Dreamville, JID, T.I.",Revenge Of The Dreamers III,3QBnJDkME3teXvf52Sfslk,https://open.spotify.com/track/3QBnJDkME3teXvf52Sfslk
2024-12-13T01:20:26Z,"U Say (feat. Tyler, The Creator & Jay Prince)","GoldLink, Tyler, The Creator, Jay Prince",Diaspora,2p37Mfy2PWajgOS3i2aaep,https://open.spotify.com/track/2p37Mfy2PWajgOS3i2aaep
2024-12-10T02:56:51Z,Young Wheezy (with Gunna),"NAV, Gunna",Emergency Tsunami,0bMyxvtbPa7HFemLjzw0xX,https://open.spotify.com/track/0bMyxvtbPa7HFemLjzw0xX
2024-12-07T19:12:28Z,I Suppose,"Quality Control, Takeoff",Quality Control: Control The Streets Volume 2,2LpP13UOrvPIsDpuRjTLxP,https://open.spotify.com/track/2LpP13UOrvPIsDpuRjTLxP
2024-12-06T21:27:31Z,Slam the Door,"Young Stoner Life, Young Thug, Gunna",Slime Language 2 (Deluxe),07Vwzgzl5dRyU7AMpJbIE3,https://open.spotify.com/track/07Vwzgzl5dRyU7AMpJbIE3
2024-11-23T13:45:44Z,wacced out murals,Kendrick Lamar,GNX,5gOfC9UzZQzTyShqPMrpjT,https://open.spotify.com/track/5gOfC9UzZQzTyShqPMrpjT
2024-11-23T13:45:44Z,squabble up,Kendrick Lamar,GNX,0nj9Bq5sHDiTxSHunhgkFb,https://open.spotify.com/track/0nj9Bq5sHDiTxSHunhgkFb
2024-11-23T13:45:43Z,luther (with sza),"Kendrick Lamar, SZA",GNX,45J4avUb9Ni0bnETYaYFVJ,https://open.spotify.com/track/45J4avUb9Ni0bnETYaYFVJ
2024-11-23T13:45:42Z,man at the garden,Kendrick Lamar,GNX,5ho7VSXSmI2KM2nDjcnLyz,https://open.spotify.com/track/5ho7VSXSmI2KM2nDjcnLyz
2024-11-23T13:45:41Z,hey now (feat. dody6),"Kendrick Lamar, Dody6",GNX,5S8VwnB4sLi6W0lYTWYylu,https://open.spotify.com/track/5S8VwnB4sLi6W0lYTWYylu
2024-11-23T13:45:40Z,reincarnated,Kendrick Lamar,GNX,0RgjEkSbeuStKfT2Pa4Zai,https://open.spotify.com/track/0RgjEkSbeuStKfT2Pa4Zai
2024-11-23T13:45:40Z,tv off (feat. lefty gunplay),"Kendrick Lamar, Lefty Gunplay",GNX,0aB0v4027ukVziUGwVGYpG,https://open.spotify.com/track/0aB0v4027ukVziUGwVGYpG
2024-11-23T13:45:39Z,"dodger blue (feat. wallie the sensei, siete7x, roddy ricch)","Kendrick Lamar, Wallie the Sensei, Siete7x, Roddy Ricch",GNX,4K1Pg0FLno1ltzX3jeqT83,https://open.spotify.com/track/4K1Pg0FLno1ltzX3jeqT83
2024-11-23T13:45:38Z,peekaboo (feat. azchike),"Kendrick Lamar, AZ Chike",GNX,2Uts1QFB4u2YNIMiqcb4de,https://open.spotify.com/track/2Uts1QFB4u2YNIMiqcb4de
2024-11-23T13:45:37Z,heart pt. 6,Kendrick Lamar,GNX,1SGvjfc85yzqKXsfKcCxn2,https://open.spotify.com/track/1SGvjfc85yzqKXsfKcCxn2
2024-11-23T13:45:36Z,"gnx (feat. hitta j3, youngthreat, peysoh)","Kendrick Lamar, Hitta J3, YoungThreat, Peysoh",GNX,3aZptNYC6Z1YoumeqZcDcQ,https://open.spotify.com/track/3aZptNYC6Z1YoumeqZcDcQ
2024-11-23T13:45:36Z,gloria (with sza),"Kendrick Lamar, SZA",GNX,0wgOhYnqZKjOHr6bmdz0aN,https://open.spotify.com/track/0wgOhYnqZKjOHr6bmdz0aN
2024-11-20T00:00:13Z,jazz is for ordinary people,berlioz,jazz is for ordinary people,12BaQt9aYdTlEtKreqB5V4,https://open.spotify.com/track/12BaQt9aYdTlEtKreqB5V4
2024-11-19T23:55:40Z,The Recipe - Bonus Track,"Kendrick Lamar, Dr. Dre","good kid, m.A.A.d city (Deluxe)",1eRBW1HcyM1zPlxO26cScZ,https://open.spotify.com/track/1eRBW1HcyM1zPlxO26cScZ
2024-11-19T23:49:23Z,Mi Negrita,Devendra Banhart,Mala,4r7iDEGdW2Gw9hJlCbi5qL,https://open.spotify.com/track/4r7iDEGdW2Gw9hJlCbi5qL
2024-11-19T02:48:23Z,Young Love,Cleo Sol,Rose in the Dark,4UpBPaIMx7OoFpjeNdXfMn,https://open.spotify.com/track/4UpBPaIMx7OoFpjeNdXfMn
2024-11-06T01:16:53Z,Safe 2,Veeze,Ganger,03EeSCpknE0FT43T57UkSg,https://open.spotify.com/track/03EeSCpknE0FT43T57UkSg
2024-09-20T16:04:14Z,AYE SAY GANG,Future,MIXTAPE PLUTO,3SfqAvcloZcg65r9Si6ziJ,https://open.spotify.com/track/3SfqAvcloZcg65r9Si6ziJ
2024-09-20T15:52:48Z,SURFING A TSUNAMI,Future,MIXTAPE PLUTO,6t48Ju7G0qoYovcWJgvVwL,https://open.spotify.com/track/6t48Ju7G0qoYovcWJgvVwL
2024-09-20T15:44:06Z,MJ,Future,MIXTAPE PLUTO,1zdVrr3f0eUorO9bkdZ58N,https://open.spotify.com/track/1zdVrr3f0eUorO9bkdZ58N
2024-09-20T15:12:41Z,SKI,Future,MIXTAPE PLUTO,6pf7fmrtYcA4WpqTksuh68,https://open.spotify.com/track/6pf7fmrtYcA4WpqTksuh68
2024-09-20T15:12:40Z,LIL DEMON,Future,MIXTAPE PLUTO,3aCPResPDNae3pXTocGpYe,https://open.spotify.com/track/3aCPResPDNae3pXTocGpYe
2024-09-08T00:00:08Z,Spaced Out,Young Nudy,Slimeball,4y3l1Qk130C1ebtgIGxltq,https://open.spotify.com/track/4y3l1Qk130C1ebtgIGxltq
2024-09-06T23:59:19Z,Ruby Rosary (feat. J. Cole),"A$AP Rocky, J. Cole",Ruby Rosary (feat. J. Cole),1lloYB6uHOTDmheiWsq4DL,https://open.spotify.com/track/1lloYB6uHOTDmheiWsq4DL
2024-08-10T23:13:20Z,2 Many Chances,Tray Day Sadd,528 Hz: Escape the Comfort Zone,5IxHoZ1YZxdYaAEo0WBXkn,https://open.spotify.com/track/5IxHoZ1YZxdYaAEo0WBXkn
2024-08-10T04:13:02Z,Daddy's Birthday,Young Thug,Beautiful Thugger Girls,347hgqCHnL4GfgVX5hZfNv,https://open.spotify.com/track/347hgqCHnL4GfgVX5hZfNv
2024-08-10T02:37:42Z,way back,Travis Scott,Birds In The Trap Sing McKnight,2Zy7XVdxyZQB8xp5xbpJdl,https://open.spotify.com/track/2Zy7XVdxyZQB8xp5xbpJdl
2024-08-04T19:57:52Z,DEAD,"¥$, Kanye West, Ty Dolla $ign",VULTURES 2,3OIzMTyg6PIV2ZsefS3O2n,https://open.spotify.com/track/3OIzMTyg6PIV2ZsefS3O2n
2024-08-04T19:51:50Z,530,"¥$, Kanye West, Ty Dolla $ign",VULTURES 2,4hm8BZ7nLceFNZUexWTxx4,https://open.spotify.com/track/4hm8BZ7nLceFNZUexWTxx4
2024-07-26T13:33:27Z,Ghetto (feat. Young Thug & Lil Durk),"Mustard, Young Thug, Lil Durk",Faith Of A Mustard Seed,1uU143K4dObFyeykORAD0m,https://open.spotify.com/track/1uU143K4dObFyeykORAD0m
2024-07-11T21:48:44Z,deep in it,"berlioz, Ted Jasper",deep in it,3J2WUEn6oFN8eDPZov7w9I,https://open.spotify.com/track/3J2WUEn6oFN8eDPZov7w9I
2024-06-19T01:09:15Z,Novacane,Frank Ocean,Novacane,4osgfFTICMkcGbbigdsa53,https://open.spotify.com/track/4osgfFTICMkcGbbigdsa53
2024-06-17T21:10:54Z,Twisting Our Fingers,"Lil Gotit, Young Thug, Lil Keed",Twisting Our Fingers,0M46V5WC2euVqHh80ey1Hw,https://open.spotify.com/track/0M46V5WC2euVqHh80ey1Hw
2024-06-11T19:06:03Z,Cumbia Sobre el Mar,"Quantic, Flowering Inferno",Dog With a Rope,6znjOwrvur265V4hEx6mtl,https://open.spotify.com/track/6znjOwrvur265V4hEx6mtl
2024-06-01T14:03:30Z,Maldito Muchacho,"Quantic, Nidia Gongora",Curao,6mHyF3odjjD50BfDcq9fDe,https://open.spotify.com/track/6mHyF3odjjD50BfDcq9fDe
2024-05-22T22:51:54Z,Umbrella (with 21 Savage & Young Nudy),"Metro Boomin, 21 Savage, Young Nudy",HEROES & VILLAINS,2Yt4SXIgmoaPZHGdRafp4P,https://open.spotify.com/track/2Yt4SXIgmoaPZHGdRafp4P
2024-05-15T15:38:39Z,Crazy Clientele,"Future, Metro Boomin",WE STILL DON'T TRUST YOU,3GlQVf7QbQv1bro2mPL3K4,https://open.spotify.com/track/3GlQVf7QbQv1bro2mPL3K4
2024-05-06T23:20:41Z,MiNt cHoCoLaTe (feat. Conway the Machine),"1999 WRITE THE FUTURE, BADBADNOTGOOD, Westside Gunn, Conway the Machine",hella (˃̣̣̥╭╮˂̣̣̥) ✧ ♡ ‧º·˚,5BtPdQhHPyJIaEqfoj7BlB,https://open.spotify.com/track/5BtPdQhHPyJIaEqfoj7BlB
2024-05-03T21:25:40Z,Amazing (Interlude),"Future, Metro Boomin",WE STILL DON'T TRUST YOU,5sOsYuB0SfyKzAeW3BXHjq,https://open.spotify.com/track/5sOsYuB0SfyKzAeW3BXHjq
2024-05-03T21:05:09Z,Se Lo Ví,"Quantic, Nidia Gongora",Curao,0konz2e6O7MUYgDJIEMeZf,https://open.spotify.com/track/0konz2e6O7MUYgDJIEMeZf
2024-05-01T23:34:36Z,La Verdolaga,Totó La Momposina,Gaitas y Tambores,2C2yFkuhSq76ongQRqvRZS,https://open.spotify.com/track/2C2yFkuhSq76ongQRqvRZS
2024-04-28T17:03:51Z,Bonito y Sabroso,Beny Moré,Serie Platino,2VdeSD30CXVoAKU4xHMBfV,https://open.spotify.com/track/2VdeSD30CXVoAKU4xHMBfV
2024-04-28T16:52:26Z,Amor en Francia,"Quantic, Nidia Gongora",Curao,4nMeNKY8kPYMgihK9O0K07,https://open.spotify.com/track/4nMeNKY8kPYMgihK9O0K07
2024-04-28T16:52:17Z,Tekkers,AYLØ,For Good Reasons,34xP9J8ofSuYzsAPM7LjCE,https://open.spotify.com/track/34xP9J8ofSuYzsAPM7LjCE
2024-04-26T21:49:52Z,Un Canto a Mi Tierra,"Nidia Gongora, Quantic",The Power of the Latin Music,0GyI9HG9r1j0QDPedcfjds,https://open.spotify.com/track/0GyI9HG9r1j0QDPedcfjds
2024-04-26T21:49:48Z,No Soy Del Valle,"Nidia Gongora, Quantic",The Power of the Latin Music,3tkrKE6l85eRvrek4Nu4Fk,https://open.spotify.com/track/3tkrKE6l85eRvrek4Nu4Fk
2024-03-25T00:31:50Z,"El Que No Sufre, No Vive","Angel Meléndez, Rico Walker",Angel Meléndez X Big Band Máquina,27rEuUpUiJ5WxI8F8Lgq6Z,https://open.spotify.com/track/27rEuUpUiJ5WxI8F8Lgq6Z
2024-02-28T10:50:47Z,Still Dreaming,"Nas, Kanye West, Chrisette Michele",Hip Hop Is Dead (Expanded Edition),72nLaDnt2dfxCA3ZAiEC2c,https://open.spotify.com/track/72nLaDnt2dfxCA3ZAiEC2c
2024-02-13T17:07:54Z,Feel The Fiyaaaah (with A$AP Rocky & feat. Takeoff),"Metro Boomin, A$AP Rocky, Takeoff",HEROES & VILLAINS,3SsJ17EnPIu1B4GZshqjIS,https://open.spotify.com/track/3SsJ17EnPIu1B4GZshqjIS
2024-02-13T16:51:11Z,DIRTY NACHOS,"Chief Keef, Mike WiLL Made-It",DIRTY NACHOS,5CU0ZVQKGyOeOIbuXDo6gr,https://open.spotify.com/track/5CU0ZVQKGyOeOIbuXDo6gr
2024-02-11T00:11:55Z,BEG FORGIVENESS,"Kanye West, Ty Dolla $ign",VULTURES 1,7DPUuTaTZCtQ6o4Xx00qzT,https://open.spotify.com/track/7DPUuTaTZCtQ6o4Xx00qzT
2024-01-31T21:50:10Z,Snooze,SZA,SOS,4iZ4pt7kvcaH6Yo8UoZ4s2,https://open.spotify.com/track/4iZ4pt7kvcaH6Yo8UoZ4s2
2024-01-08T14:36:39Z,Helluva Price,Gunna,Drip Season 3 (Deluxe),5bFym95c4l7Q7cVIYArOzC,https://open.spotify.com/track/5bFym95c4l7Q7cVIYArOzC
2024-01-02T08:08:29Z,"327 (feat. Tyler, The Creator & Billie Essco)","Westside Gunn, Joey Bada$$, Tyler, The Creator, Billie Essco",Pray for Paris,5sxRbu2Oi9lgmLO8taA3Rf,https://open.spotify.com/track/5sxRbu2Oi9lgmLO8taA3Rf
2023-12-15T21:01:45Z,Son Soneate,Laba Sosseh,El Maestro,1DpuVfjem3pVjfFK6z7f3R,https://open.spotify.com/track/1DpuVfjem3pVjfFK6z7f3R
2023-11-29T13:25:36Z,Running Late,KARRAHBOOO,Running Late,1CwnEKPRLebumbHmZ3yZly,https://open.spotify.com/track/1CwnEKPRLebumbHmZ3yZly
2023-11-15T20:19:10Z,4 AM In Cali,"FastCashJune, CruddyMurda",4 AM In Cali,7ElHawF7drtCU0dWTypLP1,https://open.spotify.com/track/7ElHawF7drtCU0dWTypLP1
2023-11-06T18:18:05Z,From A Man,Young Thug,From A Man,3CUMd8XMv3LBSLrDrKoXQE,https://open.spotify.com/track/3CUMd8XMv3LBSLrDrKoXQE
2023-11-05T22:44:49Z,J F K,CruddyMurda,J F K,5XcPgwY936HO68GbXt2MrW,https://open.spotify.com/track/5XcPgwY936HO68GbXt2MrW
2023-10-07T16:59:10Z,Im Back,"Raq baby, L5",Im Back,1EGQFyIDwKdaRmwE4Wa0fE,https://open.spotify.com/track/1EGQFyIDwKdaRmwE4Wa0fE
2023-09-07T21:35:28Z,Jukebox Joints (feat. Joe Fox & Kanye West),"A$AP Rocky, Joe Fox, Kanye West",AT.LONG.LAST.A$AP,2gAGWaK4wvt2xrFUlR4mK8,https://open.spotify.com/track/2gAGWaK4wvt2xrFUlR4mK8
2023-09-05T15:13:03Z,Made In America,"JAŸ-Z, Kanye West, Frank Ocean",Watch The Throne (Deluxe),57CdogxwhzdHhqjj0115He,https://open.spotify.com/track/57CdogxwhzdHhqjj0115He
2023-09-05T14:38:09Z,No Church In The Wild,"JAŸ-Z, Kanye West, Frank Ocean, The-Dream",Watch The Throne (Deluxe),1jIfaHx4jUl1mqdig9wUra,https://open.spotify.com/track/1jIfaHx4jUl1mqdig9wUra
2023-08-25T13:29:25Z,Moment Of Your Life,"Brent Faiyaz, Coco Jones",Moment Of Your Life,5HkloVRj7hJe04zHDAqTpf,https://open.spotify.com/track/5HkloVRj7hJe04zHDAqTpf
2023-08-19T18:35:29Z,Tycoon,Future,High Off Life,05TpY5Fov3Hgfp8V1KILZ8,https://open.spotify.com/track/05TpY5Fov3Hgfp8V1KILZ8
2023-07-30T14:57:01Z,PARASAIL (feat. Yung Lean & Dave Chappelle),"Travis Scott, Yung Lean, Dave Chappelle",UTOPIA,2Q0aElTZQtEUsoiaQfizu6,https://open.spotify.com/track/2Q0aElTZQtEUsoiaQfizu6
2023-07-29T14:16:24Z,LOST FOREVER (feat. Westside Gunn),"Travis Scott, Westside Gunn",UTOPIA,7EiUtdeoWcKqLi5ELZCjYf,https://open.spotify.com/track/7EiUtdeoWcKqLi5ELZCjYf
2023-07-28T21:25:03Z,TELEKINESIS (feat. SZA & Future),"Travis Scott, SZA, Future",UTOPIA,1i9lZvlaDdWDPyXEE95aiq,https://open.spotify.com/track/1i9lZvlaDdWDPyXEE95aiq
2023-07-28T21:09:52Z,SKITZO (feat. Young Thug),"Travis Scott, Young Thug",UTOPIA,0bkV1iQHSxBaksUqgEkcbc,https://open.spotify.com/track/0bkV1iQHSxBaksUqgEkcbc
2023-07-28T21:01:20Z,TOPIA TWINS (feat. Rob49 & 21 Savage),"Travis Scott, Rob49, 21 Savage",UTOPIA,0lodMO0qK83vfPiiD7FMEt,https://open.spotify.com/track/0lodMO0qK83vfPiiD7FMEt
2023-07-28T20:56:07Z,I KNOW ?,Travis Scott,UTOPIA,6wsqVwoiVH2kde4k4KKAFU,https://open.spotify.com/track/6wsqVwoiVH2kde4k4KKAFU
2023-07-28T20:52:27Z,DELRESTO (ECHOES) (feat. Beyoncé),"Travis Scott, Beyoncé",UTOPIA,0OEe83mMZ5kaNw5uZQ7ilG,https://open.spotify.com/track/0OEe83mMZ5kaNw5uZQ7ilG
2023-07-28T20:37:35Z,MY EYES,Travis Scott,UTOPIA,4kjI1gwQZRKNDkw1nI475M,https://open.spotify.com/track/4kjI1gwQZRKNDkw1nI475M
2023-07-25T13:21:35Z,Saint Pablo,Kanye West,The Life Of Pablo,1o0kWPueYo94LIjPYOE5Nf,https://open.spotify.com/track/1o0kWPueYo94LIjPYOE5Nf
2023-07-25T13:01:03Z,Bosses Linking With Bosses,"Babyface Ray, Veeze",Summer's Mine,5w2HEVe6nQnn9yYCjeCBfu,https://open.spotify.com/track/5w2HEVe6nQnn9yYCjeCBfu
2023-07-15T17:21:35Z,Day 2 Day,"Tony Shhnow, ManMan Savage",Day 2 Day,5PFA2BNk1Z50vEKyPAf64J,https://open.spotify.com/track/5PFA2BNk1Z50vEKyPAf64J
2023-07-13T15:28:03Z,Global Access (feat. Nate Ruess),"Young Thug, Nate Ruess",BUSINESS IS BUSINESS,79AzC6p5uKHZC4Rb7xrpR1,https://open.spotify.com/track/79AzC6p5uKHZC4Rb7xrpR1
2023-07-13T15:06:20Z,Oh U Went (feat. Drake),"Young Thug, Drake",BUSINESS IS BUSINESS,7qLr3HMApUbyDkUvgIvHnB,https://open.spotify.com/track/7qLr3HMApUbyDkUvgIvHnB
2023-07-13T14:46:33Z,Money On The Dresser,Young Thug,BUSINESS IS BUSINESS,0k88aN0xmk8Xn1zdnyTiPG,https://open.spotify.com/track/0k88aN0xmk8Xn1zdnyTiPG
2023-07-12T19:37:35Z,R e s e n t m e n t,PARTYNEXTDOOR,R e s e n t m e n t,4HISFDmENrT1reZ5nMUe4l,https://open.spotify.com/track/4HISFDmENrT1reZ5nMUe4l
2023-07-12T18:10:41Z,Want Me Dead (feat. 21 Savage),"Young Thug, 21 Savage",BUSINESS IS BUSINESS,3GXjlz7evuodm50dfiDDWo,https://open.spotify.com/track/3GXjlz7evuodm50dfiDDWo
2023-07-09T14:25:10Z,Donda Bag,Babyface Ray,Donda Bag,3LLFWERU6KNXkBmn2fggNS,https://open.spotify.com/track/3LLFWERU6KNXkBmn2fggNS
2023-07-06T13:48:07Z,Of Course (Bonus Track),Lil Uzi Vert,Pink Tape,2cg9zc2ba5HGiGMTu4oj69,https://open.spotify.com/track/2cg9zc2ba5HGiGMTu4oj69
2023-07-06T13:42:27Z,I Gotta,Lil Uzi Vert,Pink Tape,3lcfs9Qjfxzy00VSVkixDv,https://open.spotify.com/track/3lcfs9Qjfxzy00VSVkixDv
2023-07-01T04:53:18Z,The Truth - Acoustic,Moonchild,The Truth (Acoustic),5uWBV0sK0PmWv574AhLt2p,https://open.spotify.com/track/5uWBV0sK0PmWv574AhLt2p
2023-07-01T04:45:56Z,"False Idols (with Lil Baby, Suzanna Son)","The Weeknd, Lil Baby, Suzanna Son",The Idol Episode 5 Part 1 (Music from the HBO Original Series),6cViXqp01e3FrAaseuiSAV,https://open.spotify.com/track/6cViXqp01e3FrAaseuiSAV
2023-06-25T17:00:59Z,Hellcat Kenny (feat. Lil Uzi Vert),"Young Thug, Lil Uzi Vert",BUSINESS IS BUSINESS,5nYygW7bTgPOhckh3uDR9L,https://open.spotify.com/track/5nYygW7bTgPOhckh3uDR9L
2023-06-23T20:19:04Z,"SCIENTISTS & ENGINEERS [Feat. Future, Eryn Allen Kane]","Killer Mike, André 3000, Eryn Allen Kane, Future","SCIENTISTS & ENGINEERS [Feat. Future, Eryn Allen Kane]",2RHKzvzdxXANTOKtbZnuLo,https://open.spotify.com/track/2RHKzvzdxXANTOKtbZnuLo
2023-06-23T19:15:56Z,The Glade,"Sean Leon, Daniel Caesar",The Glade,4tEeJe0AS4TbihaokDG6hG,https://open.spotify.com/track/4tEeJe0AS4TbihaokDG6hG
2023-06-11T14:32:35Z,SPINACH,DavidTheTragic,I COULD GET HIGHER,1L9mc0NDbvaOFEeotgU7vb,https://open.spotify.com/track/1L9mc0NDbvaOFEeotgU7vb
2023-06-11T14:24:35Z,The Hillbillies,"Baby Keem, Kendrick Lamar",The Hillbillies,1h6w4POXM2LfG4ZD4xUfZQ,https://open.spotify.com/track/1h6w4POXM2LfG4ZD4xUfZQ
2023-06-10T14:22:04Z,Who Told You (feat. Drake),"J Hus, Drake",Who Told You (feat. Drake),40EXFgNMOIQRQOwJZ8mJkC,https://open.spotify.com/track/40EXFgNMOIQRQOwJZ8mJkC
2023-05-24T16:16:14Z,Raindrops (Insane) [with Travis Scott],"Metro Boomin, Travis Scott",HEROES & VILLAINS,4qf2G3v1ychaRZ0glmrkES,https://open.spotify.com/track/4qf2G3v1ychaRZ0glmrkES
2023-05-21T03:28:19Z,Bi Polar,G Herbo,Humble Beast (Deluxe),2dob4YYa4UirxvoO22UF2G,https://open.spotify.com/track/2dob4YYa4UirxvoO22UF2G
2023-05-20T02:47:46Z,New Type (feat. Childish Gambino),"Summer Walker, Childish Gambino",CLEAR 2: SOFT LIFE EP,35PofXWEoF8DnGTA1SIuyJ,https://open.spotify.com/track/35PofXWEoF8DnGTA1SIuyJ
2023-05-05T12:49:59Z,Real Sisters,Future,DS2 (Deluxe),5GhJq5J9ZWIEDZdyw7EWzt,https://open.spotify.com/track/5GhJq5J9ZWIEDZdyw7EWzt
2023-05-03T23:04:27Z,Camino,Candelaria Zamar,Una Linterna,2SWc0jvJL69iC8kVqFmOO1,https://open.spotify.com/track/2SWc0jvJL69iC8kVqFmOO1
2023-05-03T23:01:04Z,Cancion Fantasma,Candelaria Zamar,Una Linterna,7DmEzwQG2BBulWzRZBdIFB,https://open.spotify.com/track/7DmEzwQG2BBulWzRZBdIFB
2023-05-01T23:18:01Z,Mailbox,Chief Keef,Dedication,7w1orjTPHAwDnmbdPzrpNT,https://open.spotify.com/track/7w1orjTPHAwDnmbdPzrpNT
2023-05-01T23:12:44Z,Kills,Chief Keef,Dedication,0PA5vHHfpUq7HWiMA1y5TN,https://open.spotify.com/track/0PA5vHHfpUq7HWiMA1y5TN
2023-04-30T03:11:48Z,FAMJAM4000,Jordan Ward,FORWARD,08vlprFBmwh9TQnjXUtZDG,https://open.spotify.com/track/08vlprFBmwh9TQnjXUtZDG
2023-04-15T13:35:10Z,EVERYTHING CUSTOM - MANNY MEGZ REMIX,"Hus KingPin, Westside Gunn, Manny Megz, Tristate, Lyric Jones",Everything Custom (Manny Megz Remix),4AdM6POeKnUaCJYacEvQM7,https://open.spotify.com/track/4AdM6POeKnUaCJYacEvQM7
2023-04-15T13:08:52Z,Quagen,"Bay Swag, G Herbo",Quagen,4XzYDjSECJx8zxVwVPbn9t,https://open.spotify.com/track/4XzYDjSECJx8zxVwVPbn9t
2023-04-07T05:59:31Z,Search & Rescue,Drake,Search & Rescue,7aRCf5cLOFN1U7kvtChY1G,https://open.spotify.com/track/7aRCf5cLOFN1U7kvtChY1G
2023-03-31T04:59:57Z,Rusty,Veeze,Navy Wavy,1GUkg4NUGWfnKTB77Tamyf,https://open.spotify.com/track/1GUkg4NUGWfnKTB77Tamyf
2023-03-31T04:52:40Z,GOMD,Veeze,GOMD,6qlQIOubQeiG3byhhqwPfU,https://open.spotify.com/track/6qlQIOubQeiG3byhhqwPfU
2023-03-23T14:21:43Z,Valentine,Orion Sun,A Collection of Fleeting Moments and Daydreams,1y7T4o4xX5aXW2f8sDIzfj,https://open.spotify.com/track/1y7T4o4xX5aXW2f8sDIzfj
2023-03-23T14:10:24Z,COFFEE BEAN,Travis Scott,ASTROWORLD,6vnfObZ4Ys70SBAtti1xZ9,https://open.spotify.com/track/6vnfObZ4Ys70SBAtti1xZ9
2023-03-16T15:09:26Z,Una Buena Cosa,Candelaria Zamar,Una Linterna,2E9SLRpuzbO5xZ5I4NgMCf,https://open.spotify.com/track/2E9SLRpuzbO5xZ5I4NgMCf
2023-03-11T14:33:27Z,Como Que No,Gustavo Pena - El Príncipe,Lado D (Digital) [Espíritu Inquieto],4Il3mAsbDvbNHSN5C9SUAQ,https://open.spotify.com/track/4Il3mAsbDvbNHSN5C9SUAQ
2023-03-11T14:30:20Z,Alturas Confusas,Lola Parda,Parda,4XMX5QYWy7i0kMjZvIMKfX,https://open.spotify.com/track/4XMX5QYWy7i0kMjZvIMKfX
2023-03-07T06:26:34Z,Peaches & Eggplants (feat. 21 Savage),"Young Nudy, 21 Savage",Gumbo,2KcQ0PbPj0O3P48B9YX7iN,https://open.spotify.com/track/2KcQ0PbPj0O3P48B9YX7iN
2023-02-22T14:32:24Z,Niagara Falls (Foot or 2) [with Travis Scott & 21 Savage],"Metro Boomin, Travis Scott, 21 Savage",HEROES & VILLAINS,4WuOWVnAqvEQxgSRrspBgt,https://open.spotify.com/track/4WuOWVnAqvEQxgSRrspBgt
2023-02-18T05:40:54Z,Watch This - ARIZONATEARS Pluggnb Remix,"Lil Uzi Vert, sped up nightcore, ARIZONATEARS",Watch This (ARIZONATEARS Pluggnb Remix),0FA4wrjDJvJTTU8AepZTup,https://open.spotify.com/track/0FA4wrjDJvJTTU8AepZTup
2023-02-15T00:13:43Z,Vibin' Out,"FKJ, ((( O )))",French Kiwi Juice,6SEolIp22t0DzeBfCBo3hr,https://open.spotify.com/track/6SEolIp22t0DzeBfCBo3hr
2023-02-14T23:44:18Z,Moon River,Frank Ocean,Moon River,41cpvQ2GyGb2BRdIRSsTqK,https://open.spotify.com/track/41cpvQ2GyGb2BRdIRSsTqK
2023-02-12T13:16:56Z,Ron Artest,"Babyface Ray, 42 Dugg",Ron Artest,4Wlz0HsHZlJy0NDK2h6jq6,https://open.spotify.com/track/4Wlz0HsHZlJy0NDK2h6jq6
2023-02-06T14:11:42Z,Para ver las estrellas,Gustavo Pena - El Príncipe,La Fuente de la Juventud,7tIENPfOYaRDt4KBcBvh4s,https://open.spotify.com/track/7tIENPfOYaRDt4KBcBvh4s
2023-02-04T21:57:18Z,Quisiera despertar,Gustavo Pena - El Príncipe,Buraco Incivilizado I y II. 1984/86,3NOBLWS9KX9BfMYsJmPEqj,https://open.spotify.com/track/3NOBLWS9KX9BfMYsJmPEqj
2023-02-04T21:24:32Z,Cautela,José Vicentes,Cautela,6j49sHliDlC9FtJSYjj5eU,https://open.spotify.com/track/6j49sHliDlC9FtJSYjj5eU
2023-01-28T16:59:29Z,drive ME crazy!,"Lil Yachty, Diana Gordon",Let’s Start Here.,6luBKkFUt5wTwz7hpLhp12,https://open.spotify.com/track/6luBKkFUt5wTwz7hpLhp12
2023-01-24T20:13:07Z,Señora Diana La Ví,"Eduardo Mateo, Diane Denoir",El Tartamudo,1WHun58cINB7qnT60KcHtQ,https://open.spotify.com/track/1WHun58cINB7qnT60KcHtQ
2023-01-14T02:12:32Z,Spending Addiction,Gunna,Drip Season 3 (Deluxe),5diN5Ht0cc3B7iAbYde8i3,https://open.spotify.com/track/5diN5Ht0cc3B7iAbYde8i3
2023-01-14T00:51:13Z,Jasmine - Demo,Jai Paul,Leak 04-13 (Bait Ones),44LAHDPaM5dvkmmD5w1W84,https://open.spotify.com/track/44LAHDPaM5dvkmmD5w1W84
2022-12-26T00:39:17Z,TRAP LORD,SlimeGoon9,TRAP LORD,2wYQosEhlgO2sG8H3SPrmM,https://open.spotify.com/track/2wYQosEhlgO2sG8H3SPrmM
2022-12-15T14:05:22Z,Walk Em Down (Don't Kill Civilians) [with 21 Savage & feat. Mustafa],"Metro Boomin, 21 Savage, Mustafa",HEROES & VILLAINS,1UsQe17Ef7tV1ahFqHEFR3,https://open.spotify.com/track/1UsQe17Ef7tV1ahFqHEFR3
2022-12-09T15:08:30Z,Open Arms (feat. Travis Scott),"SZA, Travis Scott",SOS,0xaFw2zDYf1rIJWl2dXiSF,https://open.spotify.com/track/0xaFw2zDYf1rIJWl2dXiSF
2022-12-08T03:18:32Z,Soul Tie,"Ajani Jones, Core REX, S-O-S",Soul Tie,6rDi6J47Xv5UFBy9o7GMpe,https://open.spotify.com/track/6rDi6J47Xv5UFBy9o7GMpe
2022-12-02T19:57:04Z,Niagara Falls (Foot or 2) [with Travis Scott & 21 Savage],"Metro Boomin, Travis Scott, 21 Savage",HEROES & VILLAINS,5XJWEh8huqG0l9RgRyArtv,https://open.spotify.com/track/5XJWEh8huqG0l9RgRyArtv
2022-12-02T19:43:52Z,Trance (with Travis Scott & Young Thug),"Metro Boomin, Travis Scott, Young Thug",HEROES & VILLAINS,7Ap7Fpqnh2BUQBQxbLEC9I,https://open.spotify.com/track/7Ap7Fpqnh2BUQBQxbLEC9I
2022-12-01T20:07:34Z,Fake Luv,Babyface Ray,For You,288pVCIQNp4QkhqaUh93ix,https://open.spotify.com/track/288pVCIQNp4QkhqaUh93ix
2022-11-30T20:51:27Z,One Minute (feat. Lucki),"Tony Seltzer, LUCKI",Hey Tony,4Fi3d1arsluud607gTW16z,https://open.spotify.com/track/4Fi3d1arsluud607gTW16z
2022-11-30T20:43:32Z,Draw Down,"Rich Homie Quan, Young Thug",We Are the South,0FmhekFUKySairxOND7Nsp,https://open.spotify.com/track/0FmhekFUKySairxOND7Nsp
2022-11-30T20:42:05Z,30 Boppa,EST Gee,I Still Dont Feel Nun,3JF5uKi0M1RPLnji4QAQMO,https://open.spotify.com/track/3JF5uKi0M1RPLnji4QAQMO
2022-11-30T20:39:14Z,Hit a Lick (feat. Playboi Carti),"Harry Fraud, Playboi Carti",The Coast,7vkY3SXqcytzGs5wuJHL5S,https://open.spotify.com/track/7vkY3SXqcytzGs5wuJHL5S
2022-11-25T13:11:34Z,MYSELF,"K$upreme, evilgiane",Surf Da World,5HyMn0GaqpUnyAaD4AhjjH,https://open.spotify.com/track/5HyMn0GaqpUnyAaD4AhjjH
2022-11-25T13:11:31Z,Queen Latifah,Slimesito,Scarface Sito,722H4pyqrEbE9DhbBtU3Xp,https://open.spotify.com/track/722H4pyqrEbE9DhbBtU3Xp
2022-11-25T13:08:21Z,Apollo,Slimesito,Vida BraZy,1nVi9rPxGioZb8AawJZwkM,https://open.spotify.com/track/1nVi9rPxGioZb8AawJZwkM
2022-11-25T13:04:59Z,Plato o Plomo,"Slimesito, Dolan Beatz",Out On Bond,41FZRVpQRi9naQWHvQ19rL,https://open.spotify.com/track/41FZRVpQRi9naQWHvQ19rL
2022-11-25T13:02:08Z,Foreign shooter,Slimesito,Scarface Sito,2tIIRaV0hCh297KeYuLyCm,https://open.spotify.com/track/2tIIRaV0hCh297KeYuLyCm
2022-11-25T12:59:15Z,Same Shit,Slimesito,Same Shit,11ySO90xb3U71cZkT9O6iH,https://open.spotify.com/track/11ySO90xb3U71cZkT9O6iH
2022-11-25T12:59:11Z,Queen Latifah,Slimesito,Scarface Sito,3EcFEq1cxpIG7y4Gy0Gm6a,https://open.spotify.com/track/3EcFEq1cxpIG7y4Gy0Gm6a
2022-11-25T12:59:06Z,Foreign shooter,Slimesito,Scarface Sito,2XBMS85MDJ4mOpvuoiWdms,https://open.spotify.com/track/2XBMS85MDJ4mOpvuoiWdms
2022-11-24T04:05:51Z,Slay Like Santa,Kodak Black,Kutthroat Bill: Vol. 1,3Kj9pwFxtYXEQR4ZsZg3NU,https://open.spotify.com/track/3Kj9pwFxtYXEQR4ZsZg3NU
2022-11-24T03:47:29Z,Everybody,Real Boston Richey,Public Housing,4R77VQSII5rk2MZXxtYQbU,https://open.spotify.com/track/4R77VQSII5rk2MZXxtYQbU
2022-11-24T02:21:53Z,I Want You (with Future),"Real Boston Richey, Future",Public Housing,30pBgahZNXNLvtQVi5HUxQ,https://open.spotify.com/track/30pBgahZNXNLvtQVi5HUxQ
2022-11-24T02:18:56Z,Bullseye 2 (with Future),"Real Boston Richey, Future",Public Housing,1glNxnW018oGrJoYRHQV9Q,https://open.spotify.com/track/1glNxnW018oGrJoYRHQV9Q
2022-11-24T02:15:20Z,Keep Dissing 2 (with Lil Durk),"Real Boston Richey, Lil Durk",Public Housing,3JFUEyfKdoCzAd2Gjj1dZZ,https://open.spotify.com/track/3JFUEyfKdoCzAd2Gjj1dZZ
2022-11-18T19:07:45Z,One Blood,Slimesito,Dedication,1BOB4RRI6DjwUM4Ey7ynRG,https://open.spotify.com/track/1BOB4RRI6DjwUM4Ey7ynRG
2022-11-16T05:15:51Z,Just Like Me - Sped Up,Summer Walker,Last Day Of Summer (Sped Up),6TKQTbGwdePkDTEOqb60U2,https://open.spotify.com/track/6TKQTbGwdePkDTEOqb60U2
2022-11-16T04:51:42Z,Shame - Sped Up,Summer Walker,Last Day Of Summer (Sped Up),0h9GRF6sk6ryhOmqp5V3yh,https://open.spotify.com/track/0h9GRF6sk6ryhOmqp5V3yh
2022-11-12T22:33:07Z,From My Heart And My Soul (feat. Tarriona Tank Ball & Phoelix),"Terrace Martin, Robert Glasper, 9th Wonder, Kamasi Washington, Dinner Party, Tarriona 'Tank' Ball, Phoelix",Dinner Party: Dessert,1G3T5V2s3fKF0jhSjr2ZjQ,https://open.spotify.com/track/1G3T5V2s3fKF0jhSjr2ZjQ
2022-11-11T14:01:42Z,Lock It Up,"Nascent, Duckwrth, Saba",Minus The Bullshit Life's Great,1GIKDc28Z95bWSIXgkr3y3,https://open.spotify.com/track/1GIKDc28Z95bWSIXgkr3y3
2022-11-06T04:35:55Z,LIMB,Planet Giza,Don't Throw Rocks At The Moon,5RG1HRQocUAafoCrGd9lY5,https://open.spotify.com/track/5RG1HRQocUAafoCrGd9lY5
2022-11-06T04:33:47Z,13,LUCKI,FLAWLESS LIKE ME,2ZqfDTYlf3Qc0M1L2FYLyb,https://open.spotify.com/track/2ZqfDTYlf3Qc0M1L2FYLyb
2022-11-06T04:29:53Z,Gold Man,Maxo,SMILE,7MzTgNWj3HVpFNMXnY3fmk,https://open.spotify.com/track/7MzTgNWj3HVpFNMXnY3fmk
2022-11-06T04:22:20Z,Piggypink,Hotel Ugly,Piggypink,7oe04qLMdQxHXhcGIfShXf,https://open.spotify.com/track/7oe04qLMdQxHXhcGIfShXf
2022-11-06T04:18:52Z,HANG LOW (feat. James Robinson),"BLK ODYSSY, James Robinson",BLK VINTAGE,5nR6MBAFCdusf8C3BZGtop,https://open.spotify.com/track/5nR6MBAFCdusf8C3BZGtop
2022-11-06T03:42:07Z,Someone New,Sonder,Too Late To Die Young,6uYf05g0HXNsjB1JEhaaVl,https://open.spotify.com/track/6uYf05g0HXNsjB1JEhaaVl
2022-11-06T03:42:06Z,Break You Off,Sonder,Too Late To Die Young,3ijLtvQmoX17q1wTgU7SiI,https://open.spotify.com/track/3ijLtvQmoX17q1wTgU7SiI
2022-11-06T03:42:05Z,Indonesian Fantasies,Sonder,Too Late To Die Young,3NktF1rRdORH8FH3p8wKp3,https://open.spotify.com/track/3NktF1rRdORH8FH3p8wKp3
2022-11-06T03:42:03Z,Mad Riches,Sonder,Too Late To Die Young,0vA6Nhloi5UX2jmqX5Tvk9,https://open.spotify.com/track/0vA6Nhloi5UX2jmqX5Tvk9
2022-11-06T03:41:55Z,Make Me Stay,Sonder,Too Late To Die Young,3REQkt60mafExNVnJehMdL,https://open.spotify.com/track/3REQkt60mafExNVnJehMdL
2022-11-05T19:09:09Z,Pussy and Drank (with Lil Uzi Vert),"Lil Double 0, Lil Uzi Vert",Walk Down World,1XNqOTLYHqrfswebcBpI0B,https://open.spotify.com/track/1XNqOTLYHqrfswebcBpI0B
2022-11-05T18:56:59Z,GTA,Lil Double 0,Walk Down World,7CnVXXmrX3nakVKPZrdfok,https://open.spotify.com/track/7CnVXXmrX3nakVKPZrdfok
2022-11-05T15:31:06Z,Privileged Rappers,"Drake, 21 Savage",Her Loss,7l2nxyx7IkBX5orhkALg0V,https://open.spotify.com/track/7l2nxyx7IkBX5orhkALg0V
2022-11-05T03:49:02Z,Hunna,Nebu Kiniza,Hunna,6r3Aomddyv7Be2eUTFDt8a,https://open.spotify.com/track/6r3Aomddyv7Be2eUTFDt8a
2022-11-04T13:22:41Z,On BS,"Drake, 21 Savage",Her Loss,34tz0eDhGuFErIuW3q4mPX,https://open.spotify.com/track/34tz0eDhGuFErIuW3q4mPX
2022-11-04T13:19:53Z,Rich Flex,"Drake, 21 Savage",Her Loss,1bDbXMyjaUIooNwFE9wn0N,https://open.spotify.com/track/1bDbXMyjaUIooNwFE9wn0N
2022-11-04T13:14:09Z,Major Distribution,"Drake, 21 Savage",Her Loss,46s57QULU02Voy0Kup6UEb,https://open.spotify.com/track/46s57QULU02Voy0Kup6UEb
2022-11-04T05:14:16Z,Louphoria (with Cruza),"Smino, Cruza",Luv 4 Rent,0E1GJFHAHBQLNyh7VZqDoZ,https://open.spotify.com/track/0E1GJFHAHBQLNyh7VZqDoZ
2022-11-04T05:14:14Z,Ole Ass Kendrick,Smino,Luv 4 Rent,2qApuf4yp1c6sTMj9BJ8bo,https://open.spotify.com/track/2qApuf4yp1c6sTMj9BJ8bo
2022-11-04T04:38:47Z,"Pro Freak (with Doechii, Fatman Scoop)","Smino, Doechii, Fatman Scoop",Luv 4 Rent,16jl1W58vcK8Jd5ZGbvd5f,https://open.spotify.com/track/16jl1W58vcK8Jd5ZGbvd5f
2022-11-04T03:19:11Z,The Cut Off (feat. kiLL edward),"J. Cole, kiLL edward",KOD,3rFF7kSm5qBOOPs6ljFgPp,https://open.spotify.com/track/3rFF7kSm5qBOOPs6ljFgPp
2022-11-03T14:32:33Z,Wake Em up,Loe Shimmy,Wake Em up,2J1ADO0smbIlQYBhkR5iKU,https://open.spotify.com/track/2J1ADO0smbIlQYBhkR5iKU
2022-11-03T13:55:11Z,I Wonder,Kanye West,Graduation,7rbECVPkY5UODxoOUVKZnA,https://open.spotify.com/track/7rbECVPkY5UODxoOUVKZnA
2022-11-02T17:47:42Z,太陽さん,Ichiko Aoba,マホロボシヤ,1yycinn2WICj4UKGQ9xPjD,https://open.spotify.com/track/1yycinn2WICj4UKGQ9xPjD
2022-11-02T17:39:46Z,Pass the Water,Raé Luna,Pass the Water,2NHw5FlH9SCmJGk7HtQJKP,https://open.spotify.com/track/2NHw5FlH9SCmJGk7HtQJKP
2022-11-01T03:56:27Z,All Of Us (Ashawo),Fireboy DML,Playboy,6459gZKddpOoPIH8PAcCwS,https://open.spotify.com/track/6459gZKddpOoPIH8PAcCwS
2022-10-31T17:14:49Z,understand,Omah Lay,Boy Alone,6oOCGD2Sp9UTcDsuDz8Hdu,https://open.spotify.com/track/6oOCGD2Sp9UTcDsuDz8Hdu
2022-10-28T19:10:13Z,Pudgy (with Lil Uzi Vert),"Smino, Lil Uzi Vert",Luv 4 Rent,4oebzB09U8UoYtNnS6vTjt,https://open.spotify.com/track/4oebzB09U8UoYtNnS6vTjt
2022-10-27T00:43:13Z,3am,YoungBoy Never Broke Again,Until I Return,6Gf7OQmh3Ra5XJkF4Vug4d,https://open.spotify.com/track/6Gf7OQmh3Ra5XJkF4Vug4d
2022-10-23T18:29:01Z,All That (with Kodak Black),"G Herbo, Kodak Black",Survivor's Remorse: A Side & B Side,4pE1289TEn8kZ87N08lPOp,https://open.spotify.com/track/4pE1289TEn8kZ87N08lPOp
2022-10-23T00:24:31Z,Justine's Interlude - A COLORS SHOW,GoldLink,Justine's Interlude - A COLORS SHOW,1Ajoi45AjYqloARp5ufaVK,https://open.spotify.com/track/1Ajoi45AjYqloARp5ufaVK
2022-10-21T16:43:14Z,Just Wanna Rock,Lil Uzi Vert,Just Wanna Rock,4FyesJzVpA39hbYvcseO2d,https://open.spotify.com/track/4FyesJzVpA39hbYvcseO2d
2022-10-20T23:14:38Z,Binz,Solange,When I Get Home,7yvdp8dqmxExSJwT2fn6Xq,https://open.spotify.com/track/7yvdp8dqmxExSJwT2fn6Xq
2022-10-16T01:53:36Z,I Get Out - Live,Ms. Lauryn Hill,MTV Unplugged No. 2.0,4iwmTjkAokDyP9S51mpzQy,https://open.spotify.com/track/4iwmTjkAokDyP9S51mpzQy
2022-10-15T21:28:39Z,Mystery of Iniquity - Live,Ms. Lauryn Hill,MTV Unplugged No. 2.0,5KZwRD3KklSP73jnLoNWtF,https://open.spotify.com/track/5KZwRD3KklSP73jnLoNWtF
2022-10-15T21:00:46Z,Just Like Water - Live,Ms. Lauryn Hill,MTV Unplugged No. 2.0,4GedwOz9QDga5UI6n1wUPW,https://open.spotify.com/track/4GedwOz9QDga5UI6n1wUPW
2022-10-14T23:41:38Z,I Gotta Find Peace of Mind - Live,Ms. Lauryn Hill,MTV Unplugged No. 2.0,6ocxCGYgcmZhCeTT1yuNkt,https://open.spotify.com/track/6ocxCGYgcmZhCeTT1yuNkt
2022-10-14T17:47:55Z,G Nikes (feat. Polo G),"Nardo Wick, Polo G",Who is Nardo Wick?? (Deluxe),7asQMsxC6dNgY0inCzJC5O,https://open.spotify.com/track/7asQMsxC6dNgY0inCzJC5O
2022-10-14T12:44:01Z,California Breeze,Lil Baby,It's Only Me,6ug9fUi5oLLgQgOF1G8WkM,https://open.spotify.com/track/6ug9fUi5oLLgQgOF1G8WkM
2022-10-14T02:59:55Z,Gonna Love Me,Teyana Taylor,K.T.S.E.,3nXrCAE44KlevAkQB2XWcN,https://open.spotify.com/track/3nXrCAE44KlevAkQB2XWcN
2022-10-14T02:42:01Z,Doo Wop (That Thing),Ms. Lauryn Hill,The Miseducation of Lauryn Hill,0uEp9E98JB5awlA084uaIg,https://open.spotify.com/track/0uEp9E98JB5awlA084uaIg
2022-10-14T02:39:53Z,Can't Take My Eyes Off of You - (I Love You Baby),Ms. Lauryn Hill,The Miseducation of Lauryn Hill,2GFExyKXf9383tSRSrEHEt,https://open.spotify.com/track/2GFExyKXf9383tSRSrEHEt
2022-10-14T01:32:58Z,Forgive Them Father,Ms. Lauryn Hill,The Miseducation of Lauryn Hill,2RPhXg9D4JOkryUznL0aaB,https://open.spotify.com/track/2RPhXg9D4JOkryUznL0aaB
2022-10-14T01:25:20Z,Nothing Even Matters (feat. D'Angelo),"Ms. Lauryn Hill, D'Angelo",The Miseducation of Lauryn Hill,1Q0lOGB52skgfzdcq233vs,https://open.spotify.com/track/1Q0lOGB52skgfzdcq233vs
2022-10-14T01:19:13Z,Lost Ones,Ms. Lauryn Hill,The Miseducation of Lauryn Hill,71XhXay6rKPZCVAaDtFlSR,https://open.spotify.com/track/71XhXay6rKPZCVAaDtFlSR
2022-10-14T00:59:29Z,I Used to Love Him (feat. Mary J. Blige),"Ms. Lauryn Hill, Mary J. Blige",The Miseducation of Lauryn Hill,3IRdgbdqDcmJBIa6TY2mKX,https://open.spotify.com/track/3IRdgbdqDcmJBIa6TY2mKX
2022-10-12T16:06:07Z,Whoa,Snoh Aalegra,"- Ugh, those feels again",2E0UymXqHER6j37pBoHTC0,https://open.spotify.com/track/2E0UymXqHER6j37pBoHTC0
2022-10-12T01:18:06Z,Time,Snoh Aalegra,FEELS,3GTpHuThSwghiUEvVQCwsz,https://open.spotify.com/track/3GTpHuThSwghiUEvVQCwsz
2022-10-12T01:13:51Z,LOST YOU,Snoh Aalegra,TEMPORARY HIGHS IN THE VIOLET SKIES,26aJMMLBSOQmiC4JenVjjl,https://open.spotify.com/track/26aJMMLBSOQmiC4JenVjjl
2022-10-06T23:03:18Z,Don't Look At Numbers - Remix,"Tony Shhnow, Brent Faiyaz",Don't Look At Numbers (Remix),0dlCGUP21xlbgobhTxb3Gi,https://open.spotify.com/track/0dlCGUP21xlbgobhTxb3Gi
2022-10-05T18:46:51Z,20 Something,SZA,Ctrl,4h6ViRoztTBpWcJ1zFT9Zg,https://open.spotify.com/track/4h6ViRoztTBpWcJ1zFT9Zg
2022-10-05T02:26:45Z,Good Night,"Kanye West, Mos Def, Albe Back",Graduation,3bhyo2ED5Yd4RLydQBDtD6,https://open.spotify.com/track/3bhyo2ED5Yd4RLydQBDtD6
2022-10-04T21:30:35Z,POF,Ari Lennox,age/sex/location,1NY9g5OFUoezXeTveFYWSM,https://open.spotify.com/track/1NY9g5OFUoezXeTveFYWSM
2022-10-02T13:51:01Z,I'M ON ONE (feat. Drake),"Future, Drake",I NEVER LIKED YOU,6wyhUr4Xw8z5uSy0AhoZfU,https://open.spotify.com/track/6wyhUr4Xw8z5uSy0AhoZfU
2022-09-30T14:03:24Z,Gang Activities,Baby Keem,The Sound of Bad Habit,4Vir8uv89eNY6hovcNq4w6,https://open.spotify.com/track/4Vir8uv89eNY6hovcNq4w6
2022-09-30T14:00:57Z,SHIRT,THOTTWAT,SHIRT,3umJNfPLBiNmIsDg0Ebcuy,https://open.spotify.com/track/3umJNfPLBiNmIsDg0Ebcuy
2022-09-23T02:35:25Z,Dance Now (feat. Kenny Mason),"JID, Kenny Mason",The Forever Story,6wj7wjtegmkziorQ2tt5Pz,https://open.spotify.com/track/6wj7wjtegmkziorQ2tt5Pz
2022-09-23T02:25:47Z,III. Urn,Childish Gambino,Because the Internet,08l1JURDZhRhQsOM1OTL8w,https://open.spotify.com/track/08l1JURDZhRhQsOM1OTL8w
2022-09-22T15:21:56Z,ROLLING STONE,Brent Faiyaz,WASTELAND,0e0JshRej2NwT7jahEmv52,https://open.spotify.com/track/0e0JshRej2NwT7jahEmv52
2022-09-22T12:14:57Z,One Night Only,Sonder,One Night Only,74fQgHleHZ4V7Gm1XYcGkj,https://open.spotify.com/track/74fQgHleHZ4V7Gm1XYcGkj
2022-09-22T11:59:22Z,What You Heard,Sonder,What You Heard,3a3dQOO19moXPeTt2PomoT,https://open.spotify.com/track/3a3dQOO19moXPeTt2PomoT
2022-09-14T12:07:16Z,IYKYK,B-Lovee,My Everything,1pzr9UTpg11XWHs7Q0O8wQ,https://open.spotify.com/track/1pzr9UTpg11XWHs7Q0O8wQ
2022-08-30T04:49:11Z,Addiction,Kanye West,Late Registration,5VzeI5JM2y9t21JwrWAnkH,https://open.spotify.com/track/5VzeI5JM2y9t21JwrWAnkH
2022-08-30T04:20:43Z,Late,Kanye West,Late Registration,1mFHMzbaECWFaPfoePoEYl,https://open.spotify.com/track/1mFHMzbaECWFaPfoePoEYl
2022-08-28T00:22:24Z,Bruddanem (feat. Lil Durk),"JID, Lil Durk",The Forever Story,60pZpM5WjUBQvaQ5E37XW6,https://open.spotify.com/track/60pZpM5WjUBQvaQ5E37XW6
2022-08-19T01:59:51Z,Yale,Ken Carson,Teen X,0HTIrbUwwFn984RzVZm5Fk,https://open.spotify.com/track/0HTIrbUwwFn984RzVZm5Fk
2022-08-18T17:33:16Z,Project X,Young Nudy,EA Monster,4wXvYe4dGAFVTSgXsLP6lU,https://open.spotify.com/track/4wXvYe4dGAFVTSgXsLP6lU
2022-08-18T17:33:15Z,Duntsane,"Young Nudy, BabyDrill",EA Monster,47Wf8GWdlwZHpFx2xGHNG5,https://open.spotify.com/track/47Wf8GWdlwZHpFx2xGHNG5
2022-08-18T17:33:14Z,Ready,Young Nudy,EA Monster,0FIfh7eHZImE9PZMk1z6hS,https://open.spotify.com/track/0FIfh7eHZImE9PZMk1z6hS
2022-08-18T17:33:12Z,My Gang,Young Nudy,EA Monster,4K3uvMYzUlmexnL5BkqRTN,https://open.spotify.com/track/4K3uvMYzUlmexnL5BkqRTN
2022-08-18T17:33:10Z,Lunch Meat,Young Nudy,EA Monster,4bWByRIq2LZL7Nw7NWihbO,https://open.spotify.com/track/4bWByRIq2LZL7Nw7NWihbO
2022-08-18T17:33:09Z,Fresh As Fuck,Young Nudy,EA Monster,1lpm9Nut3Lscr1I8qqrHmU,https://open.spotify.com/track/1lpm9Nut3Lscr1I8qqrHmU
2022-08-18T17:33:08Z,Impala,Young Nudy,EA Monster,7EgThh6AbBM6nWs4XOPx2T,https://open.spotify.com/track/7EgThh6AbBM6nWs4XOPx2T
2022-08-18T17:33:06Z,KitKat,Young Nudy,EA Monster,4ZR9C9Ccf1nmEJN9765N2O,https://open.spotify.com/track/4ZR9C9Ccf1nmEJN9765N2O
2022-08-18T17:33:06Z,No Chaser,Young Nudy,EA Monster,0r1v7cbhPBSkjegyhuQt2r,https://open.spotify.com/track/0r1v7cbhPBSkjegyhuQt2r
2022-08-17T00:05:23Z,Sick of Slime,Young Nudy,EA Monster,4BWqc7XhJPFkbCvfDcAdYl,https://open.spotify.com/track/4BWqc7XhJPFkbCvfDcAdYl
2022-08-09T12:30:07Z,Nun To Do,Young Nudy,EA Monster,0dr9SDW7xx2QfrF8ys0CNZ,https://open.spotify.com/track/0dr9SDW7xx2QfrF8ys0CNZ
2022-08-01T21:46:27Z,Destiny,Bravoo Hunnidz,Destiny,3n7kpvxNdvJBAONmxDi3bn,https://open.spotify.com/track/3n7kpvxNdvJBAONmxDi3bn
2022-07-21T23:44:45Z,Can't Wait,SugarHill Keem,Can't Wait,4UzEaEabtvVY3FkIszMyrZ,https://open.spotify.com/track/4UzEaEabtvVY3FkIszMyrZ
2022-07-19T20:03:32Z,Half-Time Show,Tony Shhnow,Dis Should Hold You Over 2,1unVQcDfkl3XL6LarhoBo7,https://open.spotify.com/track/1unVQcDfkl3XL6LarhoBo7
2022-07-19T20:01:22Z,Mr. He Ain't Shit,Tony Shhnow,Da World Is Ours 3,73hBSsYtulkmayPhXSfmPn,https://open.spotify.com/track/73hBSsYtulkmayPhXSfmPn
2022-07-16T14:52:10Z,Shhh,Nardo Wick,Shhh,6jaLhbtCCj0FyIf8ddYSKw,https://open.spotify.com/track/6jaLhbtCCj0FyIf8ddYSKw
2022-07-15T23:55:57Z,Preach,Young Dolph,High Class Street Music 4: American Gangster,4tJsac9Bl2F0C30XcD6SnY,https://open.spotify.com/track/4tJsac9Bl2F0C30XcD6SnY
2022-07-13T17:14:44Z,Goin' Through It,Tony Shhnow,Da World Is Ours 2,12QosYNq9wO1VGy6txpHGN,https://open.spotify.com/track/12QosYNq9wO1VGy6txpHGN
2022-07-12T17:49:15Z,Booking,Tony Shhnow,Dis Should Hold U Over,6co9dPoDzci2VGFTKTOSlP,https://open.spotify.com/track/6co9dPoDzci2VGFTKTOSlP
2022-07-12T17:23:54Z,Top Chef Tony,Tony Shhnow,Dis Should Hold You Over 2,67fpBQgxz2lZZubaYoXUn4,https://open.spotify.com/track/67fpBQgxz2lZZubaYoXUn4
2022-07-12T17:18:02Z,FuckWitcha,Tony Shhnow,Dis Should Hold You Over 2,2IJZBuEliHsA9oKkoef71E,https://open.spotify.com/track/2IJZBuEliHsA9oKkoef71E
2022-07-12T17:13:05Z,Can't Go,"Tony Shhnow, 10kdunkin",Can't Go,4mZDh50UtE9mQCkTP5smDg,https://open.spotify.com/track/4mZDh50UtE9mQCkTP5smDg
2022-07-12T17:06:38Z,Fye Up Da Kush,Tony Shhnow,Reflexions,09espL6WGBCE5CzPOYoKfV,https://open.spotify.com/track/09espL6WGBCE5CzPOYoKfV
2022-07-12T17:04:15Z,Vet,Tony Shhnow,Da World Is Ours 3,3iGicWZjOWrXXgRE4UcYJL,https://open.spotify.com/track/3iGicWZjOWrXXgRE4UcYJL
2022-07-12T17:03:38Z,Summer Off Relaxxx,Tony Shhnow,Reflexions,0zdhcrcxLHBzUG6FXrx4HO,https://open.spotify.com/track/0zdhcrcxLHBzUG6FXrx4HO
2022-07-12T16:55:11Z,real runtz,"Cashcache!, Tony Shhnow",real runtz,7ycLRIVfn3cJ6S9p2g5x4t,https://open.spotify.com/track/7ycLRIVfn3cJ6S9p2g5x4t
2022-07-10T19:45:43Z,Light It Up,Young Thug,So Much Fun (Deluxe),2G1O1E91aRpIX5r6ngW51V,https://open.spotify.com/track/2G1O1E91aRpIX5r6ngW51V
2022-07-10T19:41:50Z,Jumped Out the Window,Young Thug,So Much Fun (Deluxe),1t3RWEeRtnHCIpx8HYWqzS,https://open.spotify.com/track/1t3RWEeRtnHCIpx8HYWqzS
2022-07-02T16:51:54Z,Vette Motors,YoungBoy Never Broke Again,Vette Motors,02Cj2MSlERvamTj5A7Zi0P,https://open.spotify.com/track/02Cj2MSlERvamTj5A7Zi0P
2022-06-22T12:34:40Z,Watchu Sayin',YoungBoy Never Broke Again,Mind of a Menace 3 (Reloaded),5xCn5jEPuDKlHYykUJTr6D,https://open.spotify.com/track/5xCn5jEPuDKlHYykUJTr6D
2022-06-22T10:27:53Z,THE SUN (Prod. Gesaffelstein),"KayCyy, Gesaffelstein",TW20 50,2OEKjBfuCdVPLLUgUf90ZM,https://open.spotify.com/track/2OEKjBfuCdVPLLUgUf90ZM
2022-06-21T00:57:31Z,Dedication,No Savage,Dedication,4Itf12mZsaYJ1DhXBIzggy,https://open.spotify.com/track/4Itf12mZsaYJ1DhXBIzggy
2022-06-20T22:55:18Z,Surfin',No Savage,Surfin',67qeWiMYW0SojdFfMNlV1I,https://open.spotify.com/track/67qeWiMYW0SojdFfMNlV1I
2022-06-17T11:32:28Z,U-Digg (feat. 42 Dugg & Veeze),"Lil Baby, 42 Dugg, Veeze",U-Digg (feat. 42 Dugg & Veeze),0b7UwotRCrS7qBoLDjfvSY,https://open.spotify.com/track/0b7UwotRCrS7qBoLDjfvSY
2022-06-17T11:27:29Z,Sticky,Drake,"Honestly, Nevermind",4rmVZajAF7PkrCagGPHbqa,https://open.spotify.com/track/4rmVZajAF7PkrCagGPHbqa
2022-06-17T11:19:49Z,Calling My Name,Drake,"Honestly, Nevermind",7sT7kZEYd1MrmzLLIRVZas,https://open.spotify.com/track/7sT7kZEYd1MrmzLLIRVZas
2022-06-17T05:44:29Z,The Highs & The Lows,"Chance the Rapper, Joey Bada$$",The Highs & The Lows,7DKJP7ksSaJn4YyBkcBDii,https://open.spotify.com/track/7DKJP7ksSaJn4YyBkcBDii
2022-06-17T05:42:47Z,Jimmy Cooks (feat. 21 Savage),"Drake, 21 Savage","Honestly, Nevermind",3F5CgOj3wFlRv51JsHbxhe,https://open.spotify.com/track/3F5CgOj3wFlRv51JsHbxhe
2022-06-14T04:07:51Z,Yao Ming,Gunna,Drip or Drown 2,5bWYPkdp7tPbp1dhE9AX43,https://open.spotify.com/track/5bWYPkdp7tPbp1dhE9AX43
2022-06-10T23:20:53Z,Shit Bag,Tae Dawg,Dawgprint 2,6DmiQp7k2jJpbBLClljXXO,https://open.spotify.com/track/6DmiQp7k2jJpbBLClljXXO
2022-06-10T23:20:47Z,Set It Off,Tae Dawg,Ooze God,6bnnD6gGEXs1V1vna16gdD,https://open.spotify.com/track/6bnnD6gGEXs1V1vna16gdD
2022-06-05T12:46:04Z,understand,Omah Lay,understand,6teW0qt23aGnWhC0rSvtoz,https://open.spotify.com/track/6teW0qt23aGnWhC0rSvtoz
2022-06-03T01:11:41Z,Rich - Interlude,Kendrick Lamar,Mr. Morale & The Big Steppers,15pyFQHCTVp6T7vaWctSgO,https://open.spotify.com/track/15pyFQHCTVp6T7vaWctSgO
2022-06-03T00:55:52Z,Sewed,Tony Shhnow,Sewed,7oku6ndwSh6WfMShlKyN3M,https://open.spotify.com/track/7oku6ndwSh6WfMShlKyN3M
2022-06-01T11:19:24Z,Nun To Me 2,Kankan,Nun To Me 2,4sFgIu8crDuYFB5D9rPnwc,https://open.spotify.com/track/4sFgIu8crDuYFB5D9rPnwc
2022-06-01T11:17:11Z,S0what,Kankan,S0what,4r6FUn1zqEPb8nWuqWxNFt,https://open.spotify.com/track/4r6FUn1zqEPb8nWuqWxNFt
2022-06-01T02:38:28Z,Wokeup,Kankan,Wokeup,3jM9VzF2d1AMUyTD8sTmPu,https://open.spotify.com/track/3jM9VzF2d1AMUyTD8sTmPu
2022-06-01T02:36:46Z,amg,TINO,"sincerely, yours",4lEnhoppG4aOY3WTE5zoVL,https://open.spotify.com/track/4lEnhoppG4aOY3WTE5zoVL
2022-05-28T21:17:22Z,True Love,"Kanye West, XXXTENTACION",True Love,06JvOZ39sK8D8SqiqfaxDU,https://open.spotify.com/track/06JvOZ39sK8D8SqiqfaxDU
2022-05-28T18:18:44Z,Sade,"Hugo Joe, MexikoDro",Hugo Dro,3QomsZxxIoQD0YQcBWaL3u,https://open.spotify.com/track/3QomsZxxIoQD0YQcBWaL3u
2022-05-28T18:06:09Z,Dummy Boy,Thouxanbanfauni,The Lost Files,6TKOBm1J5gKoo3qe7x9b9n,https://open.spotify.com/track/6TKOBm1J5gKoo3qe7x9b9n
2022-05-28T00:42:55Z,Motion,"Jelly, Pi’erre Bourne",Wolf of Peachtree 2,2DXh0WgB4RpLODDJ77Gmmq,https://open.spotify.com/track/2DXh0WgB4RpLODDJ77Gmmq
2022-05-25T01:38:52Z,Father Time (feat. Sampha),"Kendrick Lamar, Sampha",Mr. Morale & The Big Steppers,4xIhSUJantE6BMl3u8dtCJ,https://open.spotify.com/track/4xIhSUJantE6BMl3u8dtCJ
2022-05-25T01:35:36Z,GOLD STACKS,Future,I NEVER LIKED YOU,1Ijpng3ZLhTRcEd8iqh4p4,https://open.spotify.com/track/1Ijpng3ZLhTRcEd8iqh4p4
2022-05-25T00:18:59Z,One Helluva Night,Future,"The Dab Chronicles, Vol. 1",4U3GckLn3uL7mVFEV48lGk,https://open.spotify.com/track/4U3GckLn3uL7mVFEV48lGk
2022-05-24T13:41:43Z,I know My Love Is Crack,KYSLINGO,I know My Love Is Crack,20gFHqBnNOBBVT1ZRotrQm,https://open.spotify.com/track/20gFHqBnNOBBVT1ZRotrQm
2022-05-24T13:33:54Z,The Law of Recognition,KYSLINGO,The Law of Recognition,4DPYOF6Tvptit1xDUbOo8o,https://open.spotify.com/track/4DPYOF6Tvptit1xDUbOo8o
2022-05-23T23:51:18Z,Die Hard,"Kendrick Lamar, Blxst, Amanda Reifer",Mr. Morale & The Big Steppers,6gI9b2VsoWhjhIuIeToDVs,https://open.spotify.com/track/6gI9b2VsoWhjhIuIeToDVs
2022-05-23T14:16:56Z,Hold On,"SBTRKT, Sampha",SBTRKT (Deluxe Version),47GsUibP7RiUL7SQ7YFfhu,https://open.spotify.com/track/47GsUibP7RiUL7SQ7YFfhu
2022-05-23T14:05:08Z,Don't Touch My Hair (feat. Sampha),"Solange, Sampha",A Seat at the Table,2TyCAfhwu5tRqFW8VnGMIL,https://open.spotify.com/track/2TyCAfhwu5tRqFW8VnGMIL
2022-05-23T13:10:11Z,(No One Knows Me) Like the Piano,Sampha,Process (Bonus Edition),2UBwvSk8tTMqydEdWsfBb8,https://open.spotify.com/track/2UBwvSk8tTMqydEdWsfBb8
2022-05-23T13:06:27Z,Desoleil (Brilliant Corners),"Loyle Carner, Sampha","Not Waving, But Drowning",5rYTMjVkGioNF4MpSQISlg,https://open.spotify.com/track/5rYTMjVkGioNF4MpSQISlg
2022-05-22T19:10:52Z,fent,Kankan Archive,fent,5a3tG2GuzilFM8vpRpEQUJ,https://open.spotify.com/track/5a3tG2GuzilFM8vpRpEQUJ
2022-05-22T19:10:47Z,AP Skelly,Kankan,AP Skelly,5vkaP9pimTrWNd1C0bSk3W,https://open.spotify.com/track/5vkaP9pimTrWNd1C0bSk3W
2022-05-21T20:33:39Z,Shut up My Moms Calling,Hotel Ugly,Shut up My Moms Calling,3hxIUxnT27p5WcmjGUXNwx,https://open.spotify.com/track/3hxIUxnT27p5WcmjGUXNwx
2022-05-21T01:54:21Z,Home,Brent Faiyaz,Sonder Son,34JL3n6rUwQbuDCYl43ozx,https://open.spotify.com/track/34JL3n6rUwQbuDCYl43ozx
2022-05-16T23:35:34Z,TRAP HARD,"Cheecho, MoneyMarr",CHEECHO ONA BEAT VOL. 2 [OVERTIME],6pPgjAc0TMGlNSKhKOJYAt,https://open.spotify.com/track/6pPgjAc0TMGlNSKhKOJYAt
2022-05-16T23:32:44Z,Carmen Electra,Lil Gray,10B410,4mNkSCr0UGJHLbcscUHalE,https://open.spotify.com/track/4mNkSCr0UGJHLbcscUHalE
2022-05-16T23:25:27Z,January 14th,Lil Gray,10B410,7bLBeqNtK9zaxfSWV1q35m,https://open.spotify.com/track/7bLBeqNtK9zaxfSWV1q35m
2022-05-16T22:35:01Z,Mr. T,Westside Gunn,FLYGOD,07ZC0qJ896Hc3VPPPq1ckD,https://open.spotify.com/track/07ZC0qJ896Hc3VPPPq1ckD
2022-05-16T22:30:12Z,God Hands,evilbabyjoker,Gravedigger,2hXow7OWwnSq6FqSiabOzC,https://open.spotify.com/track/2hXow7OWwnSq6FqSiabOzC
2022-05-15T14:38:07Z,United In Grief,Kendrick Lamar,Mr. Morale & The Big Steppers,05zd5Nv0e02ZqrlC8A2cwx,https://open.spotify.com/track/05zd5Nv0e02ZqrlC8A2cwx
2022-05-13T23:31:46Z,Silent Hill,"Kendrick Lamar, Kodak Black",Mr. Morale & The Big Steppers,3tYTyAt1q6BFBiGyYVOLhi,https://open.spotify.com/track/3tYTyAt1q6BFBiGyYVOLhi
2022-05-13T04:32:02Z,N95,Kendrick Lamar,Mr. Morale & The Big Steppers,2FeBslNBMdR9V58uv6hd2t,https://open.spotify.com/track/2FeBslNBMdR9V58uv6hd2t
2022-05-12T15:10:37Z,Serial Killers,Gucci Mane,Serial Killers,5KcZNsrl7PMIxJ2xBbTwH3,https://open.spotify.com/track/5KcZNsrl7PMIxJ2xBbTwH3
2022-05-12T15:00:53Z,LIKE ME (feat. 42 Dugg & Lil Baby),"Future, 42 Dugg, Lil Baby",I NEVER LIKED YOU,3gOL6mYIq19Oq8raxIntrV,https://open.spotify.com/track/3gOL6mYIq19Oq8raxIntrV
2022-05-12T14:53:53Z,A.D.H.D,Kendrick Lamar,Section.80,2Fw5S2gaOSZzdN5dFoC2dj,https://open.spotify.com/track/2Fw5S2gaOSZzdN5dFoC2dj
2022-05-08T14:24:06Z,2019,"LUCKI, F1LTHY",WAKE UP LUCKI,0qYotAhNzAECQYzv411A2C,https://open.spotify.com/track/0qYotAhNzAECQYzv411A2C
2022-05-07T16:58:51Z,D.M.B.,A$AP Rocky,D.M.B.,7IBLt4Qarf4JDLxIQDv2O5,https://open.spotify.com/track/7IBLt4Qarf4JDLxIQDv2O5
2022-05-05T16:57:07Z,Influential,Money Man,Whale Games,7vqpYEVxYy4j80c3R0KGu9,https://open.spotify.com/track/7vqpYEVxYy4j80c3R0KGu9
2022-05-05T16:57:06Z,Presale,Money Man,Whale Games,7dBxQ9hMReHMfeqQiQQsET,https://open.spotify.com/track/7dBxQ9hMReHMfeqQiQQsET
2022-05-05T16:53:44Z,Misbehave,Money Man,Whale Games,07oCLzHnMg3I2bkmJKk5TV,https://open.spotify.com/track/07oCLzHnMg3I2bkmJKk5TV
2022-05-03T17:57:16Z,MASSAGING ME,Future,I NEVER LIKED YOU,2tzgSUZOUKopYbRqQOVT8X,https://open.spotify.com/track/2tzgSUZOUKopYbRqQOVT8X
2022-05-03T17:57:15Z,CHICKENS (feat. EST Gee),"Future, EST Gee",I NEVER LIKED YOU,53wBhj706wDMNuBj4FJ0RI,https://open.spotify.com/track/53wBhj706wDMNuBj4FJ0RI
2022-05-03T17:40:56Z,PUFFIN ON ZOOTIEZ,Future,I NEVER LIKED YOU,1qMMYpVatbRITKCfq1gasi,https://open.spotify.com/track/1qMMYpVatbRITKCfq1gasi
2022-05-03T17:39:21Z,FOR A NUT (feat. Gunna & Young Thug),"Future, Gunna, Young Thug",I NEVER LIKED YOU,7HCX1Ch3mklJyEdpwPZBFW,https://open.spotify.com/track/7HCX1Ch3mklJyEdpwPZBFW
2022-05-03T17:39:20Z,KEEP IT BURNIN (feat. Kanye West),"Future, Kanye West",I NEVER LIKED YOU,7rWCWzPRftzZTZtIyQtaDU,https://open.spotify.com/track/7rWCWzPRftzZTZtIyQtaDU
2022-05-03T17:00:13Z,HOLY GHOST,Future,I NEVER LIKED YOU,7EBg0P4VY9IHBF5hq6WQZS,https://open.spotify.com/track/7EBg0P4VY9IHBF5hq6WQZS
2022-04-25T17:33:43Z,What The Business Is,Babyface Ray,What The Business Is,06ihctSDGmw0mHuJfFpQOQ,https://open.spotify.com/track/06ihctSDGmw0mHuJfFpQOQ
2022-04-25T03:22:46Z,Neck & Wrist (feat. JAY-Z & Pharrell),"Pusha T, JAŸ-Z, Pharrell Williams",Neck & Wrist,5QNW6Vx14N4OfJ7D0eDg0d,https://open.spotify.com/track/5QNW6Vx14N4OfJ7D0eDg0d
2022-04-25T03:14:17Z,Scrape It Off (feat. Lil Uzi Vert & Don Toliver),"Pusha T, Lil Uzi Vert, Don Toliver",It's Almost Dry,1dp8aQANyTRKssDeAYPiZe,https://open.spotify.com/track/1dp8aQANyTRKssDeAYPiZe
2022-04-22T09:58:30Z,Rumors (feat. Lil Durk),"Gucci Mane, Lil Durk",Rumors (feat. Lil Durk),0P2P1AxcRYhiZvoF5MyRmM,https://open.spotify.com/track/0P2P1AxcRYhiZvoF5MyRmM
2022-04-17T08:55:35Z,just cant,Summrs,What We Have,4DCSx7XCBxYWuc71WL02j2,https://open.spotify.com/track/4DCSx7XCBxYWuc71WL02j2
2022-04-16T13:59:03Z,Stereotypes,Pi’erre Bourne,The Life Of Pi'erre 4,1d76hlMQg2Tv3jkjKa5p1q,https://open.spotify.com/track/1d76hlMQg2Tv3jkjKa5p1q
2022-04-16T13:28:52Z,Be Mine,Pi’erre Bourne,The Life Of Pi'erre 4,0NwB7Ls95xRu0ksPJpWJ4j,https://open.spotify.com/track/0NwB7Ls95xRu0ksPJpWJ4j
2022-04-12T01:53:19Z,RUNITUP (feat. Teezo Touchdown),"Tyler, The Creator, Teezo Touchdown",CALL ME IF YOU GET LOST,13HsOwrwTA5HgLuoaDHncP,https://open.spotify.com/track/13HsOwrwTA5HgLuoaDHncP
2022-04-12T01:46:33Z,Technically,Teezo Touchdown,Technically,3cRJJrseMqnpMolWPIXT44,https://open.spotify.com/track/3cRJJrseMqnpMolWPIXT44
2022-04-11T17:43:21Z,In A Minute,Lil Baby,In A Minute,3ihIZrJreMJPjQdNLrEXnP,https://open.spotify.com/track/3ihIZrJreMJPjQdNLrEXnP
2022-04-11T17:40:05Z,Right On,Lil Baby,Right On,6ws54n2IzyrIxxyzlG2bVJ,https://open.spotify.com/track/6ws54n2IzyrIxxyzlG2bVJ
2022-04-10T19:02:55Z,Thousand Ways,"Jay Critch, Harry Fraud",Thousand Ways,1NCDavTL2N6ZIN9YvUsNcy,https://open.spotify.com/track/1NCDavTL2N6ZIN9YvUsNcy
2022-04-10T18:33:05Z,Redstripe Rhapsody,LAUSSE THE CAT,Redstripe Rhapsody,2H7Nwzydg8ZusjdWkYqsHy,https://open.spotify.com/track/2H7Nwzydg8ZusjdWkYqsHy
2022-04-09T13:33:17Z,In A Minute,Lil Baby,In A Minute,1NuSpnS3CoKjCXzrphTTZx,https://open.spotify.com/track/1NuSpnS3CoKjCXzrphTTZx
2022-04-06T05:13:20Z,Hijo de Negro,BashfortheWorld,"Me, Myself & I, Vol. 2",7GBQ2B61UTGJJ1wvKGM7eS,https://open.spotify.com/track/7GBQ2B61UTGJJ1wvKGM7eS
2022-04-05T18:52:19Z,Nail Tech,Jack Harlow,Nail Tech,62Yo3FDddWY8ydu6PW2wyz,https://open.spotify.com/track/62Yo3FDddWY8ydu6PW2wyz
2022-04-05T18:52:15Z,Let's Get It (Remix) [feat. 21 Savage],"Hunxho, 21 Savage",Let's Get It (Remix) [feat. 21 Savage],1NVp7VnSVUJalgIBCIkh0w,https://open.spotify.com/track/1NVp7VnSVUJalgIBCIkh0w
2022-04-03T21:46:58Z,Aztec Baby,BashfortheWorld,"Me, Myself & I, Vol. 2",3mFUT3htL33jM1yu5FvNhM,https://open.spotify.com/track/3mFUT3htL33jM1yu5FvNhM
2022-04-03T03:49:59Z,50-0,BashfortheWorld,"Me, Myself & I",1Smhzk6DHo8aR11SkZAtEY,https://open.spotify.com/track/1Smhzk6DHo8aR11SkZAtEY
2022-04-01T09:48:26Z,Petty Too (feat. Future),"Lil Durk, Future",7220,0VlpgNPHWCyh8xxLcaK2fp,https://open.spotify.com/track/0VlpgNPHWCyh8xxLcaK2fp
2022-04-01T09:45:04Z,Jozi Flows (with Bas & EARTHGANG),"Dreamville, Bas, EARTHGANG",D-Day: A Gangsta Grillz Mixtape,0T7zFfMGZ5rQEH4VPbNJln,https://open.spotify.com/track/0T7zFfMGZ5rQEH4VPbNJln
2022-04-01T09:40:29Z,Like Wine (with Lute),"Dreamville, Lute",D-Day: A Gangsta Grillz Mixtape,2hflEM2ceD3eYZvxglqo5S,https://open.spotify.com/track/2hflEM2ceD3eYZvxglqo5S
2022-04-01T09:38:14Z,Blackberry Sap (with Ari Lennox),"Dreamville, Ari Lennox",D-Day: A Gangsta Grillz Mixtape,5xpU73nutoJizKpX3TZRhS,https://open.spotify.com/track/5xpU73nutoJizKpX3TZRhS
2022-04-01T09:36:58Z,Freedom of Speech (with J. Cole),"Dreamville, J. Cole",D-Day: A Gangsta Grillz Mixtape,5pQZullzXsixizZmBcmXhy,https://open.spotify.com/track/5pQZullzXsixizZmBcmXhy
2022-04-01T09:31:43Z,Coming Down (with Ari Lennox),"Dreamville, Ari Lennox",D-Day: A Gangsta Grillz Mixtape,3p2HpO3ZgvFs97L15hGZOn,https://open.spotify.com/track/3p2HpO3ZgvFs97L15hGZOn
2022-04-01T09:30:34Z,Ghetto Gods Freestyle (with EARTHGANG feat. 2 Chainz),"Dreamville, EARTHGANG, 2 Chainz",D-Day: A Gangsta Grillz Mixtape,7Gn7HA4yOHKXDo6vHCiNXV,https://open.spotify.com/track/7Gn7HA4yOHKXDo6vHCiNXV
2022-04-01T05:38:20Z,Darkest Before Dawn,BashfortheWorld,"Me, Myself & I",4RIdKsqdglJ5JqTG8kTvw7,https://open.spotify.com/track/4RIdKsqdglJ5JqTG8kTvw7
2022-03-29T00:33:01Z,Fukit,Yeat,Trëndi,2QJLqxLXlzMiApFS6eBY4G,https://open.spotify.com/track/2QJLqxLXlzMiApFS6eBY4G
2022-03-26T16:13:23Z,Child of God,Chance the Rapper,Child of God,0oGl8U34a4tiAZPj5MMI2e,https://open.spotify.com/track/0oGl8U34a4tiAZPj5MMI2e
2022-03-13T21:24:38Z,Super Urus,LUCKI,Super Urus,4d1MKNhs76Fsrnjz9u16zb,https://open.spotify.com/track/4d1MKNhs76Fsrnjz9u16zb
2022-03-10T18:09:00Z,Mob,Babyface Ray,FACE,4kb1f7Tph4ZnWcl2ofPIU7,https://open.spotify.com/track/4kb1f7Tph4ZnWcl2ofPIU7
2022-03-02T03:59:54Z,Grace (feat. 42 Dugg),"Lil Baby, 42 Dugg",My Turn,01JMnRUs2YOK6DDpdQASGY,https://open.spotify.com/track/01JMnRUs2YOK6DDpdQASGY
2022-03-01T04:00:19Z,U Sellin Dope (With Future),"Lil Double 0, Future",U Sellin Dope (With Future),5vYkdmIoJOhMnaKXKwgMvb,https://open.spotify.com/track/5vYkdmIoJOhMnaKXKwgMvb
2022-02-25T05:36:10Z,WORST DAY,Future,WORST DAY,70pwY1UfPmSVE3ybPjFy0p,https://open.spotify.com/track/70pwY1UfPmSVE3ybPjFy0p
2022-02-24T22:37:00Z,Dr. Suess,Ski Mask The Slump God,Sin City The Mixtape,4nFAUqFou9ZbWNho3jeY1h,https://open.spotify.com/track/4nFAUqFou9ZbWNho3jeY1h
2022-02-24T00:44:17Z,I Wish,Kodak Black,I Wish,5c5jh86Kat4XkgycuKsDqp,https://open.spotify.com/track/5c5jh86Kat4XkgycuKsDqp
2022-02-23T19:37:18Z,No More,Zona Man,No Advance 2,4fNcbNBNTF3wb9TYtjJOir,https://open.spotify.com/track/4fNcbNBNTF3wb9TYtjJOir
2022-02-23T18:46:24Z,Stack House (feat. Future),"Zona Man, Future",No Advance 2,2KdF67w8Ygy1PWoyZGAK15,https://open.spotify.com/track/2KdF67w8Ygy1PWoyZGAK15
2022-02-21T19:57:28Z,Since When (feat. 21 Savage),"Young Nudy, 21 Savage",Since When (feat. 21 Savage),4sCP9bdYS6SoLs1LUAjg5A,https://open.spotify.com/track/4sCP9bdYS6SoLs1LUAjg5A
2022-02-19T00:37:29Z,Surround Sound (feat. 21 Savage & Baby Tate),"JID, 21 Savage, Baby Tate",Surround Sound (feat. 21 Savage & Baby Tate),0cp97b37sFNsdIbQH6po3T,https://open.spotify.com/track/0cp97b37sFNsdIbQH6po3T
2022-02-10T04:08:04Z,Eazy,"The Game, Kanye West",Eazy,6Ab81Bs9fcOwaTYuBsUUpI,https://open.spotify.com/track/6Ab81Bs9fcOwaTYuBsUUpI
2022-02-04T19:07:49Z,4 da Gang,Future,SUPER SLIMEY,3IJ6BBFLD2I2CH3hHFQj3O,https://open.spotify.com/track/3IJ6BBFLD2I2CH3hHFQj3O
2022-02-04T18:46:18Z,I'm so Groovy,Future,FUTURE,2Nfd2ITp4WkI1aoZlYpZwg,https://open.spotify.com/track/2Nfd2ITp4WkI1aoZlYpZwg
2022-02-04T16:09:29Z,Me or Sum (feat. Future & Lil Baby),"Nardo Wick, Future, Lil Baby",Who is Nardo Wick?,2HHLfzE7PkljuqyYU4vwmh,https://open.spotify.com/track/2HHLfzE7PkljuqyYU4vwmh
2022-02-01T23:20:01Z,Down Bad,Erin Kaith,Down Bad,3xCL1HgzssNZv6mFDyK35R,https://open.spotify.com/track/3xCL1HgzssNZv6mFDyK35R
2022-01-29T19:57:56Z,Arya (feat. A$AP Rocky),"A$AP Rocky, Nigo",Arya,6ZrsNMDVSvvnDBI8xyz6y3,https://open.spotify.com/track/6ZrsNMDVSvvnDBI8xyz6y3
2022-01-29T19:53:30Z,vice city,XXXTENTACION,vice city,6MOst484piqXpzPPRRe8i5,https://open.spotify.com/track/6MOst484piqXpzPPRRe8i5
2022-01-26T16:08:02Z,Alicia Keys,Neptune Archive,Neptune v2.,2odJiIhoc6eGUno4dxPEqD,https://open.spotify.com/track/2odJiIhoc6eGUno4dxPEqD
2022-01-26T16:02:42Z,4Ever Ever,Neptune Archive,Neptune v2.,66RwyaqtttQZslbEaDGY2d,https://open.spotify.com/track/66RwyaqtttQZslbEaDGY2d
2022-01-26T16:00:46Z,Can't Go Like That,Neptune Archive,Neptune,7Glegl4S79aQLZFWMz3V7W,https://open.spotify.com/track/7Glegl4S79aQLZFWMz3V7W
2022-01-26T15:53:40Z,Leave Her,Neptune Archive,Neptune v2.,6Yc2mm6z5dQm3GyLw818XN,https://open.spotify.com/track/6Yc2mm6z5dQm3GyLw818XN
2022-01-25T23:49:43Z,Free Mind,Tems,For Broken Ears,2mzM4Y0Rnx2BDZqRnhQ5Q6,https://open.spotify.com/track/2mzM4Y0Rnx2BDZqRnhQ5Q6
2022-01-25T04:24:24Z,DUCKWORTH.,Kendrick Lamar,DAMN.,0y9uTzK9cNKSAEHnpeRG8C,https://open.spotify.com/track/0y9uTzK9cNKSAEHnpeRG8C
2022-01-24T18:33:51Z,Easy - Remix,"DaniLeigh, Chris Brown",Easy (Remix),4CMrdHWqic0usIZfTrKoI3,https://open.spotify.com/track/4CMrdHWqic0usIZfTrKoI3
2022-01-19T03:32:40Z,Michael Irvin,Westside Gunn,Flygod Is An Awesome God 2,6BZFzi6roce3ZBQ6dq13f7,https://open.spotify.com/track/6BZFzi6roce3ZBQ6dq13f7
2022-01-14T23:54:07Z,Gloria,"Larry League, Thouxanbanfauni",Not Coming Back,52OXCYEGrvfWnynur5Ixyb,https://open.spotify.com/track/52OXCYEGrvfWnynur5Ixyb
2022-01-14T23:48:09Z,FIRESTONE,"Thouxanbanfauni, Black Kray",CLAIRVOYANCE,1Zt8jGlPf5EGyJ6rlOC1Lq,https://open.spotify.com/track/1Zt8jGlPf5EGyJ6rlOC1Lq
2022-01-14T23:41:54Z,Shawty Ain't Shit,"RXLVND, Thouxanbanfauni, Tommy Swisher",Shawty Ain't Shit,1rd5vqKTPVnJuewsfzLgjn,https://open.spotify.com/track/1rd5vqKTPVnJuewsfzLgjn
2022-01-14T23:39:59Z,2nd Place,"LUCKI, Thouxanbanfauni",2nd Place,7hVhyJTFsimfq6GlGEPi0G,https://open.spotify.com/track/7hVhyJTFsimfq6GlGEPi0G
2022-01-14T23:29:15Z,Who U Testin,Thouxanbanfauni,The Lost Files,4icXDSwYIFcSIq8XOysrYQ,https://open.spotify.com/track/4icXDSwYIFcSIq8XOysrYQ
2022-01-14T23:21:59Z,THOUXAN,Thouxanbanfauni,Heavy Weight Champ,0InKS807nqPUCjVLM1IWsA,https://open.spotify.com/track/0InKS807nqPUCjVLM1IWsA
2022-01-14T23:16:11Z,QUESTIONABLE MORALITY,Thouxanbanfauni,FALL,5IInvImAzU3Uwg5ZSn7EoY,https://open.spotify.com/track/5IInvImAzU3Uwg5ZSn7EoY
2022-01-14T23:12:15Z,Off The Lot (feat. UnoTheActivist),"Thouxanbanfauni, UnoTheActivist",FOREVER FIGEROA,4hFIAXvcdVRfJQHdxpFofT,https://open.spotify.com/track/4hFIAXvcdVRfJQHdxpFofT
2022-01-14T23:09:09Z,Wish The Worst,Thouxanbanfauni,The Lost Files,4YxWiVc4yIgXbVF3AeZX8g,https://open.spotify.com/track/4YxWiVc4yIgXbVF3AeZX8g
2022-01-14T22:18:37Z,Starstruck,LUCKI,Starstruck,1kcBpF3k98jzb25Y1p8qFY,https://open.spotify.com/track/1kcBpF3k98jzb25Y1p8qFY
2022-01-14T21:34:48Z,Alien Language,"Yeat, Summrs",I'm So Me,41VQDnNT6sJQeGv8b8boVl,https://open.spotify.com/track/41VQDnNT6sJQeGv8b8boVl
2022-01-14T20:27:07Z,Tonka,Yeat,Alivë,5BxIf7T01UTMn3wHusf5pD,https://open.spotify.com/track/5BxIf7T01UTMn3wHusf5pD
2022-01-14T06:55:33Z,Turban,Yeat,Up 2 Më,4aMxs74PXoQg2SLgjypcvb,https://open.spotify.com/track/4aMxs74PXoQg2SLgjypcvb
2022-01-13T21:30:48Z,10AM/Save The World (feat. Gucci Mane),"Metro Boomin, Gucci Mane",NOT ALL HEROES WEAR CAPES (Deluxe),00KjOnN3U40e3lXFUOue7h,https://open.spotify.com/track/00KjOnN3U40e3lXFUOue7h
2022-01-13T06:44:47Z,Law N Order,Veeze,Law N Order,20ruS04qMUXD4Fwvcd36fj,https://open.spotify.com/track/20ruS04qMUXD4Fwvcd36fj
2022-01-12T20:58:19Z,Sosa Chamberlain,Chief Keef,Sorry 4 The Weight (Deluxe Edition),61izAzYg9tY9d1aZYkrQrU,https://open.spotify.com/track/61izAzYg9tY9d1aZYkrQrU
2022-01-12T07:02:23Z,Atomic Vomit,Steve Lacy,The Lo-Fis,3YBfHJTZPHn5DqgMnD6g5g,https://open.spotify.com/track/3YBfHJTZPHn5DqgMnD6g5g
2022-01-12T06:53:52Z,Thats No Fun,Steve Lacy,The Lo-Fis,0SkgmGr08TvWQciNRgRtmc,https://open.spotify.com/track/0SkgmGr08TvWQciNRgRtmc
2022-01-12T06:42:32Z,"Palace/Curse (feat. Tyler, The Creator & Steve Lacy)","The Internet, Tyler, The Creator, Steve Lacy",Ego Death,300DUx4tdtCdGEUXR032jA,https://open.spotify.com/track/300DUx4tdtCdGEUXR032jA
2022-01-11T07:21:58Z,Some,Steve Lacy,Some,4riDfclV7kPDT9D58FpmHd,https://open.spotify.com/track/4riDfclV7kPDT9D58FpmHd
2022-01-11T07:21:52Z,N Side,Steve Lacy,Apollo XXI,24G1PXBWoRgV0wDXZKwxzz,https://open.spotify.com/track/24G1PXBWoRgV0wDXZKwxzz
2022-01-11T07:16:56Z,Infrunami,Steve Lacy,The Lo-Fis,0f8eRy9A0n6zXpKSHSCAEp,https://open.spotify.com/track/0f8eRy9A0n6zXpKSHSCAEp
2022-01-07T17:01:02Z,too easy (Remix) [feat. Future & Roddy Ricch],"Gunna, Future, Roddy Ricch",DS4EVER,58eOTmtMDTcTxRPXbZAvcR,https://open.spotify.com/track/58eOTmtMDTcTxRPXbZAvcR
2022-01-07T17:01:00Z,so far ahead > empire,Gunna,DS4EVER,2tPY0ufHip4dbxktOfJJDO,https://open.spotify.com/track/2tPY0ufHip4dbxktOfJJDO
2022-01-07T17:00:58Z,missing me,Gunna,DS4EVER,127SgtpqtR3n5rYHLJi1Yw,https://open.spotify.com/track/127SgtpqtR3n5rYHLJi1Yw
2022-01-07T17:00:56Z,die alone (feat. Yung Bleu),"Gunna, Chris Brown, Yung Bleu",DS4EVER,18vfufHymhqpdaoE1ApnLT,https://open.spotify.com/track/18vfufHymhqpdaoE1ApnLT
2022-01-07T17:00:54Z,life of sin (feat. Nechie),"Gunna, Nechie",DS4EVER,1x4Lh9haIoqC5EkyDXLiGo,https://open.spotify.com/track/1x4Lh9haIoqC5EkyDXLiGo
2022-01-07T17:00:53Z,flooded,Gunna,DS4EVER,2uir82NkzZ8yIT01L6UoJj,https://open.spotify.com/track/2uir82NkzZ8yIT01L6UoJj
2022-01-07T17:00:52Z,idk that bitch (feat. G Herbo),"Gunna, G Herbo",DS4EVER,5ts6i8uvQcihNqmUcxRMFk,https://open.spotify.com/track/5ts6i8uvQcihNqmUcxRMFk
2022-01-07T17:00:50Z,too easy,"Gunna, Future",DS4EVER,2Hph3X77ySNgBCIak5CMc6,https://open.spotify.com/track/2Hph3X77ySNgBCIak5CMc6
2022-01-07T17:00:49Z,25k jacket (feat. Lil Baby),"Gunna, Lil Baby",DS4EVER,0boodYr1uIpSVmGSP65Fmk,https://open.spotify.com/track/0boodYr1uIpSVmGSP65Fmk
2022-01-07T17:00:48Z,you & me,"Gunna, Chlöe",DS4EVER,4xTRiW8KxQjf6JxeyozXkZ,https://open.spotify.com/track/4xTRiW8KxQjf6JxeyozXkZ
2022-01-07T17:00:48Z,south to west,Gunna,DS4EVER,6hP9uvjkqnt8u2i9u2xhJC,https://open.spotify.com/track/6hP9uvjkqnt8u2i9u2xhJC
2022-01-07T17:00:46Z,livin wild,Gunna,DS4EVER,2Ep9xSNftebXZkSQp1yM25,https://open.spotify.com/track/2Ep9xSNftebXZkSQp1yM25
2022-01-07T17:00:44Z,alotta cake,Gunna,DS4EVER,2iCDO8ePNuCvMiMFc0FQdA,https://open.spotify.com/track/2iCDO8ePNuCvMiMFc0FQdA
2022-01-07T17:00:43Z,thought i was playing,"Gunna, 21 Savage",DS4EVER,3XLbDUB5BX2WqL2qoAsvtb,https://open.spotify.com/track/3XLbDUB5BX2WqL2qoAsvtb
2022-01-07T17:00:43Z,how you did that (feat. Kodak Black),"Gunna, Kodak Black",DS4EVER,49W1ZqawgaAwbIY3Hlrp0K,https://open.spotify.com/track/49W1ZqawgaAwbIY3Hlrp0K
2022-01-07T17:00:37Z,mop (feat. Young Thug),"Gunna, Young Thug",DS4EVER,2ZGEjmwyeZ3rpEezkZwqOP,https://open.spotify.com/track/2ZGEjmwyeZ3rpEezkZwqOP
2022-01-07T17:00:35Z,poochie gown,Gunna,DS4EVER,5UwA4sYMyaLALd3F2hUgjR,https://open.spotify.com/track/5UwA4sYMyaLALd3F2hUgjR
2022-01-07T17:00:33Z,pushin P (feat. Young Thug),"Gunna, Future, Young Thug",DS4EVER,3LnpBazWpD31QMTn6LgVGv,https://open.spotify.com/track/3LnpBazWpD31QMTn6LgVGv
2022-01-07T17:00:26Z,private island,Gunna,DS4EVER,0syVTyo71ordJjSd8cuElB,https://open.spotify.com/track/0syVTyo71ordJjSd8cuElB
2022-01-03T06:05:16Z,Run it,"Tm88, Pi’erre Bourne",Yo!88,2kIhkf9stnIr3cAWP6wn2w,https://open.spotify.com/track/2kIhkf9stnIr3cAWP6wn2w
2022-01-03T06:05:15Z,Love Scam,"Tm88, Pi’erre Bourne",Yo!88,70ypakacjlr00Y9BbdKaQP,https://open.spotify.com/track/70ypakacjlr00Y9BbdKaQP
2022-01-03T06:05:12Z,Richer Dreams (feat. Young Nudy),"Tm88, Pi’erre Bourne, Young Nudy",Yo!88,4qTipGbWVVNMnBgUqYWaXS,https://open.spotify.com/track/4qTipGbWVVNMnBgUqYWaXS
2022-01-03T06:05:10Z,Yo!Gurt,"Tm88, Pi’erre Bourne",Yo!88,14dbDu8El2HJNJbGQW5STV,https://open.spotify.com/track/14dbDu8El2HJNJbGQW5STV
2022-01-03T06:05:09Z,Block boy,"Tm88, Pi’erre Bourne",Yo!88,1QfTfWYUhtSamAGi3uQg3n,https://open.spotify.com/track/1QfTfWYUhtSamAGi3uQg3n
2022-01-03T06:05:08Z,Chit Chat (feat. Wiz Khalifa),"Tm88, Pi’erre Bourne, Wiz Khalifa",Yo!88,5ttwhsYcdjBKFMMX9FPm9G,https://open.spotify.com/track/5ttwhsYcdjBKFMMX9FPm9G
2022-01-03T06:05:05Z,HomeComing,"Tm88, Pi’erre Bourne",Yo!88,1EJ1yLyuLqQwsL2JWem0LB,https://open.spotify.com/track/1EJ1yLyuLqQwsL2JWem0LB
2022-01-03T06:05:05Z,Stunt 102,"Tm88, Pi’erre Bourne",Yo!88,4vUzVqzWrRNOrqZqyEKgeX,https://open.spotify.com/track/4vUzVqzWrRNOrqZqyEKgeX
2022-01-02T03:54:07Z,Pop Out,"Tm88, Pi’erre Bourne",Yo!88,2ApVmlRsk7mfAXsM57AJ5Y,https://open.spotify.com/track/2ApVmlRsk7mfAXsM57AJ5Y
2021-12-28T06:36:00Z,Old English,"Young Thug, A$AP Ferg, Freddie Gibbs",Old English - Single,7hcjkFjIyw8vsUOVIDlcmS,https://open.spotify.com/track/7hcjkFjIyw8vsUOVIDlcmS
2021-12-26T14:50:30Z,Meh,Playboi Carti,Whole Lotta Red,15JRvf02KKGHKgC31jrpuh,https://open.spotify.com/track/15JRvf02KKGHKgC31jrpuh
2021-12-26T14:50:20Z,JumpOutTheHouse,Playboi Carti,Whole Lotta Red,0cgD36xPIJBdKUNJRHYDgP,https://open.spotify.com/track/0cgD36xPIJBdKUNJRHYDgP
2021-12-24T22:25:47Z,ARE WE STILL FRIENDS?,"Tyler, The Creator",IGOR,5TxRUOsGeWeRl3xOML59Ai,https://open.spotify.com/track/5TxRUOsGeWeRl3xOML59Ai
2021-12-23T03:59:58Z,Free Bundy,Baby 9eno,Digital 2,3j4PgCkIXUCzpbGlUD9eWW,https://open.spotify.com/track/3j4PgCkIXUCzpbGlUD9eWW
2021-12-23T03:34:14Z,Reservoir,Lil Gray,Reservoir,6lJ6SoMwmsT02pmewn0ij1,https://open.spotify.com/track/6lJ6SoMwmsT02pmewn0ij1
2021-12-23T03:27:00Z,Scareface Sito,Slimesito,Scarface Sito,7vnlY7keoqfJRmdmmm78Ee,https://open.spotify.com/track/7vnlY7keoqfJRmdmmm78Ee
2021-12-23T03:19:10Z,Quit On Me,Baby Fifty,Stack Or Starve: D.C.,6YIpiiqmuFVogmx3wd7Cey,https://open.spotify.com/track/6YIpiiqmuFVogmx3wd7Cey
2021-12-23T03:11:19Z,Free Pint,Slimesito,Scarface Sito,38nyZdhkRwK6SqNGHtNuDs,https://open.spotify.com/track/38nyZdhkRwK6SqNGHtNuDs
2021-12-22T20:19:14Z,Athlete,Tae Dawg,Dawgprint 2,6turLd38iXYNZ7tvJwhQx4,https://open.spotify.com/track/6turLd38iXYNZ7tvJwhQx4
2021-12-22T17:28:15Z,Rock N Roll,Ken Carson,Project X,1V0jEAE4UreyX8KYxGLnLP,https://open.spotify.com/track/1V0jEAE4UreyX8KYxGLnLP
2021-12-20T23:49:17Z,Up From The Ashes,Kanye West,Donda (Deluxe),6MTtOV150uwitRZz4anI2h,https://open.spotify.com/track/6MTtOV150uwitRZz4anI2h
2021-12-17T15:59:03Z,hibachi (feat. Kodak Black & 21 Savage),"Roddy Ricch, 21 Savage, Kodak Black",LIVE LIFE FAST,7FCDmAel69bzxRkOxbh2dB,https://open.spotify.com/track/7FCDmAel69bzxRkOxbh2dB
2021-12-17T15:47:23Z,thailand,Roddy Ricch,LIVE LIFE FAST,0qHPxjC83zQYcxe39xSShx,https://open.spotify.com/track/0qHPxjC83zQYcxe39xSShx
2021-12-15T20:12:39Z,Ride,Aaron May,Ride,2qhLjL9qONvefECUVr0hwn,https://open.spotify.com/track/2qhLjL9qONvefECUVr0hwn
2021-12-14T15:40:08Z,Almost Back,LUCKI,Almost Back,176LvsOHbOXcgJgBBZ8wgs,https://open.spotify.com/track/176LvsOHbOXcgJgBBZ8wgs
2021-12-11T04:08:37Z,Only 1 (Interlude) (with Travis Scott),"Metro Boomin, Travis Scott",NOT ALL HEROES WEAR CAPES (Deluxe),4cEqoGTqPRZy76Yl3ymj3V,https://open.spotify.com/track/4cEqoGTqPRZy76Yl3ymj3V
2021-12-11T04:08:24Z,Lesbian (feat. Gunna & Young Thug),"Metro Boomin, Gunna, Young Thug",NOT ALL HEROES WEAR CAPES (Deluxe),6vG3Zv9VEA6YbJPJ6ar5Y7,https://open.spotify.com/track/6vG3Zv9VEA6YbJPJ6ar5Y7
2021-12-11T01:45:43Z,LLC (feat. Moneybagg Yo),"Money Man, Moneybagg Yo",Blockchain,15OlC497ScJt9N2BS8lOev,https://open.spotify.com/track/15OlC497ScJt9N2BS8lOev
2021-12-09T05:32:23Z,Arc'teryx,YT,Arc'teryx,1chxfk33LoVOznJiJ0WWPD,https://open.spotify.com/track/1chxfk33LoVOznJiJ0WWPD
2021-12-06T03:19:52Z,Super Gremlin,Kodak Black,Sniper Gang Presents Syko Bob & Snapkatt: Nightmare Babies,4A8cWXxKfIL3lAyUDzXbCF,https://open.spotify.com/track/4A8cWXxKfIL3lAyUDzXbCF
2021-12-06T03:19:42Z,One Way!,Autumn!,One Way!,2659CRCrqaXCaYBMtKrdYi,https://open.spotify.com/track/2659CRCrqaXCaYBMtKrdYi
2021-11-23T00:57:46Z,Mopstick (with Kodak Black),"French Montana, Kodak Black",They Got Amnesia,2i3y5eG5Brkb96v5ZslpXS,https://open.spotify.com/track/2i3y5eG5Brkb96v5ZslpXS
2021-11-19T18:32:41Z,Switch,SahBabii,Do It For Demon,2TejlCehrz1b4ZNplxnihd,https://open.spotify.com/track/2TejlCehrz1b4ZNplxnihd
2021-11-19T17:54:44Z,Gates to the Sun (POLLEN Singles),SahBabii,Gates to the Sun (POLLEN Singles),6EG0w98d2S1u1copDAHDqP,https://open.spotify.com/track/6EG0w98d2S1u1copDAHDqP
2021-11-19T17:54:42Z,Squidrific,SahBabii,Squidtastic,0Z1CgKoZXoQYRiqyXhq9LV,https://open.spotify.com/track/0Z1CgKoZXoQYRiqyXhq9LV
2021-11-16T23:53:37Z,LETHAL,YUNGCYBERPRINCESS,LETHAL,5A6D0MCApHBiqGYUZUBNLT,https://open.spotify.com/track/5A6D0MCApHBiqGYUZUBNLT
2021-11-16T22:20:24Z,Life Of The Party (with André 3000),"Kanye West, André 3000",Donda (Deluxe),2yBb1CRq98SSWRuDSn36SZ,https://open.spotify.com/track/2yBb1CRq98SSWRuDSn36SZ
2021-11-06T00:20:37Z,No Love (with SZA),"Summer Walker, SZA",Still Over It,08SB2OtZkaliju77WYEKxk,https://open.spotify.com/track/08SB2OtZkaliju77WYEKxk
2021-11-05T16:45:48Z,Insane,Summer Walker,Still Over It,3pcxxaUxAMSfz2zgetHydD,https://open.spotify.com/track/3pcxxaUxAMSfz2zgetHydD
2021-11-05T15:12:20Z,Unloyal (with Ari Lennox),"Summer Walker, Ari Lennox",Still Over It,081Shn2hU3YxvQmGaCPegr,https://open.spotify.com/track/081Shn2hU3YxvQmGaCPegr
2021-11-05T14:57:30Z,Ambition For Cash,Key Glock,Ambition For Cash,1tkipCYkIgti8f1tqjfcWe,https://open.spotify.com/track/1tkipCYkIgti8f1tqjfcWe
2021-11-05T14:53:30Z,MAFIA,Travis Scott,ESCAPE PLAN / MAFIA,08F16baYbciTva9P4BvpiI,https://open.spotify.com/track/08F16baYbciTva9P4BvpiI
2021-11-05T14:51:12Z,ESCAPE PLAN,Travis Scott,ESCAPE PLAN / MAFIA,4R67rQNSbbsR4TdUVOIdez,https://open.spotify.com/track/4R67rQNSbbsR4TdUVOIdez
2021-10-24T05:10:22Z,Make It Even,EST Gee,Bigger Than Life Or Death,2L5TxrNsFXE5kD2lOxjTi8,https://open.spotify.com/track/2L5TxrNsFXE5kD2lOxjTi8
2021-10-24T05:05:17Z,Price Tag,EST Gee,Bigger Than Life Or Death,6etPkNtan66RLHTjpXJ0Gv,https://open.spotify.com/track/6etPkNtan66RLHTjpXJ0Gv
2021-10-24T04:57:33Z,Waves,"Culture Jam, Gunna, Polo G",Waves,42Q71LGgYI4eBdebWn5m6D,https://open.spotify.com/track/42Q71LGgYI4eBdebWn5m6D
2021-10-24T04:49:54Z,No Thank You,"Culture Jam, BlueBucksClan",Kawhi Leonard Presents: Culture Jam (Vol. 1),20Xg1VUWj5XSSKiOVMoDVJ,https://open.spotify.com/track/20Xg1VUWj5XSSKiOVMoDVJ
2021-10-24T04:49:53Z,Everywhere You Go,"Culture Jam, Yung Bleu, NLE Choppa",Kawhi Leonard Presents: Culture Jam (Vol. 1),1it3L3tLlHiJTt2H5PkB92,https://open.spotify.com/track/1it3L3tLlHiJTt2H5PkB92
2021-10-24T04:49:52Z,Gotta Have It,"Culture Jam, Stefflon Don, Ty Dolla $ign, Wale",Kawhi Leonard Presents: Culture Jam (Vol. 1),7JpZ3X5Drb71vO0YGcAZVN,https://open.spotify.com/track/7JpZ3X5Drb71vO0YGcAZVN
2021-10-24T04:49:51Z,Thankful,"Culture Jam, Lil Uzi Vert",Kawhi Leonard Presents: Culture Jam (Vol. 1),1MnzfrEHFh4Aj9uc85Rbuc,https://open.spotify.com/track/1MnzfrEHFh4Aj9uc85Rbuc
2021-10-24T04:49:50Z,Waves,"Culture Jam, Gunna, Polo G",Kawhi Leonard Presents: Culture Jam (Vol. 1),6INWpNHjafs6xAyOZss7Gj,https://open.spotify.com/track/6INWpNHjafs6xAyOZss7Gj
2021-10-24T04:49:50Z,Bestie,"Culture Jam, A Boogie Wit da Hoodie, Capella Grey",Kawhi Leonard Presents: Culture Jam (Vol. 1),2naD77Qv8ixtr0DQFwGR4K,https://open.spotify.com/track/2naD77Qv8ixtr0DQFwGR4K
2021-10-24T04:49:49Z,Everything Different,"Culture Jam, YoungBoy Never Broke Again, Rod Wave",Kawhi Leonard Presents: Culture Jam (Vol. 1),0Se7TlTQ5sbCEr4p2HYe6i,https://open.spotify.com/track/0Se7TlTQ5sbCEr4p2HYe6i
2021-10-17T14:47:58Z,Kopy,Famousjayfendi,Kopy,1b5CBkaIyOFL3aCEyrmGiR,https://open.spotify.com/track/1b5CBkaIyOFL3aCEyrmGiR
2021-10-15T15:20:58Z,Scoliosis (with Lil Double 0),"Young Thug, Lil Double 0",Punk,5vkrDTKB9xWraHlj0EY1pf,https://open.spotify.com/track/5vkrDTKB9xWraHlj0EY1pf
2021-10-15T15:20:56Z,Faces,Young Thug,Punk,29GvhwlStyNr9BQTX4M9qx,https://open.spotify.com/track/29GvhwlStyNr9BQTX4M9qx
2021-10-15T15:20:55Z,Droppin Jewels,Young Thug,Punk,3q8Uyfo98yoEqByamJOIkJ,https://open.spotify.com/track/3q8Uyfo98yoEqByamJOIkJ
2021-10-15T15:20:53Z,Icy Hot (with Doja Cat),"Young Thug, Doja Cat",Punk,3hluYfU25k6suH9WpaRsFm,https://open.spotify.com/track/3hluYfU25k6suH9WpaRsFm
2021-10-15T15:20:51Z,Hate The Game,Young Thug,Punk,7xfueRdAGnr8pKEIhkGcc8,https://open.spotify.com/track/7xfueRdAGnr8pKEIhkGcc8
2021-10-15T15:20:50Z,Day Before (with Mac Miller),"Young Thug, Mac Miller",Punk,2eYsZ2JEq63Q0S8LQVscBm,https://open.spotify.com/track/2eYsZ2JEq63Q0S8LQVscBm
2021-10-15T15:20:49Z,"Love You More (with Nate Ruess, Gunna & Jeff Bhasker)","Young Thug, Gunna, Jeff Bhasker, Nate Ruess",Punk,4pUxYUHVKXWsgGhEhOu7R9,https://open.spotify.com/track/4pUxYUHVKXWsgGhEhOu7R9
2021-10-15T15:20:47Z,Fifth Day Dead,Young Thug,Punk,5314IYHnvVMlWPpxolaOFu,https://open.spotify.com/track/5314IYHnvVMlWPpxolaOFu
2021-10-15T15:20:46Z,Road Rage,Young Thug,Punk,4rMRWTyCqdXz4UD5RFGJoG,https://open.spotify.com/track/4rMRWTyCqdXz4UD5RFGJoG
2021-10-15T15:20:44Z,Bubbly (with Drake & Travis Scott),"Young Thug, Drake, Travis Scott",Punk,4KDNRh9Oor80z3XIxdWlui,https://open.spotify.com/track/4KDNRh9Oor80z3XIxdWlui
2021-10-15T15:20:42Z,Stupid/Asking,Young Thug,Punk,5UZxoK9vuNm5uXzIpE4nC7,https://open.spotify.com/track/5UZxoK9vuNm5uXzIpE4nC7
2021-10-15T15:20:41Z,Recognize Real (with Gunna),"Young Thug, Gunna",Punk,2wSWcyp4Z8ObUaqlNMGd5h,https://open.spotify.com/track/2wSWcyp4Z8ObUaqlNMGd5h
2021-10-15T15:20:40Z,Stressed (with J. Cole & T-Shyne),"Young Thug, J. Cole, T-Shyne",Punk,0uqsdBw9KvD8jSWmfMmMAp,https://open.spotify.com/track/0uqsdBw9KvD8jSWmfMmMAp
2021-10-15T15:20:40Z,Contagious,Young Thug,Punk,2A3rpB8ZDbBG7ecVUDIcsE,https://open.spotify.com/track/2A3rpB8ZDbBG7ecVUDIcsE
2021-10-15T15:20:39Z,Die Slow (with Strick),"Young Thug, Strick",Punk,6wuGK7wlZFjX2NYmParJwl,https://open.spotify.com/track/6wuGK7wlZFjX2NYmParJwl
2021-10-15T13:41:48Z,Insure My Wrist (with Gunna),"Young Thug, Gunna",Punk,26PSkNzsEBx1BRRB4vY4n5,https://open.spotify.com/track/26PSkNzsEBx1BRRB4vY4n5
2021-10-15T13:41:46Z,Yea Yea Yea,Young Thug,Punk,4tiWuxeSX1GbeBPt8osI6Z,https://open.spotify.com/track/4tiWuxeSX1GbeBPt8osI6Z
2021-10-15T13:41:44Z,Rich Nigga Shit (with Juice WRLD),"Young Thug, Juice WRLD",Punk,1XRzIGsdYaLi0jHeGlcHGP,https://open.spotify.com/track/1XRzIGsdYaLi0jHeGlcHGP
2021-10-15T13:41:44Z,Livin It Up (with Post Malone & A$AP Rocky),"Young Thug, A$AP Rocky, Post Malone",Punk,7zjEyeBsaw9gV0jofJLfOM,https://open.spotify.com/track/7zjEyeBsaw9gV0jofJLfOM
2021-10-15T12:51:28Z,Peepin Out The Window (with Future & Bslime),"Young Thug, Bslime, Future",Punk,03kozlqpm5twrblZia0m9j,https://open.spotify.com/track/03kozlqpm5twrblZia0m9j
2021-10-14T19:49:14Z,Goodmorning,Matty Wood$,Goodmorning,21bWEwXeHsemavgz00EvVl,https://open.spotify.com/track/21bWEwXeHsemavgz00EvVl
2021-10-14T19:18:51Z,whitegold,whiterosemoxie,whitegold,1xqLOYIMiNoCduM983ibjk,https://open.spotify.com/track/1xqLOYIMiNoCduM983ibjk
2021-10-14T19:14:53Z,NO FEAR,MAVI,NO FEAR,6iPKYbfSZgEJJ8z9zXtLTn,https://open.spotify.com/track/6iPKYbfSZgEJJ8z9zXtLTn
2021-10-14T17:55:44Z,A+ (feat. Denzel Curry),"Kenny Mason, Denzel Curry",Angelic Hoodrat: Supercut,6hDvPTT67OgU5bAgAEMcOb,https://open.spotify.com/track/6hDvPTT67OgU5bAgAEMcOb
2021-10-14T16:34:12Z,Lifetime,"femdot., Saba","Buy One, Get One Free Vol 1.",1fab70DiZzHTvijfeRAaOc,https://open.spotify.com/track/1fab70DiZzHTvijfeRAaOc
2021-10-14T16:30:56Z,Dreams,Camden Malik,Dreams,19hblKhD1XdIbuACURF9ZC,https://open.spotify.com/track/19hblKhD1XdIbuACURF9ZC
2021-10-14T16:23:32Z,Deja,"DavidTheTragic, Kapwani",how it feel,7iqGFgGiZD2qaIjQp7SMmS,https://open.spotify.com/track/7iqGFgGiZD2qaIjQp7SMmS
2021-10-14T16:23:23Z,Lying,"DavidTheTragic, Ren Haze",how it feel,1080tFOb8ogpSl3A1uOdnX,https://open.spotify.com/track/1080tFOb8ogpSl3A1uOdnX
2021-10-14T16:06:13Z,matter/marry,DavidTheTragic,how it feel,4QJsNXJnWreGe4CNNqJKEj,https://open.spotify.com/track/4QJsNXJnWreGe4CNNqJKEj
2021-10-14T16:03:20Z,how it feel,DavidTheTragic,how it feel,3r1zvkO1EsORtjqDipoXhI,https://open.spotify.com/track/3r1zvkO1EsORtjqDipoXhI
2021-10-08T13:45:59Z,Flocky Flocky (feat. Travis Scott),"Don Toliver, Travis Scott",Life of a DON,25r6MZ4Gtd76l43qnZI1DG,https://open.spotify.com/track/25r6MZ4Gtd76l43qnZI1DG
2021-10-05T18:14:57Z,Stupid,"DavidTheTragic, Kapwani",how it feel,1bBm8hyI67bxtGs73L6ubB,https://open.spotify.com/track/1bBm8hyI67bxtGs73L6ubB
2021-10-05T18:09:49Z,hell bent,DavidTheTragic,how it feel,6h6hKWMrqbXHGevmg0hP8H,https://open.spotify.com/track/6h6hKWMrqbXHGevmg0hP8H
2021-10-05T17:49:06Z,Entourage,"DavidTheTragic, Kalenbree",Entourage,0HpOshKSZKxz7dFSv7x9DU,https://open.spotify.com/track/0HpOshKSZKxz7dFSv7x9DU
2021-10-05T16:30:24Z,Money First,DavidTheTragic,Money First,5RAILq18elxEX9mz2F1lOP,https://open.spotify.com/track/5RAILq18elxEX9mz2F1lOP
2021-10-05T16:26:59Z,karma real,DavidTheTragic,how it feel,1tGGrUR5M8efm8PRmQ3TtB,https://open.spotify.com/track/1tGGrUR5M8efm8PRmQ3TtB
2021-10-05T16:24:45Z,hate,DavidTheTragic,how it feel,69CYHIt0zVbW4aDxvUKxBm,https://open.spotify.com/track/69CYHIt0zVbW4aDxvUKxBm
2021-10-05T16:23:01Z,Tweak,"DavidTheTragic, Kenny Mason",how it feel,0YJEPhOMEpWpxPiVjb8cc8,https://open.spotify.com/track/0YJEPhOMEpWpxPiVjb8cc8
2021-10-05T16:14:34Z,LORI,"DavidTheTragic, Burgundy",LORI,6CsZ8BXvX4Z7iWWYIAHZxC,https://open.spotify.com/track/6CsZ8BXvX4Z7iWWYIAHZxC
2021-10-05T16:14:33Z,Dancer,DavidTheTragic,Dancer,1n3Y4hnZ40nXGxdHOYAUeD,https://open.spotify.com/track/1n3Y4hnZ40nXGxdHOYAUeD
2021-10-05T16:11:28Z,ALL BLACK,"Mercury, DavidTheTragic",MERCTAPE,7JUGSIuyF8mSwTQFvYqe6z,https://open.spotify.com/track/7JUGSIuyF8mSwTQFvYqe6z
2021-10-05T16:07:04Z,ALLERGY,DavidTheTragic,ALLERGY,4ij3dDFQJ12gh8j7nKavh8,https://open.spotify.com/track/4ij3dDFQJ12gh8j7nKavh8
2021-10-02T19:05:09Z,lost souls (with Brent Faiyaz),"Baby Keem, Brent Faiyaz",The Melodic Blue,02rdXe0KhMe8p6ZHzYtuw0,https://open.spotify.com/track/02rdXe0KhMe8p6ZHzYtuw0
2021-09-29T17:47:47Z,Earned It,Chief Keef,Earned It,5aSTOtjXKNN45eXbHUYsCM,https://open.spotify.com/track/5aSTOtjXKNN45eXbHUYsCM
2021-09-29T04:56:45Z,HOUSTONFORNICATION,Travis Scott,ASTROWORLD,58TaFP5j5i9swOf584yon2,https://open.spotify.com/track/58TaFP5j5i9swOf584yon2
2021-09-29T04:36:09Z,THE SCOTTS,"THE SCOTTS, Travis Scott, Kid Cudi",THE SCOTTS,39Yp9wwQiSRIDOvrVg7mbk,https://open.spotify.com/track/39Yp9wwQiSRIDOvrVg7mbk
2021-09-29T04:29:48Z,"No More (feat. Travis Scott, Kodak Black & 21 Savage)","Metro Boomin, Travis Scott, Kodak Black, 21 Savage",NOT ALL HEROES WEAR CAPES (Deluxe),42k9e2hgl98IdgkXLg4pxs,https://open.spotify.com/track/42k9e2hgl98IdgkXLg4pxs
2021-09-29T04:12:52Z,Ready (feat. Gunna),"Lil Baby, Gunna",Street Gossip,4F6yN5FsFW10Ucx7cLCzBh,https://open.spotify.com/track/4F6yN5FsFW10Ucx7cLCzBh
2021-09-28T01:22:58Z,Dat Way,Tay-K,#SantanaWorld (+),5tHEX0VGkwEOpDhVxIFlcc,https://open.spotify.com/track/5tHEX0VGkwEOpDhVxIFlcc
2021-09-28T01:22:57Z,Saran Pack,Tay-K,#SantanaWorld (+),7m1cNdKABpKy0aAtsKAIGx,https://open.spotify.com/track/7m1cNdKABpKy0aAtsKAIGx
2021-09-28T01:20:56Z,Megaman,Tay-K,#SantanaWorld (+),6ikgPqC9vhkduTdIpsqYdj,https://open.spotify.com/track/6ikgPqC9vhkduTdIpsqYdj
2021-09-28T01:18:21Z,Gotta Blast (feat. Diego Money & Bandman Fari),"Tay-K, Diego Money, Bandmanfari",#SantanaWorld (+),7de1qGSxUfnKLNqncRksuk,https://open.spotify.com/track/7de1qGSxUfnKLNqncRksuk
2021-09-28T01:06:25Z,I <3 My Choppa,Tay-K,#SantanaWorld (+),0Dk9lP1YnOqssHH0oCeq9u,https://open.spotify.com/track/0Dk9lP1YnOqssHH0oCeq9u
2021-09-27T04:22:49Z,Sunflower Seeds,"Young Nudy, Pi’erre Bourne",Sli'merre,4sylKPWeCdJnAvZdflt0y5,https://open.spotify.com/track/4sylKPWeCdJnAvZdflt0y5
2021-09-26T14:48:07Z,Wicked For The Money (feat. 2FeetBino),"Young Nudy, 2FeetBino",Rich Shooter,0JYIFHCzFitXaRPAq4IUXt,https://open.spotify.com/track/0JYIFHCzFitXaRPAq4IUXt
2021-09-24T12:48:31Z,too easy,"Gunna, Future",too easy,4eL3XeuGaEoVT8ttDh3hwY,https://open.spotify.com/track/4eL3XeuGaEoVT8ttDh3hwY
2021-09-19T13:13:44Z,"Feels So Good (feat. A$AP Rocky, A$AP Ferg, A$AP Nast & A$AP Twelvyy)","A$AP Mob, A$AP Rocky, A$AP Ferg, A$AP NAST, A$AP Twelvyy",Cozy Tapes Vol. 2: Too Cozy,28mIIBZt0jAe8k9g52NOsX,https://open.spotify.com/track/28mIIBZt0jAe8k9g52NOsX
2021-09-19T13:10:08Z,"FYBR (First Year Being Rich) (feat. A$AP Twelvyy, A$AP Rocky, A$AP Ant, A$AP Ferg, KEY! & Playboi Carti)","A$AP Mob, A$AP Twelvyy, A$AP Rocky, A$AP ANT, A$AP Ferg, KEY!, Playboi Carti",Cozy Tapes Vol. 2: Too Cozy,1jNrotshHZUS2wj7MU6Lw9,https://open.spotify.com/track/1jNrotshHZUS2wj7MU6Lw9
2021-09-19T13:10:00Z,"Bahamas (feat. A$AP Rocky, A$AP Ferg, A$AP Twelvyy, Lil Yachty, KEY!, ScHoolboy Q & Smooky MarGielaa)","A$AP Mob, A$AP Rocky, A$AP Ferg, A$AP Twelvyy, Lil Yachty, KEY!, ScHoolboy Q, Smooky MarGielaa",Cozy Tapes Vol. 2: Too Cozy,3OTMcouJxgNYYwuLsQ4Qw6,https://open.spotify.com/track/3OTMcouJxgNYYwuLsQ4Qw6
2021-09-19T13:05:33Z,"Please Shut Up (feat. A$AP Rocky, KEY! & Gucci Mane)","A$AP Mob, A$AP Rocky, KEY!, Gucci Mane",Cozy Tapes Vol. 2: Too Cozy,3LyNsopPP3hXf8bZBE7cDk,https://open.spotify.com/track/3LyNsopPP3hXf8bZBE7cDk
2021-09-19T04:10:54Z,"Blowin' Minds (Skateboard) (feat. A$AP Rocky, A$AP Nast, A$AP Ant, Chief Keef & Playboi Carti)","A$AP Mob, A$AP Rocky, A$AP NAST, A$AP ANT, Chief Keef, Playboi Carti",Cozy Tapes Vol. 2: Too Cozy,3FUP0gYxsivCHzWzu8uUGw,https://open.spotify.com/track/3FUP0gYxsivCHzWzu8uUGw
2021-09-18T23:44:14Z,After You,Tay-K,After You,5jJL5w2NQ6YeA4a35xUlYV,https://open.spotify.com/track/5jJL5w2NQ6YeA4a35xUlYV
2021-09-18T23:42:41Z,"Frat Rules (feat. A$AP Rocky, Playboi Carti & Big Sean)","A$AP Mob, A$AP Rocky, Playboi Carti, Big Sean",Cozy Tapes Vol. 2: Too Cozy,0RyA3o15NOLJYtm9NlDu5c,https://open.spotify.com/track/0RyA3o15NOLJYtm9NlDu5c
2021-09-18T20:48:37Z,BeBe's Kids,Pi’erre Bourne,The Life Of Pi'erre 4 (Deluxe),1AdlFvvszeF1rir9ZF1FV4,https://open.spotify.com/track/1AdlFvvszeF1rir9ZF1FV4
2021-09-18T13:59:59Z,Demon Time (Lil Yachty feat. Draft Day),"Lil Yachty, Draft Day",Lil Boat 3,0U4bETGvA2xw24gyTloxIJ,https://open.spotify.com/track/0U4bETGvA2xw24gyTloxIJ
2021-09-17T22:10:14Z,sdp interlude,Travis Scott,Birds In The Trap Sing McKnight,4gh0ZnHzaTMT1sDga7Ek0N,https://open.spotify.com/track/4gh0ZnHzaTMT1sDga7Ek0N
2021-09-11T14:01:27Z,trademark usa,Baby Keem,The Melodic Blue,15hJmqqEtASVXl6sM7i4UF,https://open.spotify.com/track/15hJmqqEtASVXl6sM7i4UF
2021-09-11T14:01:27Z,pink panties,Baby Keem,The Melodic Blue,4Af4H9x1RwADB9XizalvUM,https://open.spotify.com/track/4Af4H9x1RwADB9XizalvUM
2021-09-11T14:01:27Z,scapegoats,Baby Keem,The Melodic Blue,74bdnHhtEzkM49KQJh4hK8,https://open.spotify.com/track/74bdnHhtEzkM49KQJh4hK8
2021-09-11T14:01:27Z,range brothers (with Kendrick Lamar),"Baby Keem, Kendrick Lamar",The Melodic Blue,0UTyLmkQgPOEIz95OVAJTR,https://open.spotify.com/track/0UTyLmkQgPOEIz95OVAJTR
2021-09-11T14:01:27Z,issues,Baby Keem,The Melodic Blue,7MmBhKBQnaa0I8TaDJs9ia,https://open.spotify.com/track/7MmBhKBQnaa0I8TaDJs9ia
2021-09-11T14:01:27Z,gorgeous,Baby Keem,The Melodic Blue,2fAxMyvNvu6wqVpoqsFiw9,https://open.spotify.com/track/2fAxMyvNvu6wqVpoqsFiw9
2021-09-11T14:01:27Z,south africa,Baby Keem,The Melodic Blue,7HyAAmp8lsDoDHxyvaEaDK,https://open.spotify.com/track/7HyAAmp8lsDoDHxyvaEaDK
2021-09-11T14:01:27Z,cocoa (with Don Toliver),"Baby Keem, Don Toliver",The Melodic Blue,3OEjvmEBRrdTYbbrkiXG8a,https://open.spotify.com/track/3OEjvmEBRrdTYbbrkiXG8a
2021-09-11T14:01:27Z,family ties (with Kendrick Lamar),"Baby Keem, Kendrick Lamar",The Melodic Blue,3QFInJAm9eyaho5vBzxInN,https://open.spotify.com/track/3QFInJAm9eyaho5vBzxInN
2021-09-11T14:01:27Z,scars,Baby Keem,The Melodic Blue,350l5Tkctw6RMcIdl7MlaS,https://open.spotify.com/track/350l5Tkctw6RMcIdl7MlaS
2021-09-11T14:01:27Z,durag activity (with Travis Scott),"Baby Keem, Travis Scott",The Melodic Blue,6c5wQFfJApRMooKE7UQnlH,https://open.spotify.com/track/6c5wQFfJApRMooKE7UQnlH
2021-09-11T14:01:27Z,booman,Baby Keem,The Melodic Blue,7m7zZuRVyRsQunMbcTc4e6,https://open.spotify.com/track/7m7zZuRVyRsQunMbcTc4e6
2021-09-11T14:01:27Z,first order of business,Baby Keem,The Melodic Blue,4d6z0mKVcnhE5x0YWvTexh,https://open.spotify.com/track/4d6z0mKVcnhE5x0YWvTexh
2021-09-11T14:01:27Z,vent,Baby Keem,The Melodic Blue,1ITpqT1kDATCtMBwOK7sYn,https://open.spotify.com/track/1ITpqT1kDATCtMBwOK7sYn
2021-09-11T14:01:27Z,16,Baby Keem,The Melodic Blue,1Is8hGpkGMiePASAxBluxM,https://open.spotify.com/track/1Is8hGpkGMiePASAxBluxM
2021-09-10T06:00:57Z,Moon,Kanye West,Donda,2Rd4eJ4KwXQQn2sMSToyUM,https://open.spotify.com/track/2Rd4eJ4KwXQQn2sMSToyUM
2021-09-07T20:25:44Z,Champagne Poetry,Drake,Certified Lover Boy,2HSmyk2qMN8WQjuGhaQgCk,https://open.spotify.com/track/2HSmyk2qMN8WQjuGhaQgCk
2021-09-07T20:25:44Z,Papi’s Home,Drake,Certified Lover Boy,6jy9yJfgCsMHdu2Oz4BGKX,https://open.spotify.com/track/6jy9yJfgCsMHdu2Oz4BGKX
2021-09-07T20:25:44Z,Girls Want Girls (with Lil Baby),"Drake, Lil Baby",Certified Lover Boy,37Nqx7iavZpotJSDXZWbJ3,https://open.spotify.com/track/37Nqx7iavZpotJSDXZWbJ3
2021-09-07T20:25:44Z,In The Bible (with Lil Durk & Giveon),"Drake, Lil Durk, GIVĒON",Certified Lover Boy,61S79KIVA4I9FXbnsylEHT,https://open.spotify.com/track/61S79KIVA4I9FXbnsylEHT
2021-09-07T20:25:44Z,Love All (with JAY-Z),"Drake, JAŸ-Z",Certified Lover Boy,4VCbgIdr8ptegWeJpqLVHH,https://open.spotify.com/track/4VCbgIdr8ptegWeJpqLVHH
2021-09-07T20:25:44Z,Fair Trade (with Travis Scott),"Drake, Travis Scott",Certified Lover Boy,40iJIUlhi6renaREYGeIDS,https://open.spotify.com/track/40iJIUlhi6renaREYGeIDS
2021-09-07T20:25:44Z,Way 2 Sexy (with Future & Young Thug),"Drake, Future, Young Thug",Certified Lover Boy,0k1WUmIRnG3xU6fvvDVfRG,https://open.spotify.com/track/0k1WUmIRnG3xU6fvvDVfRG
2021-09-07T20:25:44Z,TSU,Drake,Certified Lover Boy,4s7QLoImIwmPi9L6dq1nVW,https://open.spotify.com/track/4s7QLoImIwmPi9L6dq1nVW
2021-09-07T20:25:44Z,N 2 Deep,"Drake, Future",Certified Lover Boy,34D6FJysnQioVingDKufuf,https://open.spotify.com/track/34D6FJysnQioVingDKufuf
2021-09-07T20:25:44Z,Pipe Down,Drake,Certified Lover Boy,11pEKMLmavDu8fxOB5QjbQ,https://open.spotify.com/track/11pEKMLmavDu8fxOB5QjbQ
2021-09-07T20:25:44Z,Yebba’s Heartbreak,"Drake, Yebba",Certified Lover Boy,1PDP7mLiAMwhfmgIwzhOm2,https://open.spotify.com/track/1PDP7mLiAMwhfmgIwzhOm2
2021-09-07T20:25:44Z,No Friends In The Industry,Drake,Certified Lover Boy,2tUL6dZf1mywCj5WvCPZw6,https://open.spotify.com/track/2tUL6dZf1mywCj5WvCPZw6
2021-09-07T20:25:44Z,Knife Talk (with 21 Savage ft. Project Pat),"Drake, 21 Savage, Project Pat",Certified Lover Boy,2BcMwX1MPV6ZHP4tUT9uq6,https://open.spotify.com/track/2BcMwX1MPV6ZHP4tUT9uq6
2021-09-07T20:25:44Z,7am On Bridle Path,Drake,Certified Lover Boy,42m3eP1JJhtzffal9B136J,https://open.spotify.com/track/42m3eP1JJhtzffal9B136J
2021-09-07T20:25:44Z,Fountains (with Tems),"Drake, Tems",Certified Lover Boy,08XWh5c0BMyD1nKVxxl91z,https://open.spotify.com/track/08XWh5c0BMyD1nKVxxl91z
2021-09-07T20:25:44Z,Get Along Better,"Drake, Ty Dolla $ign",Certified Lover Boy,5ScbulRnixQ2XAdvrPMFjz,https://open.spotify.com/track/5ScbulRnixQ2XAdvrPMFjz
2021-09-07T20:25:44Z,You Only Live Twice (with Lil Wayne & Rick Ross),"Drake, Lil Wayne, Rick Ross",Certified Lover Boy,50ceCGZ3oD3U5caQV5bP6f,https://open.spotify.com/track/50ceCGZ3oD3U5caQV5bP6f
2021-09-07T20:25:44Z,IMY2 (with Kid Cudi),"Drake, Kid Cudi",Certified Lover Boy,7F9cT6hIRhnFCYP6GKS0tf,https://open.spotify.com/track/7F9cT6hIRhnFCYP6GKS0tf
2021-09-07T20:25:44Z,F*****g Fans,Drake,Certified Lover Boy,3RkNXZvOSMMElmmXztDc94,https://open.spotify.com/track/3RkNXZvOSMMElmmXztDc94
2021-09-07T20:25:44Z,The Remorse,Drake,Certified Lover Boy,1cCXT1cErAY6tmIqHbodrt,https://open.spotify.com/track/1cCXT1cErAY6tmIqHbodrt
2021-09-06T16:49:44Z,Ok Ok pt 2,Kanye West,Donda,1QCqedB1ibmRO9x7Ikb5LI,https://open.spotify.com/track/1QCqedB1ibmRO9x7Ikb5LI
2021-09-06T16:30:07Z,Pure Souls,Kanye West,Donda,7up5MwPUHQdv4DkzQRHRWP,https://open.spotify.com/track/7up5MwPUHQdv4DkzQRHRWP
2021-09-06T15:54:46Z,Believe What I Say,Kanye West,Donda,73uxnSsFMeJ15POpd3zgrV,https://open.spotify.com/track/73uxnSsFMeJ15POpd3zgrV
2021-09-06T15:50:24Z,Ok Ok,Kanye West,Donda,4VYEnxm7lmtG5sEEbcmORB,https://open.spotify.com/track/4VYEnxm7lmtG5sEEbcmORB
2021-08-27T10:54:28Z,family ties (with Kendrick Lamar),"Baby Keem, Kendrick Lamar",family ties (with Kendrick Lamar),7Bpx2vsWfQFBACRz4h3IqH,https://open.spotify.com/track/7Bpx2vsWfQFBACRz4h3IqH
2021-08-21T01:17:35Z,How,Lil Baby,My Turn,2b7rt5gCEy2p2zTp656s4U,https://open.spotify.com/track/2b7rt5gCEy2p2zTp656s4U
2021-08-20T19:20:16Z,"5500 Degrees (feat. Lil Baby, 42 Dugg & Rylo Rodriguez)","EST Gee, Lil Baby, 42 Dugg, Rylo Rodriguez",Bigger Than Life Or Death,6uTID2glulLOXYhcwMETS1,https://open.spotify.com/track/6uTID2glulLOXYhcwMETS1
2021-08-20T05:33:09Z,9 Times Outta 10,"Gunna, Taurus",9 TIMES OUTTA 10,5bgbb8KMAZreVHzh3bRPS5,https://open.spotify.com/track/5bgbb8KMAZreVHzh3bRPS5
2021-08-19T17:00:52Z,Millions,Young Thug,So Much Fun (Deluxe),43YQDj1KOPMFAUcTEPKy4p,https://open.spotify.com/track/43YQDj1KOPMFAUcTEPKy4p
2021-08-17T19:25:28Z,So High,Doja Cat,Purrr!,1yvSMyZn27M4wEslpSvB0D,https://open.spotify.com/track/1yvSMyZn27M4wEslpSvB0D
2021-08-09T18:55:37Z,All The Time 2,Wintertime,All The Time 2,70nCo80jsbSeGtQWiUGajl,https://open.spotify.com/track/70nCo80jsbSeGtQWiUGajl
2021-08-05T13:46:14Z,Battlefield (feat. 21 Lil Harold),"Young Nudy, 21 Lil Harold",Rich Shooter,37h8TxcZvCkkI7rJKb4wRr,https://open.spotify.com/track/37h8TxcZvCkkI7rJKb4wRr
2021-07-23T04:55:53Z,MONEY ON ME,Lil Tecca,MONEY ON ME,681ZlxQVB8XBPRZD1Wk4oi,https://open.spotify.com/track/681ZlxQVB8XBPRZD1Wk4oi
2021-07-22T08:13:47Z,Skrt,Kodak Black,Skrt,5v7kaZNsnyByrSJOfO8gKq,https://open.spotify.com/track/5v7kaZNsnyByrSJOfO8gKq
2021-07-20T05:22:58Z,Half & Half,Playboi Carti,Playboi Carti,2TdZdeKIDMqi1B3139W4Wb,https://open.spotify.com/track/2TdZdeKIDMqi1B3139W4Wb
2021-07-17T02:19:46Z,Merci Beaucoup,Pop Smoke,Faith,6mPZVis3gEGSSR2rhxlehT,https://open.spotify.com/track/6mPZVis3gEGSSR2rhxlehT
2021-07-16T19:03:22Z,Bout A Million (feat. 42 Dugg & 21 Savage),"Pop Smoke, 21 Savage, 42 Dugg",Faith,4LaGu95Ui2s4vprSQYWUAZ,https://open.spotify.com/track/4LaGu95Ui2s4vprSQYWUAZ
2021-07-16T04:34:24Z,Woo Baby Interlude,Pop Smoke,Faith,6AIqbfahoKsTgBDgNPiQpc,https://open.spotify.com/track/6AIqbfahoKsTgBDgNPiQpc
2021-07-16T04:18:07Z,Holy Smokes,"Trippie Redd, Lil Uzi Vert",Holy Smokes (feat. Lil Uzi Vert),3EpF150nXMSNjiH0bbmXIL,https://open.spotify.com/track/3EpF150nXMSNjiH0bbmXIL
2021-07-15T02:50:30Z,Target On My Chest,Brent Faiyaz,Lost,2GUJWmiDlSwey0GrLCX1gK,https://open.spotify.com/track/2GUJWmiDlSwey0GrLCX1gK
2021-07-08T16:08:06Z,Wildfire (feat. Frank Ocean),"John Mayer, Frank Ocean",Paradise Valley,4wOYt5nULk1Cu8pwJWk26m,https://open.spotify.com/track/4wOYt5nULk1Cu8pwJWk26m
2021-07-05T16:26:57Z,White (feat. Frank Ocean),"Odd Future, Frank Ocean",The OF Tape Vol. 2,2gEmgpnxseKEVRTwkSGopN,https://open.spotify.com/track/2gEmgpnxseKEVRTwkSGopN
2021-07-01T06:00:25Z,Wasting Time ( feat. Drake & The Neptunes ),"Brent Faiyaz, Drake, The Neptunes",Wasting Time ( feat. Drake & The Neptunes ),48WidxP9CqyYtk97pwGZ3c,https://open.spotify.com/track/48WidxP9CqyYtk97pwGZ3c
2021-06-30T16:30:57Z,MASSA,"Tyler, The Creator",CALL ME IF YOU GET LOST,2goHCrsDJaflEwQ930ef0o,https://open.spotify.com/track/2goHCrsDJaflEwQ930ef0o
2021-06-30T16:26:53Z,WUSYANAME (feat. Youngboy Never Broke Again & Ty Dolla $ign),"Tyler, The Creator, YoungBoy Never Broke Again, Ty Dolla $ign",CALL ME IF YOU GET LOST,5B0kgjHULYJhAQkK5XsMoC,https://open.spotify.com/track/5B0kgjHULYJhAQkK5XsMoC
2021-06-28T16:08:06Z,Poof,Pi’erre Bourne,The Life Of Pi'erre 4,4k95J448xydiVtD4PXMvpY,https://open.spotify.com/track/4k95J448xydiVtD4PXMvpY
2021-06-27T06:31:57Z,Good Guy,Frank Ocean,Blonde,2JUqYobT8NvARdPmc4ES2x,https://open.spotify.com/track/2JUqYobT8NvARdPmc4ES2x
2021-06-26T15:56:14Z,Slide in Giuseppe,Xaroc,Slide in Giuseppe,3Co34ZFpjrLiiePVgPuJr1,https://open.spotify.com/track/3Co34ZFpjrLiiePVgPuJr1
2021-06-25T16:13:29Z,CORSO,"Tyler, The Creator",CALL ME IF YOU GET LOST,46oHvXwpEZOFX518we1nJD,https://open.spotify.com/track/46oHvXwpEZOFX518we1nJD
2021-06-25T04:31:51Z,JUGGERNAUT (feat. Lil Uzi Vert & Pharrell Williams),"Tyler, The Creator, Lil Uzi Vert, Pharrell Williams",CALL ME IF YOU GET LOST,7z4xW9WY86uH3gd1V9pfCM,https://open.spotify.com/track/7z4xW9WY86uH3gd1V9pfCM
2021-06-21T23:52:08Z,Heard 'Em Say,"Kanye West, Adam Levine",Late Registration,6yIjtVtnOBeC8SwdVHzAuF,https://open.spotify.com/track/6yIjtVtnOBeC8SwdVHzAuF
2021-06-19T22:19:07Z,Ghostface Killers (feat. Travis Scott),"21 Savage, Offset, Metro Boomin, Travis Scott",Without Warning,5u6vkDnOyaf8LsteDAj2ub,https://open.spotify.com/track/5u6vkDnOyaf8LsteDAj2ub
2021-06-19T16:50:33Z,Find A Way (feat. Lil Baby),"H.E.R., Lil Baby",Back of My Mind,3CtfBYewF9YoIj4tN1Xuh6,https://open.spotify.com/track/3CtfBYewF9YoIj4tN1Xuh6
2021-06-18T12:33:46Z,Headshots (4r da Locals),Isaiah Rashad,Headshots (4r Da Locals),2rFTRICumonxxZKxxfEu8R,https://open.spotify.com/track/2rFTRICumonxxZKxxfEu8R
2021-06-18T12:33:14Z,I Got It (feat. Lil Uzi Vert),"Gucci Mane, Lil Uzi Vert",Ice Daddy,4nlljRWn0CAZezNmvBGFnr,https://open.spotify.com/track/4nlljRWn0CAZezNmvBGFnr
2021-06-14T04:02:56Z,Shattered Dreams,Earl Sweatshirt,Some Rap Songs,2LQb3iYBzoxbxct2IexjBc,https://open.spotify.com/track/2LQb3iYBzoxbxct2IexjBc
2021-06-12T15:44:11Z,Lucky,Russ,Lucky,0yi6W2y4CuEWaXosbrHAWj,https://open.spotify.com/track/0yi6W2y4CuEWaXosbrHAWj
2021-06-12T00:55:51Z,Sneak Dissers,Q Da Fool,Rich Shootas 3 (Deluxe),1WuY6DSQTdwM1cOIjZvLHI,https://open.spotify.com/track/1WuY6DSQTdwM1cOIjZvLHI
2021-06-11T13:48:36Z,Malibu (feat. Polo G),"Migos, Polo G",Culture III,3v1zVVdzNVNt7vmI9VG2gq,https://open.spotify.com/track/3v1zVVdzNVNt7vmI9VG2gq
2021-06-11T13:40:34Z,Having Our Way (feat. Drake),"Migos, Drake",Culture III,2NM0qHzx4Ohy8iXHEEgwlO,https://open.spotify.com/track/2NM0qHzx4Ohy8iXHEEgwlO
2021-06-09T15:47:51Z,Hell Shell,Young Nudy,Nudy Land,5fO4ybFbomoSWPB3n2d6pe,https://open.spotify.com/track/5fO4ybFbomoSWPB3n2d6pe
2021-06-08T16:37:21Z,Changes,A$AP Rocky,TESTING,1dzwFgBlZNxt28aQOinNGn,https://open.spotify.com/track/1dzwFgBlZNxt28aQOinNGn
2021-06-08T05:28:44Z,Rigamortus,Kendrick Lamar,Section.80,2lD6AoA8qf2t4Dkf2TcmNK,https://open.spotify.com/track/2lD6AoA8qf2t4Dkf2TcmNK
2021-06-04T05:03:44Z,late at night,Roddy Ricch,late at night,1fxYz1s15pyZLsJT0Hdh1m,https://open.spotify.com/track/1fxYz1s15pyZLsJT0Hdh1m
2021-06-02T05:13:14Z,iSpy (feat. Lil Yachty),"KYLE, Lil Yachty",iSpy (feat. Lil Yachty),2EEeOnHehOozLq4aS0n6SL,https://open.spotify.com/track/2EEeOnHehOozLq4aS0n6SL
2021-05-28T19:51:08Z,h u n g e r . o n . h i l l s i d e (with Bas),"J. Cole, Bas",The Off-Season,5BwQjRasNcdRPuVWKcHto2,https://open.spotify.com/track/5BwQjRasNcdRPuVWKcHto2
2021-05-28T19:51:03Z,a p p l y i n g . p r e s s u r e,J. Cole,The Off-Season,1d7q712nXjG98HiwHk7HFS,https://open.spotify.com/track/1d7q712nXjG98HiwHk7HFS
2021-05-28T19:51:03Z,l e t . g o . m y . h a n d (with Bas & 6LACK),"J. Cole, Bas, 6LACK",The Off-Season,0GAyuCo975IHGxxiLKDufB,https://open.spotify.com/track/0GAyuCo975IHGxxiLKDufB
2021-05-28T19:51:02Z,1 0 0 . m i l ‘ (with Bas),"J. Cole, Bas",The Off-Season,4n6NDfYake476trCjJRNl0,https://open.spotify.com/track/4n6NDfYake476trCjJRNl0
2021-05-28T19:49:44Z,9 5 . s o u t h,J. Cole,The Off-Season,5R691ipUYRDYW6ehapjoj6,https://open.spotify.com/track/5R691ipUYRDYW6ehapjoj6
2021-05-28T19:49:28Z,a m a r i,J. Cole,The Off-Season,2cnKST6T9qUo2i907lm8zX,https://open.spotify.com/track/2cnKST6T9qUo2i907lm8zX
2021-05-27T02:52:27Z,Swisher Backwood,"Young Nudy, Pi’erre Bourne",Sli'merre,7tYbWugeSE0fhZEKyy5SSs,https://open.spotify.com/track/7tYbWugeSE0fhZEKyy5SSs
2021-05-26T15:56:51Z,30 Hours,Kanye West,The Life Of Pablo,2CHmgtK8OCL28WtIK96u4N,https://open.spotify.com/track/2CHmgtK8OCL28WtIK96u4N
2021-05-26T15:51:34Z,Frank's Track,Kanye West,The Life Of Pablo,20r94xA0bsYNLtYSiOE6r3,https://open.spotify.com/track/20r94xA0bsYNLtYSiOE6r3
2021-05-21T07:26:24Z,NEVER LEFT,Lil Tecca,NEVER LEFT,21UkXrc9kD48rNpTMI2ecz,https://open.spotify.com/track/21UkXrc9kD48rNpTMI2ecz
2021-05-20T22:34:10Z,The Joy,"JAŸ-Z, Kanye West, Curtis Mayfield",Watch The Throne (Deluxe),0fjUmA3EdEZBBVyKNhsct0,https://open.spotify.com/track/0fjUmA3EdEZBBVyKNhsct0
2021-05-20T15:05:50Z,Revenge,Young Nudy,DR. EV4L,1PbzgXzX0Us5sIdVdecVQj,https://open.spotify.com/track/1PbzgXzX0Us5sIdVdecVQj
2021-05-19T17:23:20Z,2Face (feat. G Herbo),"Young Nudy, G Herbo",DR. EV4L,5HO0eGYkdqzen2KFYizfKF,https://open.spotify.com/track/5HO0eGYkdqzen2KFYizfKF
2021-05-19T17:16:03Z,Child's Play (feat. 21 Savage),"Young Nudy, 21 Savage",DR. EV4L,4tJcAQu6YJ3SN0SWOVqYsN,https://open.spotify.com/track/4tJcAQu6YJ3SN0SWOVqYsN
2021-05-19T17:13:55Z,Yellow Tape (feat. Lil Uzi Vert),"Young Nudy, Lil Uzi Vert",DR. EV4L,7zmxN4EebFZCfSYr9nBjU0,https://open.spotify.com/track/7zmxN4EebFZCfSYr9nBjU0
2021-05-15T13:01:10Z,Z Look Jamaican,Kodak Black,Haitian Boy Kodak,2Lw5B2B1KsssGf5NbjDeyj,https://open.spotify.com/track/2Lw5B2B1KsssGf5NbjDeyj
2021-05-14T18:50:55Z,Chi-Raq (with G Herbo),"Nicki Minaj, G Herbo",Beam Me Up Scotty,5dOcS75jq0kLKbvCY9P2Ex,https://open.spotify.com/track/5dOcS75jq0kLKbvCY9P2Ex
2021-05-14T07:58:10Z,White Teeth,YoungBoy Never Broke Again,White Teeth,7iqgrOqAm73cP6Tth6ImjB,https://open.spotify.com/track/7iqgrOqAm73cP6Tth6ImjB
2021-05-11T21:03:30Z,MY STORY (DLOG),Mike Dimes,DLOG,6KUNUUH9IR3RBoBSWvNqfW,https://open.spotify.com/track/6KUNUUH9IR3RBoBSWvNqfW
2021-05-09T02:55:42Z,I Serve the Base,Future,DS2 (Deluxe),1Rq4GtIucW9CAcF8B6PAbW,https://open.spotify.com/track/1Rq4GtIucW9CAcF8B6PAbW
2021-05-07T12:07:59Z,i n t e r l u d e,J. Cole,i n t e r l u d e,2gyYjQWXKxemhAyMPgctIx,https://open.spotify.com/track/2gyYjQWXKxemhAyMPgctIx
2021-05-05T22:47:21Z,Surf (feat. Gunna),"Young Thug, Gunna",So Much Fun,6igOR5QCn09zAVF2ikZjsV,https://open.spotify.com/track/6igOR5QCn09zAVF2ikZjsV
2021-05-02T01:40:53Z,Chucky Cheese,MadeinTYO,"Sincerely, Tokyo",0fABHG5a7RnqBlOKOwhWZD,https://open.spotify.com/track/0fABHG5a7RnqBlOKOwhWZD
2021-05-01T14:55:08Z,Digital Dash,"Drake, Future",What A Time To Be Alive,0GR7iJLhj80KD5LkA14ZRn,https://open.spotify.com/track/0GR7iJLhj80KD5LkA14ZRn
2021-05-01T04:31:52Z,No Fear,DeJ Loaf,No Fear,2H881m3JRA8lpuuwaQL6zy,https://open.spotify.com/track/2H881m3JRA8lpuuwaQL6zy
2021-05-01T04:29:16Z,Me U & Hennessy (feat. Lil Wayne),"DeJ Loaf, Lil Wayne",Me U & Hennessy (feat. Lil Wayne),4TSDz7xZtxIXeKwiOuCe25,https://open.spotify.com/track/4TSDz7xZtxIXeKwiOuCe25
2021-04-30T19:38:56Z,durag activity (with Travis Scott),"Baby Keem, Travis Scott",durag activity (with Travis Scott),4JJcP0Rv9AgyPD6ZGaC8EE,https://open.spotify.com/track/4JJcP0Rv9AgyPD6ZGaC8EE
2021-04-25T15:32:12Z,Hand Me Downs,Mac Miller,Circles,2Yv2mHzr5AQavVdwQjEokV,https://open.spotify.com/track/2Yv2mHzr5AQavVdwQjEokV
2021-04-24T05:11:11Z,Show Me Up,Lil Tecca,Show Me Up,3BGppswSnFNGUSFiJ6rj4n,https://open.spotify.com/track/3BGppswSnFNGUSFiJ6rj4n
2021-04-24T03:28:53Z,One Night,Lil Yachty,Lil Boat,40yJGQyEaBbIkXpwMFkXip,https://open.spotify.com/track/40yJGQyEaBbIkXpwMFkXip
2021-04-24T01:12:27Z,At The Traphouse,Young Nudy,Faded In The Booth,3BhLuFBBibaboqXHDIv4i0,https://open.spotify.com/track/3BhLuFBBibaboqXHDIv4i0
2021-04-21T19:37:56Z,Valuable Pain,YoungBoy Never Broke Again,Realer,61Oo3DUJubecZQosjho6Pp,https://open.spotify.com/track/61Oo3DUJubecZQosjho6Pp
2021-04-18T04:52:08Z,Money Convo,21 Savage,Issa Album,54i1CQFlT3LeGdIVctDQp1,https://open.spotify.com/track/54i1CQFlT3LeGdIVctDQp1
2021-04-16T16:51:28Z,Paid the Fine (feat. Lil Baby & YTB Trench),"Young Stoner Life, Young Thug, Gunna, YTB Trench, Lil Baby",Slime Language 2,0GqaZ1L5KAXMNngAZbGvLf,https://open.spotify.com/track/0GqaZ1L5KAXMNngAZbGvLf
2021-04-16T16:43:04Z,Diamonds Dancing (feat. Travis Scott),"Young Stoner Life, Young Thug, Gunna, Travis Scott",Slime Language 2,7uZqvqXzzYMKrexKxdcGmd,https://open.spotify.com/track/7uZqvqXzzYMKrexKxdcGmd
2021-04-16T05:06:17Z,Solid (feat. Drake),"Young Stoner Life, Young Thug, Gunna, Drake",Slime Language 2,6rTInqW3YECMkQsBEHw4sd,https://open.spotify.com/track/6rTInqW3YECMkQsBEHw4sd
2021-04-15T22:38:44Z,Last Call,Kanye West,The College Dropout,7iOhWWYjhhQiXzF4o4HhXN,https://open.spotify.com/track/7iOhWWYjhhQiXzF4o4HhXN
2021-04-11T17:37:24Z,Lift Yourself,Kanye West,Lift Yourself,3uYDO9dPLTVrgfwg7EYXSf,https://open.spotify.com/track/3uYDO9dPLTVrgfwg7EYXSf
2021-04-11T03:46:15Z,lilac days,.clouds,twilight walks,3x68kynq6IEb4M3Zx8ZKM0,https://open.spotify.com/track/3x68kynq6IEb4M3Zx8ZKM0
2021-04-10T15:52:21Z,Rule #1 (feat. Lil Yachty),"DDG, OG Parker, Lil Yachty",Die 4 Respect,2Lr9sAuH6FJooeT0fY1yXB,https://open.spotify.com/track/2Lr9sAuH6FJooeT0fY1yXB
2021-04-10T15:51:59Z,RAPSTAR,Polo G,RAPSTAR,43PGPuHIlVOc04jrZVh9L6,https://open.spotify.com/track/43PGPuHIlVOc04jrZVh9L6
2021-04-07T05:41:18Z,Richer,"Rod Wave, Polo G",Richer,0yMv0y3fe0QOQ2Zig0FAOg,https://open.spotify.com/track/0yMv0y3fe0QOQ2Zig0FAOg
2021-04-06T04:59:29Z,Narcos,Migos,Culture II,0wbnC9AUenxp613TYaJsGK,https://open.spotify.com/track/0wbnC9AUenxp613TYaJsGK
2021-04-04T01:51:38Z,Lo Lo,Omah Lay,Get Layd,20hZEnFjyvUIk4YkONRGMZ,https://open.spotify.com/track/20hZEnFjyvUIk4YkONRGMZ
2021-04-04T01:50:22Z,Damn,Omah Lay,Get Layd,1ZiTQSxZmbff7hmjD8fENw,https://open.spotify.com/track/1ZiTQSxZmbff7hmjD8fENw
2021-04-03T13:44:28Z,Let It Blow (feat. Lil Uzi Vert),"Only The Family, Memo600, Lil Uzi Vert",Only The Family - Lil Durk Presents: Loyal Bros,37pJXTDeK0wd7d9wOdTyOH,https://open.spotify.com/track/37pJXTDeK0wd7d9wOdTyOH
2021-04-03T13:40:47Z,Hellcats & Trackhawks,"Only The Family, Lil Durk",Only The Family - Lil Durk Presents: Loyal Bros,53tv6ZbyeAwfAUwFaxYbfO,https://open.spotify.com/track/53tv6ZbyeAwfAUwFaxYbfO
2021-03-27T00:48:14Z,Michigan,Chavo,Michigan,7o2Ttn5aFdrBON1zfdzJfg,https://open.spotify.com/track/7o2Ttn5aFdrBON1zfdzJfg
2021-03-24T22:52:35Z,Blood On the Money,Future,DS2 (Deluxe),2KBzUcKeNdsujWiK3djHvd,https://open.spotify.com/track/2KBzUcKeNdsujWiK3djHvd
2021-03-24T21:52:02Z,The Percocet & Stripper Joint,Future,DS2 (Deluxe),1yCVsVH2hQ72SxNI8QTDaB,https://open.spotify.com/track/1yCVsVH2hQ72SxNI8QTDaB
2021-03-22T05:28:41Z,Yes Indeed,"Lil Baby, Drake",Harder Than Ever,6vN77lE9LK6HP2DewaN6HZ,https://open.spotify.com/track/6vN77lE9LK6HP2DewaN6HZ
2021-03-20T19:58:45Z,Bad Influence,Omah Lay,Bad Influence,2c00DlvpzthGKcyXpe5GHa,https://open.spotify.com/track/2c00DlvpzthGKcyXpe5GHa
2021-03-17T18:10:53Z,Bam,"JAŸ-Z, Damian Marley",4:44,6Iuh3vNjpWhSeHM3RZgzQL,https://open.spotify.com/track/6Iuh3vNjpWhSeHM3RZgzQL
2021-03-16T22:11:12Z,Limbo,KYSLINGO,Limbo,0BvjlVAQyuvImrRgCvtR8O,https://open.spotify.com/track/0BvjlVAQyuvImrRgCvtR8O
2021-03-16T22:07:23Z,The Law of Recognition,KYSLINGO,The Law of Recognition,2C3iuuYK5x902AzEvDAeHN,https://open.spotify.com/track/2C3iuuYK5x902AzEvDAeHN
2021-03-16T16:09:08Z,Stick Talk,Future,DS2 (Deluxe),20fAoPjfYltmd3K3bO7gbt,https://open.spotify.com/track/20fAoPjfYltmd3K3bO7gbt
2021-03-16T01:55:46Z,Kbaby,KESHORE,Wallflower,5tHUcX2VQi7Usdh3PX4yZE,https://open.spotify.com/track/5tHUcX2VQi7Usdh3PX4yZE
2021-03-13T14:07:42Z,All To Me,GIVĒON,When It's All Said And Done... Take Time,5JycxhApZmzbA4xSwvqh6k,https://open.spotify.com/track/5JycxhApZmzbA4xSwvqh6k
2021-03-13T14:07:38Z,Last Time (feat. Snoh Aalegra),"GIVĒON, Snoh Aalegra",When It's All Said And Done... Take Time,0RJD0uJykyJH6vFzz6ufaE,https://open.spotify.com/track/0RJD0uJykyJH6vFzz6ufaE
2021-03-13T14:07:38Z,Stuck On You,GIVĒON,When It's All Said And Done... Take Time,3LBM25IgxI9y549SiYxtSi,https://open.spotify.com/track/3LBM25IgxI9y549SiYxtSi
2021-03-13T14:07:35Z,Still Your Best,GIVĒON,When It's All Said And Done... Take Time,6qvtoU0gbkaOcTx6mnVDgV,https://open.spotify.com/track/6qvtoU0gbkaOcTx6mnVDgV
2021-03-13T14:07:34Z,When It's All Said And Done,GIVĒON,When It's All Said And Done... Take Time,2wP1SEiYQk9s1hFdyZIgEr,https://open.spotify.com/track/2wP1SEiYQk9s1hFdyZIgEr
2021-03-13T14:07:33Z,Vanish,GIVĒON,When It's All Said And Done... Take Time,0JGTZ66hMX1D7fZCijIIfU,https://open.spotify.com/track/0JGTZ66hMX1D7fZCijIIfU
2021-03-13T14:07:32Z,Like I Want You,GIVĒON,When It's All Said And Done... Take Time,1RohgA8t3qiVc5HcAroDgf,https://open.spotify.com/track/1RohgA8t3qiVc5HcAroDgf
2021-03-13T14:07:30Z,Heartbreak Anniversary,GIVĒON,When It's All Said And Done... Take Time,27tDoZsybt3KvJWTDoW9id,https://open.spotify.com/track/27tDoZsybt3KvJWTDoW9id
2021-03-13T14:07:28Z,Favorite Mistake,GIVĒON,When It's All Said And Done... Take Time,3RVPyPf55ceoDjsshTWG1a,https://open.spotify.com/track/3RVPyPf55ceoDjsshTWG1a
2021-03-13T14:07:28Z,This Ain't Love,GIVĒON,When It's All Said And Done... Take Time,0Lvzyxvpd0NNf52Wp8zV0u,https://open.spotify.com/track/0Lvzyxvpd0NNf52Wp8zV0u
2021-03-13T14:07:26Z,World We Created,GIVĒON,When It's All Said And Done... Take Time,044KJJGIudjZXd1R0tq0DW,https://open.spotify.com/track/044KJJGIudjZXd1R0tq0DW
2021-03-13T14:07:26Z,Take Time (Interlude),GIVĒON,When It's All Said And Done... Take Time,1VRt3UDpkAEfjGViw6E1rZ,https://open.spotify.com/track/1VRt3UDpkAEfjGViw6E1rZ
2021-03-13T14:07:24Z,The Beach,GIVĒON,When It's All Said And Done... Take Time,1QRpKIlwwqXxDgQEXSvR92,https://open.spotify.com/track/1QRpKIlwwqXxDgQEXSvR92
2021-03-13T03:14:06Z,Heartbreak Anniversary,GIVĒON,TAKE TIME,3FAJ6O0NOHQV8Mc5Ri6ENp,https://open.spotify.com/track/3FAJ6O0NOHQV8Mc5Ri6ENp
2021-03-08T01:03:55Z,Grave Digger (feat. Young Thug),"Doe Boy, Young Thug",Streetz Need Me 2,5qjZn9TOqo7nwkAJNEhOaJ,https://open.spotify.com/track/5qjZn9TOqo7nwkAJNEhOaJ
2021-03-05T06:04:09Z,Distance,Tory Lanez,PLAYBOY,1eW4XynQ3uk7Xi01hAzedv,https://open.spotify.com/track/1eW4XynQ3uk7Xi01hAzedv
2021-03-05T05:48:11Z,Lemon Pepper Freestyle (feat. Rick Ross),"Drake, Rick Ross",Scary Hours 2,4FRW5Nza1Ym91BGV4nFWXI,https://open.spotify.com/track/4FRW5Nza1Ym91BGV4nFWXI
2021-03-05T05:39:13Z,Wants and Needs (feat. Lil Baby),"Drake, Lil Baby",Scary Hours 2,65OVbaJR5O1RmwOQx0875b,https://open.spotify.com/track/65OVbaJR5O1RmwOQx0875b
2021-03-04T04:50:52Z,Love Me,"Lil Wayne, Drake, Future",I Am Not A Human Being II (Deluxe),7tGlzXJv6GD5e5qlu5YmDg,https://open.spotify.com/track/7tGlzXJv6GD5e5qlu5YmDg
2021-03-03T14:30:38Z,Glory Bridge (feat. A Boogie Wit da Hoodie),"Chief Keef, A Boogie Wit da Hoodie",Dedication,3WJUgVhgYaHPJmx9iYvvhk,https://open.spotify.com/track/3WJUgVhgYaHPJmx9iYvvhk
2021-02-27T19:55:24Z,Beat Box 3 (feat. DaBaby),"SpotemGottem, DaBaby",Beat Box 3 (feat. DaBaby),6toQdWWc4noiOk3Eo5mVDS,https://open.spotify.com/track/6toQdWWc4noiOk3Eo5mVDS
2021-02-23T22:10:04Z,Marcy Me,JAŸ-Z,4:44,5oynsOy80DnodTslgaj3cr,https://open.spotify.com/track/5oynsOy80DnodTslgaj3cr
2021-02-23T22:06:54Z,3005,Childish Gambino,Because the Internet,2ZltjIqztEpZtafc8w0I9t,https://open.spotify.com/track/2ZltjIqztEpZtafc8w0I9t
2021-02-22T02:36:42Z,Bad Company (feat. BlocBoy JB),"A$AP Rocky, BlocBoy JB",Bad Company (feat. BlocBoy JB),3ZYwSDF9knZI0RVlKR4PHC,https://open.spotify.com/track/3ZYwSDF9knZI0RVlKR4PHC
2021-02-15T05:37:21Z,CAROUSEL,Travis Scott,ASTROWORLD,7KZ5MMVgBVox9ycroB2UrI,https://open.spotify.com/track/7KZ5MMVgBVox9ycroB2UrI
2021-02-13T04:06:38Z,NC-17,Travis Scott,ASTROWORLD,6BJbOXDlgVAXSaq6wYFYT2,https://open.spotify.com/track/6BJbOXDlgVAXSaq6wYFYT2
2021-02-12T14:04:46Z,Calling My Phone,"Lil Tjay, 6LACK",Calling My Phone,5Kskr9LcNYa0tpt5f0ZEJx,https://open.spotify.com/track/5Kskr9LcNYa0tpt5f0ZEJx
2021-02-11T16:13:58Z,Kobe,Chief Keef,Finally Rich (Deluxe),1RkOJtrrYNeF5DLVtx0CG4,https://open.spotify.com/track/1RkOJtrrYNeF5DLVtx0CG4
2021-02-11T06:14:05Z,No Church In The Wild,"JAŸ-Z, Kanye West, Frank Ocean, The-Dream",Watch The Throne (Deluxe),3Osd3Yf8K73aj4ySn6LrvK,https://open.spotify.com/track/3Osd3Yf8K73aj4ySn6LrvK
2021-02-10T02:25:51Z,All Me,"Drake, 2 Chainz, Big Sean",Nothing Was The Same (Deluxe),7y911sqgHGHcyU4ivapjwi,https://open.spotify.com/track/7y911sqgHGHcyU4ivapjwi
2021-02-09T14:09:05Z,Blood On The Leaves,Kanye West,Yeezus,42GcjriRK6srwHkfbkBqVl,https://open.spotify.com/track/42GcjriRK6srwHkfbkBqVl
2021-02-09T14:03:27Z,Real Friends,Kanye West,The Life Of Pablo,66Q3fAmSX5eHamgbKa9alP,https://open.spotify.com/track/66Q3fAmSX5eHamgbKa9alP
2021-02-06T23:03:53Z,Homecoming,"Kanye West, Chris Martin",Graduation,2ovQ5MCx91XVjgVWEPfvks,https://open.spotify.com/track/2ovQ5MCx91XVjgVWEPfvks
2021-02-06T22:52:57Z,All Falls Down,"Kanye West, Syleena Johnson",The College Dropout,5SkRLpaGtvYPhw02vZhQQ9,https://open.spotify.com/track/5SkRLpaGtvYPhw02vZhQQ9
2021-02-06T22:48:01Z,Mercy,"Kanye West, Big Sean, Pusha T, 2 Chainz",Mercy,4qikXelSRKvoCqFcHLB2H2,https://open.spotify.com/track/4qikXelSRKvoCqFcHLB2H2
2021-02-06T22:29:22Z,Heartless,Kanye West,808s & Heartbreak,4EWCNWgDS8707fNSZ1oaA5,https://open.spotify.com/track/4EWCNWgDS8707fNSZ1oaA5
2021-02-05T20:12:42Z,GNF (OKOKOK),Polo G,GNF (OKOKOK),1A8990rtwHQ417l3yADe5t,https://open.spotify.com/track/1A8990rtwHQ417l3yADe5t
2021-01-27T02:04:15Z,Back in Blood (feat. Lil Durk),"Pooh Shiesty, Lil Durk",Back In Blood (feat. Lil Durk),7JuHVG3qQKQKxC4doneXVW,https://open.spotify.com/track/7JuHVG3qQKQKxC4doneXVW
2021-01-25T03:33:32Z,Do Yoga,Rae Sremmurd,SremmLife 2 (Deluxe),0Ic9AMmXhdk7l53KmTqdFO,https://open.spotify.com/track/0Ic9AMmXhdk7l53KmTqdFO
2021-01-24T18:35:59Z,Both Eyes Closed (feat. 2 Chainz and Young Dolph),"Gucci Mane, 2 Chainz, Young Dolph",Droptopwop,5HtziFfFGxXpugCqZaAHoY,https://open.spotify.com/track/5HtziFfFGxXpugCqZaAHoY
2021-01-24T18:17:24Z,Major (feat. Key Glock),"Young Dolph, Key Glock",Role Model,3Yt2ph8Ko0JBANpdawzSF2,https://open.spotify.com/track/3Yt2ph8Ko0JBANpdawzSF2
2021-01-21T03:19:17Z,Sky,Playboi Carti,Whole Lotta Red,29TPjc8wxfz4XMn21O7VsZ,https://open.spotify.com/track/29TPjc8wxfz4XMn21O7VsZ
2021-01-20T17:57:35Z,On the River (feat. Wiz Khalifa),"Young Dolph, Wiz Khalifa",Gelato,5QbzvnhnS0CZMHjFGIwfHd,https://open.spotify.com/track/5QbzvnhnS0CZMHjFGIwfHd
2021-01-16T05:41:56Z,Honey,Nathan Benjamin,Honey,3HslFQ37rjVJPKOohsdFdp,https://open.spotify.com/track/3HslFQ37rjVJPKOohsdFdp
2021-01-16T05:23:17Z,Soul Ties,Major Nine,Soul Ties,6wHRMZiD5Tn3XdIZKZWjJ7,https://open.spotify.com/track/6wHRMZiD5Tn3XdIZKZWjJ7
2021-01-02T19:40:40Z,M3tamorphosis (feat. Kid Cudi),"Playboi Carti, Kid Cudi",Whole Lotta Red,7zLMYtNJcabv4h4wBnjNQI,https://open.spotify.com/track/7zLMYtNJcabv4h4wBnjNQI
2021-01-02T06:25:54Z,Tequila Shots,Kid Cudi,Man On The Moon III: The Chosen,30KctD1WsHKTIYczXjip5a,https://open.spotify.com/track/30KctD1WsHKTIYczXjip5a
2021-01-01T23:11:12Z,ROOF,Jessie Reyez,BEFORE LOVE CAME TO KILL US,4RtDsnX2POXFbiDaCgkcaq,https://open.spotify.com/track/4RtDsnX2POXFbiDaCgkcaq
2020-12-30T15:36:57Z,Beno!,Playboi Carti,Whole Lotta Red,4CYTQpr2jc4uBScYvpEK2w,https://open.spotify.com/track/4CYTQpr2jc4uBScYvpEK2w
2020-12-29T02:10:09Z,Stop Breathing,Playboi Carti,Whole Lotta Red,2lLG56qpLP3UbcLuzMvkWX,https://open.spotify.com/track/2lLG56qpLP3UbcLuzMvkWX
2020-12-28T05:41:20Z,Thought It Was a Drought,Future,DS2 (Deluxe),5ihDGnhQgMA0F0tk9fNLlA,https://open.spotify.com/track/5ihDGnhQgMA0F0tk9fNLlA
2020-12-28T03:47:21Z,Place,Playboi Carti,Whole Lotta Red,1Bg2CNZw6S4e9cGWPmi0uI,https://open.spotify.com/track/1Bg2CNZw6S4e9cGWPmi0uI
2020-12-25T17:19:29Z,Vamp Anthem,Playboi Carti,Whole Lotta Red,4CzhtKifG867Lu5DNQVBSA,https://open.spotify.com/track/4CzhtKifG867Lu5DNQVBSA
2020-12-25T07:17:01Z,Good Days,SZA,Good Days,1bWh6WbYzSFxsOKzE4EpUu,https://open.spotify.com/track/1bWh6WbYzSFxsOKzE4EpUu
2020-12-25T05:45:44Z,ILoveUIHateU,Playboi Carti,Whole Lotta Red,1BpKJw4RZxaFB88NE5uxXf,https://open.spotify.com/track/1BpKJw4RZxaFB88NE5uxXf
2020-12-25T05:23:12Z,New N3on,Playboi Carti,Whole Lotta Red,7ejepEh5DJ79YI6owGRfkk,https://open.spotify.com/track/7ejepEh5DJ79YI6owGRfkk
2020-12-25T05:12:16Z,New Tank,Playboi Carti,Whole Lotta Red,4txKMpsSfZRV6durPuHVq0,https://open.spotify.com/track/4txKMpsSfZRV6durPuHVq0
2020-12-25T05:02:24Z,Go2DaMoon (feat. Kanye West),"Playboi Carti, Kanye West",Whole Lotta Red,0F13K9dwYH2zpTWiR8d628,https://open.spotify.com/track/0F13K9dwYH2zpTWiR8d628
2020-12-19T06:36:56Z,Statement,G Herbo,Statement,79lRUyyy0iwWRkbFFNJ95S,https://open.spotify.com/track/79lRUyyy0iwWRkbFFNJ95S
2020-12-15T23:19:09Z,Rise and Shine,J. Cole,Cole World: The Sideline Story,1CivPhVrRCMZixFOQe3NKx,https://open.spotify.com/track/1CivPhVrRCMZixFOQe3NKx
2020-12-15T23:14:26Z,Nobody's Perfect,"J. Cole, Missy Elliott",Cole World: The Sideline Story,6Nw1WHydftZy2joT2nTiCR,https://open.spotify.com/track/6Nw1WHydftZy2joT2nTiCR
2020-12-15T23:13:01Z,High For Hours,J. Cole,High For Hours,4WfjYOo0JxommRm1PyObJl,https://open.spotify.com/track/4WfjYOo0JxommRm1PyObJl
2020-12-15T23:12:12Z,January 28th,J. Cole,2014 Forest Hills Drive,6NyhBA9M6KK0fuVsojxL00,https://open.spotify.com/track/6NyhBA9M6KK0fuVsojxL00
2020-12-15T23:00:25Z,Forbidden Fruit (feat. Kendrick Lamar),"J. Cole, Kendrick Lamar",Born Sinner (Deluxe Version),1mvDFqbbmgmMmU6U4dIq5m,https://open.spotify.com/track/1mvDFqbbmgmMmU6U4dIq5m
2020-12-15T22:58:44Z,A Tale of 2 Citiez,J. Cole,2014 Forest Hills Drive,7lL3MvFWFFSD25pBz72Agj,https://open.spotify.com/track/7lL3MvFWFFSD25pBz72Agj
2020-12-12T17:44:00Z,Guns n Bells,Q Da Fool,100 Round Goon,4OvXom1cuJT3LRXyveGEHd,https://open.spotify.com/track/4OvXom1cuJT3LRXyveGEHd
2020-12-07T03:36:28Z,B.B. King Freestyle (with Drake),"Lil Wayne, Drake",B.B. King Freestyle,6EW1fwOk4JHmTZKINZsyjB,https://open.spotify.com/track/6EW1fwOk4JHmTZKINZsyjB
2020-12-04T15:44:19Z,On Me,Lil Baby,On Me,4Iedi94TIaB2GGb1nMB68v,https://open.spotify.com/track/4Iedi94TIaB2GGb1nMB68v
2020-12-03T01:11:55Z,"Shadow Man (feat. Phoelix, Smino & Saba)","Noname, Phoelix, Smino, Saba",Telefone,1h2LHhmyAXi8tPNLi806JA,https://open.spotify.com/track/1h2LHhmyAXi8tPNLi806JA
2020-12-03T01:07:19Z,Diddy Bop (feat. Cam O'bi & Raury),"Noname, Cam O'bi, Raury",Telefone,6JvfBzqZmSiEG5MjM7OcSY,https://open.spotify.com/track/6JvfBzqZmSiEG5MjM7OcSY
2020-11-30T06:21:54Z,Nothing,Bruno Major,To Let A Good Thing Die,2IAR0DziHCjSu16gR4ihvy,https://open.spotify.com/track/2IAR0DziHCjSu16gR4ihvy
2020-11-30T05:21:03Z,Easily,Bruno Major,A Song For Every Moon,2k9N4caeCIJLOWwWwssrEM,https://open.spotify.com/track/2k9N4caeCIJLOWwWwssrEM
2020-11-30T05:06:02Z,Skin,Dijon,Skin,467t3218y3yihFcyDGWjr0,https://open.spotify.com/track/467t3218y3yihFcyDGWjr0
2020-11-30T05:06:00Z,Drunk,Dijon,Drunk,2cUV93Y7FLGR42ycRRf0bL,https://open.spotify.com/track/2cUV93Y7FLGR42ycRRf0bL
2020-11-30T03:43:35Z,Red Light (Bonus),"DC THE DON, Almighty Jay, DDG",Come As You Are,18zPLdGOIvsJXARebkQt0H,https://open.spotify.com/track/18zPLdGOIvsJXARebkQt0H
2020-11-27T05:53:18Z,BookBag 2.0 (feat. Polo G),"BigKayBeezy, Polo G",Bad Intentions,0vwOWwl785S9EU1wtbeLLJ,https://open.spotify.com/track/0vwOWwl785S9EU1wtbeLLJ
2020-11-27T05:42:38Z,Flex Up (feat. Future & Playboi Carti),"Lil Yachty, Future, Playboi Carti",Lil Boat 3.5,5Ryu0SlsYjKh78RkJUONFr,https://open.spotify.com/track/5Ryu0SlsYjKh78RkJUONFr
2020-11-26T23:44:27Z,Best Part (feat. H.E.R.),"Daniel Caesar, H.E.R.",H.E.R.,4OBZT9EnhYIV17t4pGw7ig,https://open.spotify.com/track/4OBZT9EnhYIV17t4pGw7ig
2020-11-22T01:06:42Z,GTA (feat. 42 Dugg),"Meek Mill, 42 Dugg",QUARANTINE PACK,7wAFfH245FJP77ZugGVISe,https://open.spotify.com/track/7wAFfH245FJP77ZugGVISe
2020-11-20T16:22:29Z,Win (feat. Kenny Beats),"Q Da Fool, Kenny Beats",Win (feat. Kenny Beats),3RMVEnANWM9KAWrYshJgNO,https://open.spotify.com/track/3RMVEnANWM9KAWrYshJgNO
2020-11-20T16:21:34Z,Catch Up,Q Da Fool,100 Round Goon,1TRQ3gpAEg8J9pYgB4ALms,https://open.spotify.com/track/1TRQ3gpAEg8J9pYgB4ALms
2020-11-18T06:10:25Z,Tic Tac,"Future, Lil Uzi Vert",Pluto x Baby Pluto (Deluxe),0anUgBvnA4u5LsHUeLRprc,https://open.spotify.com/track/0anUgBvnA4u5LsHUeLRprc
2020-11-16T16:51:54Z,Camera,"DJ Drama, FKi 1st, Post Malone, Lil Uzi Vert, Mac Miller",Quality Street Music 2,3sQ6KL5clLt1gHSVM9VGRb,https://open.spotify.com/track/3sQ6KL5clLt1gHSVM9VGRb
2020-11-13T13:20:24Z,Marni On Me,"Future, Lil Uzi Vert",Pluto x Baby Pluto,6NaVCCFGylOLZAgk5eTTid,https://open.spotify.com/track/6NaVCCFGylOLZAgk5eTTid
2020-11-13T13:20:23Z,Stripes Like Burberry,"Future, Lil Uzi Vert",Pluto x Baby Pluto,6lt8iodSkYWEV0ifKCSlfg,https://open.spotify.com/track/6lt8iodSkYWEV0ifKCSlfg
2020-11-11T18:11:22Z,Good Morning,Trippie Redd,Pegasus,0NzH3fU6dpigJZCu1lP4lz,https://open.spotify.com/track/0NzH3fU6dpigJZCu1lP4lz
2020-11-04T22:54:04Z,Just a Minute,Moonchild,Please Rewind,303SuLHaty4ZjXldXkxPyx,https://open.spotify.com/track/303SuLHaty4ZjXldXkxPyx
2020-11-04T22:47:59Z,Cure,Moonchild,Voyager,6eJczgR1Hi9pQMcy1NEIGG,https://open.spotify.com/track/6eJczgR1Hi9pQMcy1NEIGG
2020-11-04T22:42:37Z,The List,Moonchild,Voyager,0MezoO982AZR3AcfEZAdO0,https://open.spotify.com/track/0MezoO982AZR3AcfEZAdO0
2020-11-04T15:10:16Z,Blessed,Daniel Caesar,Freudian,0KyzXQhY2yzcb1FYCHkZc2,https://open.spotify.com/track/0KyzXQhY2yzcb1FYCHkZc2
2020-11-01T20:07:13Z,Nobody (feat. Kanye West),"Chief Keef, Kanye West",Nobody,5hw9L1kJRy102skKX73DEa,https://open.spotify.com/track/5hw9L1kJRy102skKX73DEa
2020-10-30T05:22:11Z,Look Over Your Shoulder (feat. Kendrick Lamar),"Busta Rhymes, Kendrick Lamar",Look Over Your Shoulder (feat. Kendrick Lamar),5aULAy3NUfelCYKub4mOS9,https://open.spotify.com/track/5aULAy3NUfelCYKub4mOS9
2020-10-29T16:11:17Z,Thinkin Bout You,Frank Ocean,channel ORANGE,7DfFc7a6Rwfi3YQMRbDMau,https://open.spotify.com/track/7DfFc7a6Rwfi3YQMRbDMau
2020-10-27T12:29:25Z,Photosynthesis,"Saba, Jean Deaux",Bucket List Project,3DlgDXIYtnWtJKiB8bZQMv,https://open.spotify.com/track/3DlgDXIYtnWtJKiB8bZQMv
2020-10-27T12:26:26Z,1539 N. Calvert,JPEGMAFIA,Veteran,6XyxCBp6x3jvtxXvMN5sAA,https://open.spotify.com/track/6XyxCBp6x3jvtxXvMN5sAA
2020-10-27T04:43:51Z,Crumble,Kevin Abstract,ARIZONA BABY,3ls9lmPJ7xROR2VL5Kv1Gz,https://open.spotify.com/track/3ls9lmPJ7xROR2VL5Kv1Gz
2020-10-27T04:31:03Z,Peach,Kevin Abstract,ARIZONA BABY,5JRMqkR82k2fdDEAim9SCN,https://open.spotify.com/track/5JRMqkR82k2fdDEAim9SCN
2020-10-27T03:45:20Z,Rehab (Winter In Paris),Brent Faiyaz,Fuck The World,0zWbYGQq5O1KQd0iqzgjP6,https://open.spotify.com/track/0zWbYGQq5O1KQd0iqzgjP6
2020-10-26T21:50:44Z,Violent Crimes,Kanye West,ye,3s7MCdXyWmwjdcWh7GWXas,https://open.spotify.com/track/3s7MCdXyWmwjdcWh7GWXas
2020-10-26T21:45:09Z,In My Room,Frank Ocean,In My Room,4S4Mfvv03M1cHgIOJcbUCL,https://open.spotify.com/track/4S4Mfvv03M1cHgIOJcbUCL
2020-10-23T04:08:44Z,PRACTICE,DaBaby,BLAME IT ON BABY (DELUXE),4Z5FyQlevoHoa5FsIVKZju,https://open.spotify.com/track/4Z5FyQlevoHoa5FsIVKZju
2020-10-14T22:19:08Z,,,,5MvCurNMpM3WCCSs40cd37,https://open.spotify.com/track/5MvCurNMpM3WCCSs40cd37
2020-10-14T15:02:31Z,Did It Again,"Jay Critch, Rich The Kid",Rich Forever 3,1cm5coyxJoSmdr4WmHgyGj,https://open.spotify.com/track/1cm5coyxJoSmdr4WmHgyGj
2020-10-12T20:40:28Z,ASTROTHUNDER,Travis Scott,ASTROWORLD,4MXhiYIRDMGAuvZc5IFTwC,https://open.spotify.com/track/4MXhiYIRDMGAuvZc5IFTwC
2020-10-09T02:42:24Z,Real,"Kendrick Lamar, Anna Wise","good kid, m.A.A.d city (Deluxe)",5d8yMIlqJH78lwOUP7T3oF,https://open.spotify.com/track/5d8yMIlqJH78lwOUP7T3oF
2020-10-09T02:22:51Z,"Sing About Me, I'm Dying Of Thirst",Kendrick Lamar,"good kid, m.A.A.d city (Deluxe)",3q2v8QaTnHLveAQzR6gvYm,https://open.spotify.com/track/3q2v8QaTnHLveAQzR6gvYm
2020-10-09T01:35:44Z,Backseat Freestyle,Kendrick Lamar,"good kid, m.A.A.d city (Deluxe)",3aGibUHhQyBsyumYHylw0K,https://open.spotify.com/track/3aGibUHhQyBsyumYHylw0K
2020-10-05T13:27:45Z,Outta Time (feat. Drake),"Bryson Tiller, Drake",A N N I V E R S A R Y,0LGtMvQJ37SsEYbkP6TcVJ,https://open.spotify.com/track/0LGtMvQJ37SsEYbkP6TcVJ
2020-10-04T20:45:02Z,Virtual (Blue Balenciagas),YNW Melly,I AM YOU,4dqkKnzOJ3fWduqKcHi374,https://open.spotify.com/track/4dqkKnzOJ3fWduqKcHi374
2020-10-02T13:13:07Z,Next To You,Bryson Tiller,A N N I V E R S A R Y,2SSyJ6hTS0JeHTg63wVDZ7,https://open.spotify.com/track/2SSyJ6hTS0JeHTg63wVDZ7
2020-10-02T05:16:14Z,Keep Doing What You're Doing,Bryson Tiller,A N N I V E R S A R Y,1MpQyTgfVMpUOnwKMTSMzu,https://open.spotify.com/track/1MpQyTgfVMpUOnwKMTSMzu
2020-10-02T05:16:07Z,Inhale,Bryson Tiller,A N N I V E R S A R Y,0ycIrEpkyb4lrqE7M1emju,https://open.spotify.com/track/0ycIrEpkyb4lrqE7M1emju
2020-10-02T05:16:05Z,Sorrows,Bryson Tiller,A N N I V E R S A R Y,5TXQCMKN6TgemTL3c4wRTn,https://open.spotify.com/track/5TXQCMKN6TgemTL3c4wRTn
2020-10-02T05:00:46Z,Timeless Interlude,Bryson Tiller,A N N I V E R S A R Y,6Iw6fQVKZi0fWtEQBrTFcP,https://open.spotify.com/track/6Iw6fQVKZi0fWtEQBrTFcP
2020-10-02T04:58:46Z,Things Change,Bryson Tiller,A N N I V E R S A R Y,0LLsvPLHxlUk1x8r77H2b6,https://open.spotify.com/track/0LLsvPLHxlUk1x8r77H2b6
2020-10-02T04:56:22Z,I'm Ready For You,Bryson Tiller,A N N I V E R S A R Y,1zmv0tPVWdbCuvBw90MYwO,https://open.spotify.com/track/1zmv0tPVWdbCuvBw90MYwO
2020-10-02T04:52:29Z,Always Forever,Bryson Tiller,A N N I V E R S A R Y,1LV5cAo02H8h5YlZNcjULM,https://open.spotify.com/track/1LV5cAo02H8h5YlZNcjULM
2020-10-02T04:36:53Z,Last Time (feat. Snoh Aalegra),"GIVĒON, Snoh Aalegra",When It's All Said And Done,2UcZEi2BIfz4wz2fxr6K3a,https://open.spotify.com/track/2UcZEi2BIfz4wz2fxr6K3a
2020-10-02T04:36:52Z,Stuck On You,GIVĒON,When It's All Said And Done,53Nwlr3hxsGsu9eWU5EYjq,https://open.spotify.com/track/53Nwlr3hxsGsu9eWU5EYjq
2020-10-02T04:32:42Z,When It's All Said And Done,GIVĒON,When It's All Said And Done,1ZzRQer7fYeLYfgZuKVbkx,https://open.spotify.com/track/1ZzRQer7fYeLYfgZuKVbkx
2020-10-02T04:30:51Z,Still Your Best,GIVĒON,When It's All Said And Done,2qvWsotNWTvRkwCksOnl92,https://open.spotify.com/track/2qvWsotNWTvRkwCksOnl92
2020-10-02T04:28:05Z,Years Go By,Bryson Tiller,A N N I V E R S A R Y,4SVTus5gJc5cfkFZ8ELK1p,https://open.spotify.com/track/4SVTus5gJc5cfkFZ8ELK1p
2020-10-02T04:22:35Z,Rich Nigga Shit (feat. Young Thug),"21 Savage, Metro Boomin, Young Thug",SAVAGE MODE II,3ruoIF2UnoXdzK8mR61ebq,https://open.spotify.com/track/3ruoIF2UnoXdzK8mR61ebq
2020-10-01T15:06:27Z,If This Is Love,Xavier Omär,The Everlasting Wave,2v9TxPdblHMBRir1y9uIqw,https://open.spotify.com/track/2v9TxPdblHMBRir1y9uIqw
2020-10-01T15:06:26Z,Just Get Here (feat. Wale & VanJess),"Xavier Omär, Sango, Wale, VanJess",Moments Spent Loving You,5cHdOuER9BztlOcbUNBmrQ,https://open.spotify.com/track/5cHdOuER9BztlOcbUNBmrQ
2020-10-01T15:02:46Z,So Much More,Xavier Omär,So Much More,0Dkw16OnTI7oCjltgQz4in,https://open.spotify.com/track/0Dkw16OnTI7oCjltgQz4in
2020-10-01T15:02:45Z,Afraid,Xavier Omär,Afraid,2zIkPM6r0yEjWt18qG3jP3,https://open.spotify.com/track/2zIkPM6r0yEjWt18qG3jP3
2020-10-01T15:02:44Z,Blind Man,Xavier Omär,Blind Man,0DQQRJ4sR3pxwom9L7D7QR,https://open.spotify.com/track/0DQQRJ4sR3pxwom9L7D7QR
2020-09-26T00:04:24Z,Had a Feeling,Chavo,Had a Feeling,5StLywKO2fUIzbn0Xwackq,https://open.spotify.com/track/5StLywKO2fUIzbn0Xwackq
2020-09-25T05:59:46Z,Epidemic,Polo G,Epidemic,170DNUSnQRp1tGpppF26pA,https://open.spotify.com/track/170DNUSnQRp1tGpppF26pA
2020-09-25T05:56:48Z,FRANCHISE (feat. Young Thug & M.I.A.),"Travis Scott, Young Thug, M.I.A.",FRANCHISE (feat. Young Thug & M.I.A.),4jVBIpuOiMj1crqd8LoCrJ,https://open.spotify.com/track/4jVBIpuOiMj1crqd8LoCrJ
2020-09-18T22:30:00Z,Mutual Butterflies,Ryan Trey,august,531MBHrtGF6nAkK4zUafi9,https://open.spotify.com/track/531MBHrtGF6nAkK4zUafi9
2020-09-18T22:27:44Z,THE NEWS,PARTYNEXTDOOR,PARTYMOBILE,46Mk1NVIpCcRIAXY92mWAW,https://open.spotify.com/track/46Mk1NVIpCcRIAXY92mWAW
2020-09-18T05:47:47Z,Dead Man Walking,Brent Faiyaz,Dead Man Walking,5VlTQnZO89Ioku8ssdbqJk,https://open.spotify.com/track/5VlTQnZO89Ioku8ssdbqJk
2020-09-18T05:27:03Z,Dolly (with Lil Uzi Vert),"Lil Tecca, Lil Uzi Vert",Virgo World,77Xwqkw7VrV8E5FCq9JhO8,https://open.spotify.com/track/77Xwqkw7VrV8E5FCq9JhO8
2020-09-17T04:04:00Z,Wyclef Jean,Young Thug,JEFFERY,55OdqrG8WLmsYyY1jijD9b,https://open.spotify.com/track/55OdqrG8WLmsYyY1jijD9b
2020-09-16T20:20:00Z,"Telephone Calls (feat. A$AP Rocky, Tyler, The Creator, Playboi Carti & Yung Gleesh)","A$AP Mob, A$AP Rocky, Tyler, The Creator, Playboi Carti, Yung Gleesh",Cozy Tapes: Vol. 1 Friends -,5VnpYqIzm02X9gOhVElQo3,https://open.spotify.com/track/5VnpYqIzm02X9gOhVElQo3
2020-09-16T18:01:50Z,Canal St. (feat. Bones),"A$AP Rocky, BONES",AT.LONG.LAST.A$AP,0rBMP6VVGRgwnzZCLpijyl,https://open.spotify.com/track/0rBMP6VVGRgwnzZCLpijyl
2020-09-16T17:59:19Z,PICK IT UP (feat. A$AP Rocky),"Famous Dex, A$AP Rocky",Pick It Up (feat. A$AP Rocky),3ncgNpxLoBQ65ABk4djDyd,https://open.spotify.com/track/3ncgNpxLoBQ65ABk4djDyd
2020-09-15T05:21:42Z,Boredom (feat. Rex Orange County & Anna of the North),"Tyler, The Creator, Rex Orange County, Anna of the North",Flower Boy,5WNYg3usc6H8N3MBEp4zVk,https://open.spotify.com/track/5WNYg3usc6H8N3MBEp4zVk
2020-09-15T05:15:08Z,Who Dat Boy (feat. A$AP Rocky),"Tyler, The Creator, A$AP Rocky",Flower Boy,21yRtB6B8EMounImAfHRCP,https://open.spotify.com/track/21yRtB6B8EMounImAfHRCP
2020-09-15T05:07:39Z,911 / Mr. Lonely (feat. Frank Ocean & Steve Lacy),"Tyler, The Creator, Frank Ocean, Steve Lacy",Flower Boy,4bEcoz1OcfMgUbp2ft8ieQ,https://open.spotify.com/track/4bEcoz1OcfMgUbp2ft8ieQ
2020-09-15T05:03:17Z,She,"Tyler, The Creator, Frank Ocean",Goblin,4y4KG66qCAN2TTevOAEjHy,https://open.spotify.com/track/4y4KG66qCAN2TTevOAEjHy
2020-09-15T04:47:31Z,Potato Salad,"Tyler, The Creator, A$AP Rocky",Potato Salad,1jzIJcHCXneHw7ojC6LXiF,https://open.spotify.com/track/1jzIJcHCXneHw7ojC6LXiF
2020-09-11T15:43:54Z,I Got You (ft. Busta Rhymes),"Trippie Redd, Busta Rhymes",I Got You (ft. Busta Rhymes),6cF39bo8KFmLbsSdP0qoJa,https://open.spotify.com/track/6cF39bo8KFmLbsSdP0qoJa
2020-09-11T12:13:38Z,Hello (feat. A Boogie Wit da Hoodie),"Pop Smoke, A Boogie Wit da Hoodie",Shoot For The Stars Aim For The Moon (Deluxe),2r6OAV3WsYtXuXjvJ1lIDi,https://open.spotify.com/track/2r6OAV3WsYtXuXjvJ1lIDi
2020-09-04T19:27:58Z,Callin (feat. Snoop Dogg),"YoungBoy Never Broke Again, Snoop Dogg",Tracks from Top,5ZiAWafwH9N572lPB6F95J,https://open.spotify.com/track/5ZiAWafwH9N572lPB6F95J
2020-08-30T13:14:43Z,Love Is Only a Feeling,Joey Bada$$,Love Is Only a Feeling,7umZiitjVsEjMQ6HNddpUI,https://open.spotify.com/track/7umZiitjVsEjMQ6HNddpUI
2020-08-30T03:58:34Z,Yah Mean,Playboi Carti,Playboi Carti,5MUxrNd7Gr2HksLcAlB0IO,https://open.spotify.com/track/5MUxrNd7Gr2HksLcAlB0IO
2020-08-29T14:33:33Z,Like I Want You,GIVĒON,TAKE TIME,6qBFSepqLCuh5tehehc1bd,https://open.spotify.com/track/6qBFSepqLCuh5tehehc1bd
2020-08-29T14:01:27Z,Biking,"Frank Ocean, JAŸ-Z, Tyler, The Creator",Biking,2q0VexHJirnUPnEOhr2DxK,https://open.spotify.com/track/2q0VexHJirnUPnEOhr2DxK
2020-08-29T13:44:15Z,Spice Girl,Aminé,Good For You,4HW5kSQ8M2IQWZhSxERvla,https://open.spotify.com/track/4HW5kSQ8M2IQWZhSxERvla
2020-08-29T13:36:23Z,Purity (feat. Frank Ocean),"A$AP Rocky, Frank Ocean",TESTING,2MF4HtZHBoUliOi9nOAbS0,https://open.spotify.com/track/2MF4HtZHBoUliOi9nOAbS0
2020-08-23T00:19:09Z,Pilot Jones,Frank Ocean,channel ORANGE,2ohegz9maxzroKBu9YhcCM,https://open.spotify.com/track/2ohegz9maxzroKBu9YhcCM
2020-08-22T14:42:52Z,Sierra Leone,Frank Ocean,channel ORANGE,1HwbgJAU9PZ7YbzKgVgoIF,https://open.spotify.com/track/1HwbgJAU9PZ7YbzKgVgoIF
2020-08-22T14:35:44Z,Futura Free,Frank Ocean,Blonde,5k8LB57xOq8UUNVaKWSqrf,https://open.spotify.com/track/5k8LB57xOq8UUNVaKWSqrf
2020-08-22T14:29:14Z,Godspeed,Frank Ocean,Blonde,34xTFwjPQ1dC6uJmleno7x,https://open.spotify.com/track/34xTFwjPQ1dC6uJmleno7x
2020-08-22T14:25:34Z,Seigfried,Frank Ocean,Blonde,1BViPjTT585XAhkUUrkts0,https://open.spotify.com/track/1BViPjTT585XAhkUUrkts0
2020-08-22T14:19:55Z,White Ferrari,Frank Ocean,Blonde,2LMkwUfqC6S6s6qDVlEuzV,https://open.spotify.com/track/2LMkwUfqC6S6s6qDVlEuzV
2020-08-22T14:19:54Z,Close To You,Frank Ocean,Blonde,1VZLEW5ZfcAbKZ94XQiSZF,https://open.spotify.com/track/1VZLEW5ZfcAbKZ94XQiSZF
2020-08-22T14:14:50Z,Pretty Sweet,Frank Ocean,Blonde,17yrCsl1Ai6CZLBmGj6d6p,https://open.spotify.com/track/17yrCsl1Ai6CZLBmGj6d6p
2020-08-22T13:45:48Z,Nights,Frank Ocean,Blonde,7eqoqGkKwgOaWNNHx90uEZ,https://open.spotify.com/track/7eqoqGkKwgOaWNNHx90uEZ
2020-08-22T13:40:54Z,Self Control,Frank Ocean,Blonde,5GUYJTQap5F3RDQiCOJhrS,https://open.spotify.com/track/5GUYJTQap5F3RDQiCOJhrS
2020-08-22T13:40:52Z,Skyline To,Frank Ocean,Blonde,4xR3MAscflQ262kMeiKshQ,https://open.spotify.com/track/4xR3MAscflQ262kMeiKshQ
2020-08-22T13:40:49Z,Solo,Frank Ocean,Blonde,35xSkNIXi504fcEwz9USRB,https://open.spotify.com/track/35xSkNIXi504fcEwz9USRB
2020-08-22T13:08:14Z,Nikes,Frank Ocean,Blonde,19YKaevk2bce4odJkP5L22,https://open.spotify.com/track/19YKaevk2bce4odJkP5L22
2020-08-22T04:44:06Z,"The Plan - From the Motion Picture ""TENET""",Travis Scott,"The Plan (From the Motion Picture ""TENET"")",551xyaSJsg8hILXFq9JdST,https://open.spotify.com/track/551xyaSJsg8hILXFq9JdST
2020-08-15T23:46:41Z,Murder Rate (feat. Polo G),"Blueface, Polo G",Find The Beat,0eu0YHRc7cnMjtAQOE7Xyb,https://open.spotify.com/track/0eu0YHRc7cnMjtAQOE7Xyb
2020-08-15T17:59:35Z,Slow Down (with H.E.R.),"Skip Marley, H.E.R.",Slow Down (with H.E.R.),73FDJgnjt6ZcxoiavN6XrS,https://open.spotify.com/track/73FDJgnjt6ZcxoiavN6XrS
2020-08-15T04:10:06Z,Through The Wire,Rod Wave,Pray 4 Love (Deluxe),5DBdAu8Zs7YMWODjuFq6EX,https://open.spotify.com/track/5DBdAu8Zs7YMWODjuFq6EX
2020-08-10T06:15:26Z,Blue Pill,"Metro Boomin, Travis Scott",Blue Pill,3VFI494i8DoYzkA5boYxCw,https://open.spotify.com/track/3VFI494i8DoYzkA5boYxCw
2020-08-10T06:05:41Z,Fish N Grits (feat. Travis Scott),"Wale, Travis Scott",Shine,0NXPhjI07GdAm4mF5CSuzA,https://open.spotify.com/track/0NXPhjI07GdAm4mF5CSuzA
2020-08-10T05:54:50Z,Check,Young Thug,Barter 6,1jk9c0gZI0wbn5GvAj7PBV,https://open.spotify.com/track/1jk9c0gZI0wbn5GvAj7PBV
2020-08-10T05:49:41Z,R.I.C.O. (feat. Drake),"Meek Mill, Drake",Dreams Worth More Than Money,0Y0TOsE1q11qgbi7c5WZsG,https://open.spotify.com/track/0Y0TOsE1q11qgbi7c5WZsG
2020-08-10T05:23:19Z,No Shopping (feat. Drake),"French Montana, Drake",MONTANA,43uQtNJUmlEdJtjbz6GdGL,https://open.spotify.com/track/43uQtNJUmlEdJtjbz6GdGL
2020-08-10T01:48:30Z,Offended (feat. Young Thug & 21 Savage),"Meek Mill, Young Thug, 21 Savage",DC4,40WxFAbt8UEK7jKLmIxRNY,https://open.spotify.com/track/40WxFAbt8UEK7jKLmIxRNY
2020-08-09T17:55:03Z,Can’t Decide,Aminé,Limbo,7xEVy3xCkmRSbYavgefnsI,https://open.spotify.com/track/7xEVy3xCkmRSbYavgefnsI
2020-08-09T02:16:08Z,Brown Paper Bag,Migos,Culture,5wihevBA7MO9PNYyWyTfkh,https://open.spotify.com/track/5wihevBA7MO9PNYyWyTfkh
2020-08-07T06:10:07Z,"Pressure In My Palms (feat. slowthai, Vince Staples)","Aminé, slowthai, Vince Staples",Limbo,2nWB8ZpA1lxulicEUzTQ6W,https://open.spotify.com/track/2nWB8ZpA1lxulicEUzTQ6W
2020-08-07T05:27:06Z,Shimmy,Aminé,Limbo,1PlitoLAYkgjm8YIg79ouK,https://open.spotify.com/track/1PlitoLAYkgjm8YIg79ouK
2020-08-07T04:18:20Z,Mood Swings (feat. Lil Tjay),"Pop Smoke, Lil Tjay",Shoot For The Stars Aim For The Moon,5rZlwNFl01HqLWBQGryKSm,https://open.spotify.com/track/5rZlwNFl01HqLWBQGryKSm
2020-07-31T21:10:43Z,Patek,"Future, Lil Uzi Vert",Patek,76MjtLfZoTNc3BDqUVjuRH,https://open.spotify.com/track/76MjtLfZoTNc3BDqUVjuRH
2020-07-31T04:35:00Z,bitches broken hearts,Billie Eilish,bitches broken hearts,5t3Vk8bRKylx4fjj7qlbib,https://open.spotify.com/track/5t3Vk8bRKylx4fjj7qlbib
2020-07-31T04:27:51Z,Don't Be Mad At Me (Remix),"JasonMartin, Freddie Gibbs, Snoop Dogg",Don't Be Mad At Me (Remix),5BG9s0tpkw5ZPDsfhVzwRz,https://open.spotify.com/track/5BG9s0tpkw5ZPDsfhVzwRz
2020-07-26T21:26:19Z,WUNNA FLO (feat. Yak Gotti),"Gunna, Yak Gotti",WUNNA (Deluxe),7uZXXMz8td5gRf75oupj9B,https://open.spotify.com/track/7uZXXMz8td5gRf75oupj9B
2020-07-24T04:09:20Z,RELENTLESS (feat. Lil Uzi Vert),"Gunna, Lil Uzi Vert",WUNNA (Deluxe),6nDSLDomNqfet6w0r1GHAz,https://open.spotify.com/track/6nDSLDomNqfet6w0r1GHAz
2020-07-23T23:59:50Z,No Explanation,"Joey Bada$$, Pusha T",The Light Pack,7FW4HUo39yRwGVxEoHqTa4,https://open.spotify.com/track/7FW4HUo39yRwGVxEoHqTa4
2020-07-23T23:59:49Z,Shine,Joey Bada$$,The Light Pack,64Dy3qJDCFug6CySbswdbO,https://open.spotify.com/track/64Dy3qJDCFug6CySbswdbO
2020-07-23T22:59:42Z,The Light,Joey Bada$$,The Light Pack,5LyK4EaVofQjOvJ4OGhdfv,https://open.spotify.com/track/5LyK4EaVofQjOvJ4OGhdfv
2020-07-23T22:03:47Z,t h e . c l i m b . b a c k,J. Cole,Lewis Street,0FlfN5cbUUpIHCRH8X1M44,https://open.spotify.com/track/0FlfN5cbUUpIHCRH8X1M44
2020-07-23T22:01:05Z,Lion King On Ice,J. Cole,Lewis Street,1ZvBVbsaNqHEP6ymXaPGlj,https://open.spotify.com/track/1ZvBVbsaNqHEP6ymXaPGlj
2020-07-17T19:07:03Z,Tryna Smoke (feat. Chris Brown & Snoop Dogg) - Remix,"Jhené Aiko, Chris Brown, Snoop Dogg",Chilombo (Deluxe),20aFFCP7UcwViYhgkRTOg5,https://open.spotify.com/track/20aFFCP7UcwViYhgkRTOg5
2020-07-17T06:02:35Z,Money Now (feat. Tyga & Johnny Yukon),"KYLE, Johnny Yukon, Tyga",Money Now (feat. Tyga & Johnny Yukon),2P88a8aJtNJtlZBJhCCzOB,https://open.spotify.com/track/2P88a8aJtNJtlZBJhCCzOB
2020-07-12T22:33:16Z,Foreigner (feat. A Boogie Wit da Hoodie),"Pop Smoke, A Boogie Wit da Hoodie",Meet The Woo 2,7AdTyfK7fnvUYbUCGpWqUf,https://open.spotify.com/track/7AdTyfK7fnvUYbUCGpWqUf
2020-07-12T22:22:55Z,Trap House (feat. Shoreline Mafia),"03 Greedo, Shoreline Mafia",Still Summer In The Projects,6ZxX2vmH5WLufcOqenLjfb,https://open.spotify.com/track/6ZxX2vmH5WLufcOqenLjfb
2020-07-12T21:05:03Z,Heart Mind,"Kodak Black, Plies",FEMA (Finesse Elevate Motivate Achieve),2OPxM2L3KtuehqY24vTMGs,https://open.spotify.com/track/2OPxM2L3KtuehqY24vTMGs
2020-07-12T05:28:31Z,You're Too Precious,James Blake,You're Too Precious,5teYCP3pROESCEaASCVf5w,https://open.spotify.com/track/5teYCP3pROESCEaASCVf5w
2020-07-12T05:24:05Z,Mile High (feat. Travis Scott & Metro Boomin),"James Blake, Travis Scott, Metro Boomin",Assume Form,4cQrSREMqBSvJ8ZzBZjVb8,https://open.spotify.com/track/4cQrSREMqBSvJ8ZzBZjVb8
2020-07-12T05:18:28Z,"King's Dead (with Kendrick Lamar, Future & James Blake)","Jay Rock, Kendrick Lamar, Future, James Blake","King's Dead (with Kendrick Lamar, Future & James Blake)",51rXHuKN8Loc4sUlKPODgH,https://open.spotify.com/track/51rXHuKN8Loc4sUlKPODgH
2020-07-11T17:02:45Z,Wishing Well,Juice WRLD,Legends Never Die,6o3QUC5oAE4g6WxRIFcZtb,https://open.spotify.com/track/6o3QUC5oAE4g6WxRIFcZtb
2020-07-10T14:48:54Z,Party Girl (Remix),"StaySolidRocky, Lil Uzi Vert",Party Girl (Remix),0XkmeG97T4mtYlWRJcrxec,https://open.spotify.com/track/0XkmeG97T4mtYlWRJcrxec
2020-07-10T13:53:00Z,Shabba (feat. A$AP Rocky),"A$AP Ferg, A$AP Rocky",Trap Lord,7eaKWfov7b2Qa2n6HTesL3,https://open.spotify.com/track/7eaKWfov7b2Qa2n6HTesL3
2020-07-10T13:52:38Z,Crooked Smile (feat. TLC),"J. Cole, TLC",Born Sinner,6JG0qhINKVwiHxqN85j7RG,https://open.spotify.com/track/6JG0qhINKVwiHxqN85j7RG
2020-07-10T13:42:56Z,White Tee (with NO1-NOAH),"Summer Walker, NO1-NOAH",Life On Earth - EP,5m0eMnsWwzgGsUxe1mhFYR,https://open.spotify.com/track/5m0eMnsWwzgGsUxe1mhFYR
2020-07-10T13:42:55Z,My Affection (with PARTYNEXTDOOR),"Summer Walker, PARTYNEXTDOOR",Life On Earth - EP,2aSM4sbNN7cSmpYOG0sf46,https://open.spotify.com/track/2aSM4sbNN7cSmpYOG0sf46
2020-07-10T13:37:43Z,SWV (with NO1-NOAH),"Summer Walker, NO1-NOAH",Life On Earth - EP,4ii5S0UcGpdAANl098llgB,https://open.spotify.com/track/4ii5S0UcGpdAANl098llgB
2020-07-10T04:31:01Z,Blood On My Jeans,Juice WRLD,Legends Never Die,3MmCFghNjzZMn3HKqbVizn,https://open.spotify.com/track/3MmCFghNjzZMn3HKqbVizn
2020-07-08T01:55:16Z,Trap Niggas,Future,DS2 (Deluxe),6elNeXUhiuHPD9hH5rocQi,https://open.spotify.com/track/6elNeXUhiuHPD9hH5rocQi
2020-07-08T01:41:02Z,Trillionaire (feat. Youngboy Never Broke Again),"Future, YoungBoy Never Broke Again",High Off Life,740kQ8xwSGloumdiKR5Cwz,https://open.spotify.com/track/740kQ8xwSGloumdiKR5Cwz
2020-07-07T06:48:36Z,90210 (feat. Kacy Hill),"Travis Scott, Kacy Hill",Rodeo,51EC3I1nQXpec4gDk0mQyP,https://open.spotify.com/track/51EC3I1nQXpec4gDk0mQyP
2020-07-07T04:37:29Z,From Florida With Love,Drake,Dark Lane Demo Tapes,0YkUwXxnTkeJBvt5upeEtP,https://open.spotify.com/track/0YkUwXxnTkeJBvt5upeEtP
2020-07-06T16:52:24Z,Rags2Riches (feat. ATR Son Son),"Rod Wave, ATR Son Son",Pray 4 Love,1ENdcyhqdylaLsPVgB83qq,https://open.spotify.com/track/1ENdcyhqdylaLsPVgB83qq
2020-07-06T06:06:10Z,Don't Like.1,"Kanye West, Chief Keef, Pusha T, Big Sean, Jadakiss",Kanye West Presents Good Music Cruel Summer,12D0n7hKpPcjuUpcbAKjjr,https://open.spotify.com/track/12D0n7hKpPcjuUpcbAKjjr
2020-07-06T06:03:16Z,FML,Kanye West,The Life Of Pablo,30Zcjs7pgEkmJA1lEbGSWT,https://open.spotify.com/track/30Zcjs7pgEkmJA1lEbGSWT
2020-07-06T05:58:19Z,Clique,"Kanye West, JAŸ-Z, Big Sean",Clique,3rbNV2GI8Vtd8byhUtXZID,https://open.spotify.com/track/3rbNV2GI8Vtd8byhUtXZID
2020-07-05T06:31:26Z,Dior - Bonus,Pop Smoke,Shoot For The Stars Aim For The Moon,6PnTgx9lyvLGIcPnroCvc2,https://open.spotify.com/track/6PnTgx9lyvLGIcPnroCvc2
2020-07-05T05:41:20Z,Cap Flow (feat. Lil Uzi Vert),"DooWop, Lil Uzi Vert",Cap Flow (feat. Lil Uzi Vert),4FFsncX4pJzUl5XknhNZOe,https://open.spotify.com/track/4FFsncX4pJzUl5XknhNZOe
2020-07-04T16:36:25Z,Gorgeous,"Kanye West, Kid Cudi, Raekwon",My Beautiful Dark Twisted Fantasy,23SZWX2IaDnxmhFsSLvkG2,https://open.spotify.com/track/23SZWX2IaDnxmhFsSLvkG2
2020-07-04T16:28:54Z,Devil In A New Dress,"Kanye West, Rick Ross",My Beautiful Dark Twisted Fantasy,1UGD3lW3tDmgZfAVDh6w7r,https://open.spotify.com/track/1UGD3lW3tDmgZfAVDh6w7r
2020-07-04T04:33:38Z,10 F*CKS (with Mansa),"Tory Lanez, Mansa",The New Toronto 3,7DHNcoR73yUYCSn6PqBgkH,https://open.spotify.com/track/7DHNcoR73yUYCSn6PqBgkH
2020-07-04T04:32:09Z,Who You Foolin,Gunna,Drip or Drown 2,7KVPsVMOK3NL7subwJ0dZj,https://open.spotify.com/track/7KVPsVMOK3NL7subwJ0dZj
2020-07-04T03:25:00Z,Blue Cheese Salad,Young Nudy,Anyways,29HTrWOSmhWUie6QldyrkE,https://open.spotify.com/track/29HTrWOSmhWUie6QldyrkE
2020-07-04T03:12:07Z,Stuck Together (feat. Lil Baby & Future),"Rich The Kid, Lil Baby, Future",BOSS MAN,2MPn5aXEKrRBP5hv8s0HVc,https://open.spotify.com/track/2MPn5aXEKrRBP5hv8s0HVc
2020-07-04T02:56:09Z,10 Freaky Girls (with 21 Savage),"Metro Boomin, 21 Savage",NOT ALL HEROES WEAR CAPES (Deluxe),0AluA5RNsa4Cx6XRhf2hWZ,https://open.spotify.com/track/0AluA5RNsa4Cx6XRhf2hWZ
2020-07-04T02:54:58Z,HEY BIG HEAD,Jack Harlow,Sweet Action,3FWIAl04a9ySFhk4HH15ov,https://open.spotify.com/track/3FWIAl04a9ySFhk4HH15ov
2020-07-03T22:18:00Z,Like Dat,Kodak Black,Institution,788NX6uCNEVuZW8x5BkQqM,https://open.spotify.com/track/788NX6uCNEVuZW8x5BkQqM
2020-07-03T06:26:24Z,West Coast Shit (feat. Tyga & Quavo),"Pop Smoke, Tyga, Quavo",Shoot For The Stars Aim For The Moon,1JDhNQ0oOT7XpclZn3aQ8F,https://open.spotify.com/track/1JDhNQ0oOT7XpclZn3aQ8F
2020-07-03T06:19:52Z,Snitching (feat. Quavo & Future),"Pop Smoke, Quavo, Future",Shoot For The Stars Aim For The Moon,2FhEj9lvEIaJihjFprRrGt,https://open.spotify.com/track/2FhEj9lvEIaJihjFprRrGt
2020-07-03T06:18:05Z,For The Night (feat. Lil Baby & DaBaby),"Pop Smoke, Lil Baby, DaBaby",Shoot For The Stars Aim For The Moon,0PvFJmanyNQMseIFrU708S,https://open.spotify.com/track/0PvFJmanyNQMseIFrU708S
2020-06-30T14:44:28Z,Wash Us In The Blood,"Kanye West, Travis Scott",Wash Us In The Blood,7mEUjhl6aTztdHCrxoTgBG,https://open.spotify.com/track/7mEUjhl6aTztdHCrxoTgBG
2020-06-30T02:53:23Z,Anxiety Freestyle,Sleepy Hallow,Sleepy Hallow Presents: Sleepy For President,2K7b2hTAXej5y014uvwUA6,https://open.spotify.com/track/2K7b2hTAXej5y014uvwUA6
2020-06-30T01:18:43Z,Foulin The Plug,XanMan,Broken,4n7g8Brt21tqjBknts7U1F,https://open.spotify.com/track/4n7g8Brt21tqjBknts7U1F
2020-06-29T21:56:38Z,Pimp God,Premo Rice,Orange Juice Jones,5sBetDzJOOUT2t3bjaxeUp,https://open.spotify.com/track/5sBetDzJOOUT2t3bjaxeUp
2020-06-28T00:43:27Z,I Got the Kick (feat. Abdou),"Foggieraw, Abdou",I Got the Kick (feat. Abdou),7ELIjrj5FPwSh9igzShFsF,https://open.spotify.com/track/7ELIjrj5FPwSh9igzShFsF
2020-06-28T00:13:26Z,Wanna Know Remix (feat. Drake),"Dave, Drake",Wanna Know Remix (feat. Drake),7bPLo5Fv7h15E2fW3g1mVQ,https://open.spotify.com/track/7bPLo5Fv7h15E2fW3g1mVQ
2020-06-22T15:15:04Z,LA Lisa (feat. Smino),"SiR, Smino",Chasing Summer,3DzQnp8r1kjmeOjXFXWOMc,https://open.spotify.com/track/3DzQnp8r1kjmeOjXFXWOMc
2020-06-21T05:41:17Z,From Time,"Drake, Jhené Aiko",Nothing Was The Same (Deluxe),2WC4sK0ryyysQhtDok9Ytr,https://open.spotify.com/track/2WC4sK0ryyysQhtDok9Ytr
2020-06-21T05:36:35Z,Redemption,Drake,Views,4cRBqWBjuccCowYVHFlXK6,https://open.spotify.com/track/4cRBqWBjuccCowYVHFlXK6
2020-06-20T17:28:02Z,Timeless,Tee Grizzley,The Smartest,3l2Y0YXXWl83ZVYkE7H4uw,https://open.spotify.com/track/3l2Y0YXXWl83ZVYkE7H4uw
2020-06-20T17:22:41Z,Trenches (feat. Big Sean),"Tee Grizzley, Big Sean",The Smartest,1YARvmnEtIcMubDqNlUhEC,https://open.spotify.com/track/1YARvmnEtIcMubDqNlUhEC
2020-06-18T19:17:49Z,G.O.M.D.,J. Cole,2014 Forest Hills Drive,16qYlQ6koFxYVbiJbGHblz,https://open.spotify.com/track/16qYlQ6koFxYVbiJbGHblz
2020-06-18T17:19:23Z,Once an Addict - Interlude,J. Cole,KOD,0Px86mRlxdB3YqpK6KXWlr,https://open.spotify.com/track/0Px86mRlxdB3YqpK6KXWlr
2020-06-18T17:13:38Z,FRIENDS (feat. kiLL edward),"J. Cole, kiLL edward",KOD,6onwlDmIVKE8bBgyBRSuS0,https://open.spotify.com/track/6onwlDmIVKE8bBgyBRSuS0
2020-06-18T16:59:45Z,BRACKETS,J. Cole,KOD,5sWbwccBcyHsg5LEKWGZo9,https://open.spotify.com/track/5sWbwccBcyHsg5LEKWGZo9
2020-06-18T16:56:19Z,Kevin’s Heart,J. Cole,KOD,6tZ3b7ik1QDXFAZlXib0YZ,https://open.spotify.com/track/6tZ3b7ik1QDXFAZlXib0YZ
2020-06-18T16:56:17Z,Motiv8,J. Cole,KOD,1AT4xjNarTswd0UZ5FlmKF,https://open.spotify.com/track/1AT4xjNarTswd0UZ5FlmKF
2020-06-18T16:56:15Z,ATM,J. Cole,KOD,2UciqgwVDwro0fev3MFbxJ,https://open.spotify.com/track/2UciqgwVDwro0fev3MFbxJ
2020-06-18T16:47:07Z,Photograph,J. Cole,KOD,0bhnUFDQFCEHCBlsQfHnj5,https://open.spotify.com/track/0bhnUFDQFCEHCBlsQfHnj5
2020-06-18T16:45:21Z,KOD,J. Cole,KOD,7yotKA30dwTKNEGomV9ZsI,https://open.spotify.com/track/7yotKA30dwTKNEGomV9ZsI
2020-06-18T16:29:10Z,INTRUDERS,Jessie Reyez,BEFORE LOVE CAME TO KILL US,5dWtSsXTOn5uQzMVMv2X3j,https://open.spotify.com/track/5dWtSsXTOn5uQzMVMv2X3j
2020-06-17T07:50:06Z,Snow On Tha Bluff,J. Cole,Snow On Tha Bluff,1oOEkBNp4zWnkD7nWjJdog,https://open.spotify.com/track/1oOEkBNp4zWnkD7nWjJdog
2020-06-14T06:23:43Z,Can't Tell Me Nothing,Kanye West,Graduation,2MIBAmYwiuGoKUlpq9B9sZ,https://open.spotify.com/track/2MIBAmYwiuGoKUlpq9B9sZ
2020-06-14T06:21:07Z,Good Life,"Kanye West, T-Pain",Graduation,14blxrgE0VWAgv5aF2wWmx,https://open.spotify.com/track/14blxrgE0VWAgv5aF2wWmx
2020-06-14T06:20:38Z,Flashing Lights,"Kanye West, Dwele",Graduation,31I3Rt1bPa2LrE74DdNizO,https://open.spotify.com/track/31I3Rt1bPa2LrE74DdNizO
2020-06-14T06:11:54Z,Planez,"Jeremih, J. Cole",Late Nights: The Album,08zJpaUQVi9FrKv2e32Bah,https://open.spotify.com/track/08zJpaUQVi9FrKv2e32Bah
2020-06-14T06:09:15Z,Work,A$AP Ferg,Work,54oACFHRfeOa7VD0FTQSkJ,https://open.spotify.com/track/54oACFHRfeOa7VD0FTQSkJ
2020-06-08T05:59:21Z,Do Your Dance (feat. Moneybagg Yo),"JayDaYoungan, Moneybagg Yo",Baby23,3YeSWIVpImPxclQHu98yUe,https://open.spotify.com/track/3YeSWIVpImPxclQHu98yUe
2020-06-08T05:56:40Z,Peer Pressure (feat. Kevin Gates),"JayDaYoungan, Kevin Gates",Baby23,6XN3noHv18duuE7ZTR2bVV,https://open.spotify.com/track/6XN3noHv18duuE7ZTR2bVV
2020-06-08T05:50:20Z,IDK (feat. DeJ Loaf),"JayDaYoungan, DeJ Loaf",Baby23,5e4ssrrojMF4GwajwQa5oy,https://open.spotify.com/track/5e4ssrrojMF4GwajwQa5oy
2020-06-06T00:08:25Z,Bad Luck,Sleepy Hallow,Sleepy Hallow Presents: Sleepy For President,35spty9m0U8K84sSSJs9cQ,https://open.spotify.com/track/35spty9m0U8K84sSSJs9cQ
2020-06-05T23:39:25Z,Nauseous,"Sleepy Hallow, Jay Critch",Sleepy Hallow Presents: Sleepy For President,3wKG74MPOC0j1gpUhlCb3O,https://open.spotify.com/track/3wKG74MPOC0j1gpUhlCb3O
2020-06-04T23:04:45Z,Pink Matter,"Frank Ocean, André 3000",channel ORANGE,1fOkmYW3ZFkkjIdOZSf596,https://open.spotify.com/track/1fOkmYW3ZFkkjIdOZSf596
2020-06-04T22:58:05Z,Maria I'm Drunk (feat. Justin Bieber & Young Thug),"Travis Scott, Justin Bieber, Young Thug",Rodeo,6Yqmv7XJLCrQEauMbPGZSw,https://open.spotify.com/track/6Yqmv7XJLCrQEauMbPGZSw
2020-06-02T16:12:44Z,Alright,Kendrick Lamar,Alright,0ECs7wpW9157Tk5yBUGbE0,https://open.spotify.com/track/0ECs7wpW9157Tk5yBUGbE0
2020-05-30T19:19:11Z,Cap Guns,G Herbo,PTSD (Deluxe),72rDChstjJ47ABLAVOuL90,https://open.spotify.com/track/72rDChstjJ47ABLAVOuL90
2020-05-30T19:06:01Z,Like This,"G Herbo, Lil Uzi Vert",PTSD (Deluxe),2sXQgBaLmGpiIx6SyUhkPQ,https://open.spotify.com/track/2sXQgBaLmGpiIx6SyUhkPQ
2020-05-29T19:17:38Z,Let Go,"D Smoke, SiR",Let Go,1O2wgYfOdpcoWnZbdbrpMh,https://open.spotify.com/track/1O2wgYfOdpcoWnZbdbrpMh
2020-05-29T04:41:11Z,Both Sides (feat. Lil Baby),"Gucci Mane, Lil Baby",Both Sides (feat. Lil Baby),34xlXbZ4Ws3GGpUKeimDu5,https://open.spotify.com/track/34xlXbZ4Ws3GGpUKeimDu5
2020-05-29T04:33:02Z,"T.D (Lil Yachty & Tierra Whack feat. A$AP Rocky & Tyler, The Creator)","Lil Yachty, Tierra Whack, A$AP Rocky, Tyler, The Creator",Lil Boat 3,0gO3E51A3fqp0ypJ26QbVP,https://open.spotify.com/track/0gO3E51A3fqp0ypJ26QbVP
2020-05-27T05:42:47Z,The Take (feat. Chris Brown),"Tory Lanez, Chris Brown",Chixtape 5,0Odu228D0yGcFySGuxU4rY,https://open.spotify.com/track/0Odu228D0yGcFySGuxU4rY
2020-05-24T19:59:56Z,Trap or Cap,Young M.A,Red Flu,04WcxfTz7qwm2DZ1F3bTTt,https://open.spotify.com/track/04WcxfTz7qwm2DZ1F3bTTt
2020-05-22T18:23:48Z,NASTY GIRL / ON CAMERA,Gunna,WUNNA,2f8y4CuG57UJEmkG3ujd0D,https://open.spotify.com/track/2f8y4CuG57UJEmkG3ujd0D
2020-05-22T18:23:45Z,MET GALA,Gunna,WUNNA,4loM16743hROPC6uIJG6wM,https://open.spotify.com/track/4loM16743hROPC6uIJG6wM
2020-05-22T18:19:44Z,TOP FLOOR (feat. Travis Scott),"Gunna, Travis Scott",WUNNA,4YhJ3a6kBPGJWX4Ek77sDd,https://open.spotify.com/track/4YhJ3a6kBPGJWX4Ek77sDd
2020-05-22T18:15:41Z,BLINDFOLD (feat. Lil Baby),"Gunna, Lil Baby",WUNNA,02mYw61RoS1vXvkD9Q5dpN,https://open.spotify.com/track/02mYw61RoS1vXvkD9Q5dpN
2020-05-22T18:14:17Z,DOLLAZ ON MY HEAD (feat. Young Thug),"Gunna, Young Thug",WUNNA,3nS9a01VvXHQriLqJYwRqG,https://open.spotify.com/track/3nS9a01VvXHQriLqJYwRqG
2020-05-22T17:01:29Z,COOLER THAN A BITCH (feat. Roddy Ricch),"Gunna, Roddy Ricch",WUNNA,5LHHKZOwV8XW4LJP2C64mw,https://open.spotify.com/track/5LHHKZOwV8XW4LJP2C64mw
2020-05-20T16:11:38Z,Outer Space Bih,Future,High Off Life,6b3i6FDLfhuB3OB8zeANrH,https://open.spotify.com/track/6b3i6FDLfhuB3OB8zeANrH
2020-05-20T16:02:54Z,Too Comfortable,Future,High Off Life,0biVzpdI2z0vAxwfU9xuuA,https://open.spotify.com/track/0biVzpdI2z0vAxwfU9xuuA
2020-05-20T15:54:58Z,Harlem Shake (feat. Young Thug),"Future, Young Thug",High Off Life,3cFHCXuBZKMJd8Q4Wt8RB3,https://open.spotify.com/track/3cFHCXuBZKMJd8Q4Wt8RB3
2020-05-20T13:40:32Z,Hard To Choose One,Future,High Off Life,66z5CuZkqkb18VhFTRwbZk,https://open.spotify.com/track/66z5CuZkqkb18VhFTRwbZk
2020-05-20T12:01:44Z,One Of My,Future,High Off Life,12ZpiGAd2uPgJiofgoZMue,https://open.spotify.com/track/12ZpiGAd2uPgJiofgoZMue
2020-05-18T21:13:24Z,WUNNA,Gunna,WUNNA,6HY3arOe4dD8UQ0oVDJ18E,https://open.spotify.com/track/6HY3arOe4dD8UQ0oVDJ18E
2020-05-16T00:39:35Z,Roses,Kanye West,Late Registration,2DHNCWZYmVr1Lv08q5b0kB,https://open.spotify.com/track/2DHNCWZYmVr1Lv08q5b0kB
2020-05-15T19:08:28Z,Last Name (feat. Lil Durk),"Future, Lil Durk",High Off Life,1Sm3NRIXjCqYWSi8NlV8fd,https://open.spotify.com/track/1Sm3NRIXjCqYWSi8NlV8fd
2020-05-15T06:37:34Z,Beautiful Pain (Losin My Mind),Polo G,THE GOAT,4SIB2yxKoFOrbkjA4zfQbB,https://open.spotify.com/track/4SIB2yxKoFOrbkjA4zfQbB
2020-05-15T06:11:57Z,100 Shooters (feat. Meek Mill & Doe Boy),"Future, Meek Mill, Doe Boy",High Off Life,3Uoy2lrZdhocMWO0jIdjAp,https://open.spotify.com/track/3Uoy2lrZdhocMWO0jIdjAp
2020-05-15T06:01:53Z,21,Polo G,THE GOAT,3JKgcAa7r07ocVWcV8bS0H,https://open.spotify.com/track/3JKgcAa7r07ocVWcV8bS0H
2020-05-15T05:56:39Z,Flex (feat. Juice WRLD),"Polo G, Juice WRLD",THE GOAT,2QqJTIlGKRLJC3onkavYEz,https://open.spotify.com/track/2QqJTIlGKRLJC3onkavYEz
2020-05-15T05:54:53Z,Wishing For A Hero (feat. BJ The Chicago Kid),"Polo G, BJ The Chicago Kid",THE GOAT,192RjH0gN6en7nE6ElN96T,https://open.spotify.com/track/192RjH0gN6en7nE6ElN96T
2020-05-15T05:44:05Z,All Bad (feat. Lil Uzi Vert),"Future, Lil Uzi Vert",High Off Life,021lWIHJrURZrmvYQ1xcM8,https://open.spotify.com/track/021lWIHJrURZrmvYQ1xcM8
2020-05-15T05:43:22Z,Racks 2 Skinny,Migos,Racks 2 Skinny,568OIKgeHyGRD3uWR44JbO,https://open.spotify.com/track/568OIKgeHyGRD3uWR44JbO
2020-05-15T05:40:30Z,Be Something,"Polo G, Lil Baby",THE GOAT,65jw6GhwQW3Db55PxlPEpS,https://open.spotify.com/track/65jw6GhwQW3Db55PxlPEpS
2020-05-15T05:38:00Z,Solitaires (feat. Travis Scott),"Future, Travis Scott",High Off Life,4kfeRwpq5KUaqTkgi4TbDF,https://open.spotify.com/track/4kfeRwpq5KUaqTkgi4TbDF
2020-05-11T06:42:57Z,Status (feat. Lil Uzi Vert),"NAV, Lil Uzi Vert",Good Intentions,6KhmSJf9FvdAcq1tr8LcYD,https://open.spotify.com/track/6KhmSJf9FvdAcq1tr8LcYD
2020-05-11T06:39:56Z,No Debate (feat. Young Thug),"NAV, Young Thug",Good Intentions,29eSqQBrdva2tPLYMneFzP,https://open.spotify.com/track/29eSqQBrdva2tPLYMneFzP
2020-05-08T18:07:20Z,Deep End Freestyle,"Sleepy Hallow, Fousheé",Deep End Freestyle,4zTPYAf5scZdp0LnwPPeWK,https://open.spotify.com/track/4zTPYAf5scZdp0LnwPPeWK
2020-05-08T07:36:13Z,Catch Me Outside,Ski Mask The Slump God,You Will Regret (Reloaded),4rgwri7LajWVZvdj2N81SS,https://open.spotify.com/track/4rgwri7LajWVZvdj2N81SS
2020-05-08T07:35:15Z,Faucet Failure,Ski Mask The Slump God,STOKELEY,1ThmUihH9dF8EV08ku5AXN,https://open.spotify.com/track/1ThmUihH9dF8EV08ku5AXN
2020-05-08T05:37:08Z,3 Headed Goat (feat. Lil Baby & Polo G),"Lil Durk, Lil Baby, Polo G",3 Headed Goat (feat. Lil Baby & Polo G),677KTHp39ZBJ9csDdgymI9,https://open.spotify.com/track/677KTHp39ZBJ9csDdgymI9
2020-05-08T05:31:42Z,Zoo York (feat. Fivio Foreign & Pop Smoke),"Lil Tjay, Fivio Foreign, Pop Smoke",State of Emergency,3Ddny34bFoYBb8dIGq5lwp,https://open.spotify.com/track/3Ddny34bFoYBb8dIGq5lwp
2020-05-08T00:25:36Z,Need Me,J.I the Prince of N.Y,Hood Life Krisis Vol. 1,2dzja72gQodveSpguIQGJl,https://open.spotify.com/track/2dzja72gQodveSpguIQGJl
2020-05-05T23:24:33Z,Low Down,Lil Baby,My Turn (Deluxe),5m0yZ33oOy0yYBtdTXuxQe,https://open.spotify.com/track/5m0yZ33oOy0yYBtdTXuxQe
2020-05-04T05:48:50Z,Toosie Slide,Drake,Dark Lane Demo Tapes,466cKvZn1j45IpxDdYZqdA,https://open.spotify.com/track/466cKvZn1j45IpxDdYZqdA
2020-05-03T18:44:33Z,Modern Slavery,"Huncho Jack, Travis Scott, Quavo","Huncho Jack, Jack Huncho",7J6bnDDitOwfelaJNixHhL,https://open.spotify.com/track/7J6bnDDitOwfelaJNixHhL
2020-05-03T05:09:06Z,Answer,"Tyler, The Creator",Wolf,6rqj2zeKhLy3exkuFi6mSz,https://open.spotify.com/track/6rqj2zeKhLy3exkuFi6mSz
2020-05-03T05:06:31Z,EdEddnEddy,JID,The Never Story,4vmqU3xlzuhxtaeXrtAX1F,https://open.spotify.com/track/4vmqU3xlzuhxtaeXrtAX1F
2020-05-03T05:06:30Z,NEVER,JID,The Never Story,7hsulgRNgbyczeAg8tChCB,https://open.spotify.com/track/7hsulgRNgbyczeAg8tChCB
2020-05-03T05:05:56Z,Workin’ Out - A Colors Show,JID,Workin’ Out - A Colors Show,70QT8Tr8gnAEkeLW3WwN3C,https://open.spotify.com/track/70QT8Tr8gnAEkeLW3WwN3C
2020-05-03T05:03:51Z,Halftime,Young Thug,Barter 6,4BP0An7SXctTY4kF41JxIQ,https://open.spotify.com/track/4BP0An7SXctTY4kF41JxIQ
2020-05-03T04:52:28Z,Met Gala (feat. Offset),"Gucci Mane, Offset",Droptopwop,2XaInsPPUkZRkY4uFJ3AHK,https://open.spotify.com/track/2XaInsPPUkZRkY4uFJ3AHK
2020-05-02T00:53:36Z,Ice Cold,Lil Tjay,Ice Cold,40PPqEI8aCgRGrtp23j9ow,https://open.spotify.com/track/40PPqEI8aCgRGrtp23j9ow
2020-05-01T06:29:05Z,We Paid (feat. 42 Dugg),"Lil Baby, 42 Dugg",My Turn (Deluxe),6gxKUmycQX7uyMwJcweFjp,https://open.spotify.com/track/6gxKUmycQX7uyMwJcweFjp
2020-05-01T06:26:09Z,I Spy,Tee Grizzley,I Spy,5X3rA2iFKmOIG33Kheij8T,https://open.spotify.com/track/5X3rA2iFKmOIG33Kheij8T
2020-05-01T06:09:35Z,Not You Too (feat. Chris Brown),"Drake, Chris Brown",Dark Lane Demo Tapes,3Q4gttWQ6hxqWOa3tHoTNi,https://open.spotify.com/track/3Q4gttWQ6hxqWOa3tHoTNi
2020-05-01T06:09:11Z,Chicago Freestyle (feat. Giveon),"Drake, GIVĒON",Dark Lane Demo Tapes,4wVOKKEHUJxHCFFNUWDn0B,https://open.spotify.com/track/4wVOKKEHUJxHCFFNUWDn0B
2020-05-01T04:18:03Z,Pain 1993 (with Playboi Carti),"Drake, Playboi Carti",Dark Lane Demo Tapes,6Kj17Afjo1OKJYpf5VzCeo,https://open.spotify.com/track/6Kj17Afjo1OKJYpf5VzCeo
2020-04-29T20:29:00Z,Savage Remix (feat. Beyoncé),"Megan Thee Stallion, Beyoncé",Savage Remix (feat. Beyoncé),5v4GgrXPMghOnBBLmveLac,https://open.spotify.com/track/5v4GgrXPMghOnBBLmveLac
2020-04-25T07:19:43Z,Levi High (feat. DaBaby),"DaniLeigh, DaBaby",Levi High (feat. DaBaby),5Pj5LI8U5UfaGEEBsyr18N,https://open.spotify.com/track/5Pj5LI8U5UfaGEEBsyr18N
2020-04-22T21:08:32Z,Swimming Pools (Drank) - Extended Version,Kendrick Lamar,"good kid, m.A.A.d city (Deluxe)",5ujh1I7NZH5agbwf7Hp8Hc,https://open.spotify.com/track/5ujh1I7NZH5agbwf7Hp8Hc
2020-04-22T21:04:15Z,m.A.A.d city,"Kendrick Lamar, MC Eiht","good kid, m.A.A.d city (Deluxe)",2cDCojn6uIBM6A5xTAbl3H,https://open.spotify.com/track/2cDCojn6uIBM6A5xTAbl3H
2020-04-22T20:36:17Z,"Bitch, Don’t Kill My Vibe",Kendrick Lamar,"good kid, m.A.A.d city (Deluxe)",712uvW1Vezq8WpQi38v2L9,https://open.spotify.com/track/712uvW1Vezq8WpQi38v2L9
2020-04-22T20:27:59Z,Poetic Justice,"Kendrick Lamar, Drake","good kid, m.A.A.d city (Deluxe)",2P3SLxeQHPqh8qKB6gtJY2,https://open.spotify.com/track/2P3SLxeQHPqh8qKB6gtJY2
2020-04-21T22:47:02Z,Hype,Drake,Views,5NFYuqu8V6QXc6mzcLImd6,https://open.spotify.com/track/5NFYuqu8V6QXc6mzcLImd6
2020-04-17T12:47:42Z,PICK UP (feat. Quavo),"DaBaby, Quavo",BLAME IT ON BABY,5gNOINI5dXZVom2b36LMOd,https://open.spotify.com/track/5gNOINI5dXZVom2b36LMOd
2020-04-17T12:33:27Z,Everybody Business,Kehlani,Everybody Business,2yNCD3Hs8j30hVZoH6rD3n,https://open.spotify.com/track/2yNCD3Hs8j30hVZoH6rD3n
2020-04-16T17:00:13Z,@ MEH,Playboi Carti,@ MEH,5UusfWUMMLEXLMc1ViNZoe,https://open.spotify.com/track/5UusfWUMMLEXLMc1ViNZoe
2020-04-13T06:21:58Z,Houdini,"Travis Not, Playboi Narti",Houdini,1NOgLYdGD3j65wHY1BxrHT,https://open.spotify.com/track/1NOgLYdGD3j65wHY1BxrHT
2020-04-10T16:39:03Z,Adidas,Tory Lanez,The New Toronto 3,1ptXPpqYdJNYu4g7YEZ303,https://open.spotify.com/track/1ptXPpqYdJNYu4g7YEZ303
2020-04-10T16:39:02Z,Penthouse Red,Tory Lanez,The New Toronto 3,0nh0CYu2oWeHr10rwgweTc,https://open.spotify.com/track/0nh0CYu2oWeHr10rwgweTc
2020-04-10T16:25:57Z,The Coldest Playboy,Tory Lanez,The New Toronto 3,1Yt5ws5j7JENlip4XbLZgy,https://open.spotify.com/track/1Yt5ws5j7JENlip4XbLZgy
2020-04-09T22:29:47Z,Point,XanMan,Xan Servin 2,2w5Qf18KUY1epCmwLa8lui,https://open.spotify.com/track/2w5Qf18KUY1epCmwLa8lui
2020-04-03T16:42:14Z,Cayendo (Side A - Acoustic),Frank Ocean,Cayendo (Side A - Acoustic),72794Eag03xdy7TO0KNuid,https://open.spotify.com/track/72794Eag03xdy7TO0KNuid
2020-04-03T05:41:35Z,Dear April (Side A - Acoustic),Frank Ocean,Dear April (Side A - Acoustic),62ljuuXo0zrcrtJnnOhfxT,https://open.spotify.com/track/62ljuuXo0zrcrtJnnOhfxT
2020-04-03T05:34:26Z,Toosie Slide,Drake,Toosie Slide,127QTOFJsJQp5LbJbu3A1y,https://open.spotify.com/track/127QTOFJsJQp5LbJbu3A1y
2020-04-02T14:07:57Z,100 Racks (Offset feat. Playboi Carti),"Quality Control, Offset, Playboi Carti",Quality Control: Control The Streets Volume 2,4T2dHb8XBYHlVj7Dyo1cW9,https://open.spotify.com/track/4T2dHb8XBYHlVj7Dyo1cW9
2020-04-02T14:00:21Z,Almeda,Solange,When I Get Home,6IAgarq2wDeYzpsY2Kx0Hw,https://open.spotify.com/track/6IAgarq2wDeYzpsY2Kx0Hw
2020-04-01T23:59:45Z,Love You Too Much,Lucky Daye,Painted,4XjnaL1dDauhuvNFz1SLwW,https://open.spotify.com/track/4XjnaL1dDauhuvNFz1SLwW
2020-04-01T14:23:22Z,HAD ENOUGH (feat. Quavo & Offset),"Don Toliver, Quavo, Offset",JACKBOYS,7LGWmZaoS7jZJ5tEi9EcDi,https://open.spotify.com/track/7LGWmZaoS7jZJ5tEi9EcDi
2020-04-01T14:22:34Z,Yamborghini High (feat. Juicy J),"A$AP Mob, Juicy J",Yamborghini High (feat. Juicy J),2rqUblDWJKlMVwh9uJc0Vv,https://open.spotify.com/track/2rqUblDWJKlMVwh9uJc0Vv
2020-03-27T17:46:20Z,Colorado,Kota the Friend,Colorado,3DbBgbnDUOml329rAp2Tbr,https://open.spotify.com/track/3DbBgbnDUOml329rAp2Tbr
2020-03-25T01:15:17Z,Prayers to the Trap God,Roddy Ricch,Please Excuse Me for Being Antisocial,0uIFsRx5caF13RunwkgLYt,https://open.spotify.com/track/0uIFsRx5caF13RunwkgLYt
2020-03-25T01:15:13Z,Roll Dice,Roddy Ricch,Please Excuse Me for Being Antisocial,47FhiQXgLU47HDBYUDlHsd,https://open.spotify.com/track/47FhiQXgLU47HDBYUDlHsd
2020-03-25T01:14:35Z,Big Stepper,Roddy Ricch,Please Excuse Me for Being Antisocial,6x0QNM6f0C2JEjK0hFF8Ca,https://open.spotify.com/track/6x0QNM6f0C2JEjK0hFF8Ca
2020-03-25T01:14:21Z,Perfect Time,Roddy Ricch,Please Excuse Me for Being Antisocial,6kiIVIbmwEw6JvIZc7UG0E,https://open.spotify.com/track/6kiIVIbmwEw6JvIZc7UG0E
2020-03-25T00:54:51Z,Boom Boom Room,Roddy Ricch,Please Excuse Me for Being Antisocial,3aBL75wBGHJnskegE9jyhb,https://open.spotify.com/track/3aBL75wBGHJnskegE9jyhb
2020-03-25T00:38:36Z,Start Wit Me (feat. Gunna),"Roddy Ricch, Gunna",Please Excuse Me for Being Antisocial,7A20WnLkjtZU2d7hIB6Ziu,https://open.spotify.com/track/7A20WnLkjtZU2d7hIB6Ziu
2020-03-22T19:19:58Z,2 Seater (feat. G-Eazy & Offset),"YBN Nahmir, G-Eazy, Offset",2 Seater (feat. G-Eazy & Offset),57lEOoQ3Szzy1xbF89JBWR,https://open.spotify.com/track/57lEOoQ3Szzy1xbF89JBWR
2020-03-22T17:09:10Z,"12.38 (feat. 21 Savage, Ink & Kadhja Bonet)","Childish Gambino, 21 Savage, Ink, Kadhja Bonet",3.15.20,011ZwIM48eD8ee2UBpG8nK,https://open.spotify.com/track/011ZwIM48eD8ee2UBpG8nK
2020-03-21T17:15:36Z,runaway,yung bench,WE LOVE YOU BENCH,1YMs9DtBKGJ0bTMQlwRUdn,https://open.spotify.com/track/1YMs9DtBKGJ0bTMQlwRUdn
2020-03-20T22:31:10Z,Tuo Llac,wrldofjuice,World of Juice,7bfAmmOng5VXpfiYT1OJRd,https://open.spotify.com/track/7bfAmmOng5VXpfiYT1OJRd
2020-03-20T22:20:41Z,Bittersweet,Lianne La Havas,Bittersweet,03Qlgtvz9ux6lmzlv40BEZ,https://open.spotify.com/track/03Qlgtvz9ux6lmzlv40BEZ
2020-03-20T14:42:02Z,PTSD,"G Herbo, Juice WRLD, Lil Uzi Vert, Chance the Rapper",PTSD,3jT2LKH0RSbQ8jIUNFzXm5,https://open.spotify.com/track/3jT2LKH0RSbQ8jIUNFzXm5
2020-03-17T04:00:22Z,Close Enough to Hurt,Rod Wave,Ghetto Gospel,1pqhytCY48GMMK4m9780aE,https://open.spotify.com/track/1pqhytCY48GMMK4m9780aE
2020-03-16T06:44:07Z,Woah,Yung Faygo,2900,6gUcq0ts5IyQQ01HzJqGjJ,https://open.spotify.com/track/6gUcq0ts5IyQQ01HzJqGjJ
2020-03-16T01:53:08Z,Cardigan,Don Toliver,Heaven Or Hell,0Li1OuXXfi7950ilZUFGkF,https://open.spotify.com/track/0Li1OuXXfi7950ilZUFGkF
2020-03-14T16:27:35Z,Bean (Kobe) [feat. Chief Keef],"Lil Uzi Vert, Chief Keef",Eternal Atake (Deluxe) - LUV vs. The World 2,0IpnZchq8ek2A6pGEP2Qb1,https://open.spotify.com/track/0IpnZchq8ek2A6pGEP2Qb1
2020-03-14T02:29:31Z,The Blinding feat. Travis Scott,"J A Y E L E C T R O N I C A, Travis Scott",A Written Testimony,3tnJIJVNuVziKgY38J2HZP,https://open.spotify.com/track/3tnJIJVNuVziKgY38J2HZP
2020-03-13T13:04:13Z,That Way - Bonus Track,Lil Uzi Vert,Eternal Atake (Deluxe) - LUV vs. The World 2,2Fp9qq75MxGrtGUZ2oxk1Z,https://open.spotify.com/track/2Fp9qq75MxGrtGUZ2oxk1Z
2020-03-13T13:04:12Z,Futsal Shuffle 2020 - Bonus Track,Lil Uzi Vert,Eternal Atake (Deluxe) - LUV vs. The World 2,2Zykq8p6eYzEDanzCwI3Yd,https://open.spotify.com/track/2Zykq8p6eYzEDanzCwI3Yd
2020-03-13T13:04:11Z,P2,Lil Uzi Vert,Eternal Atake (Deluxe) - LUV vs. The World 2,1Xd0PWZV3LCEGzc7fkjTeu,https://open.spotify.com/track/1Xd0PWZV3LCEGzc7fkjTeu
2020-03-13T13:04:09Z,Secure The Bag,Lil Uzi Vert,Eternal Atake (Deluxe) - LUV vs. The World 2,2ACvbnhnf1iEuacfCMN1zH,https://open.spotify.com/track/2ACvbnhnf1iEuacfCMN1zH
2020-03-13T13:04:07Z,Venetia,Lil Uzi Vert,Eternal Atake (Deluxe) - LUV vs. The World 2,5mhhIHsPJGqBMTRiFOtHDF,https://open.spotify.com/track/5mhhIHsPJGqBMTRiFOtHDF
2020-03-13T13:04:06Z,Urgency (feat. Syd),"Lil Uzi Vert, Syd",Eternal Atake (Deluxe) - LUV vs. The World 2,1wqD0VFqv9N8bmI2olRhJt,https://open.spotify.com/track/1wqD0VFqv9N8bmI2olRhJt
2020-03-13T13:04:05Z,Prices,"Lil Uzi Vert, WanMor",Eternal Atake (Deluxe) - LUV vs. The World 2,1Gz96Ab9xAEcaUTwaFx0ON,https://open.spotify.com/track/1Gz96Ab9xAEcaUTwaFx0ON
2020-03-13T13:04:04Z,Bust Me,Lil Uzi Vert,Eternal Atake (Deluxe) - LUV vs. The World 2,51aVoX1BhBmsh6bqh61ilC,https://open.spotify.com/track/51aVoX1BhBmsh6bqh61ilC
2020-03-13T13:04:03Z,Chrome Heart Tags,Lil Uzi Vert,Eternal Atake (Deluxe) - LUV vs. The World 2,0Ysvyr0E0v0ufJya13gYwJ,https://open.spotify.com/track/0Ysvyr0E0v0ufJya13gYwJ
2020-03-13T13:04:01Z,Bigger Than Life,"Lil Uzi Vert, WanMor",Eternal Atake (Deluxe) - LUV vs. The World 2,4WQk1ivjM6rphaG8ZDc962,https://open.spotify.com/track/4WQk1ivjM6rphaG8ZDc962
2020-03-13T13:04:00Z,Celebration Station,Lil Uzi Vert,Eternal Atake (Deluxe) - LUV vs. The World 2,0a4kXlqLISIf5PSiyp0Zmp,https://open.spotify.com/track/0a4kXlqLISIf5PSiyp0Zmp
2020-03-13T13:03:59Z,I'm Sorry,Lil Uzi Vert,Eternal Atake (Deluxe) - LUV vs. The World 2,6tYSLPxYbqotnpeNRJbEdK,https://open.spotify.com/track/6tYSLPxYbqotnpeNRJbEdK
2020-03-13T13:03:58Z,Homecoming,Lil Uzi Vert,Eternal Atake (Deluxe) - LUV vs. The World 2,5jUvv1aTcNTgTOsAGlJojn,https://open.spotify.com/track/5jUvv1aTcNTgTOsAGlJojn
2020-03-13T13:03:54Z,You Better Move,Lil Uzi Vert,Eternal Atake (Deluxe) - LUV vs. The World 2,0jBTxdEGB0YvKvZhf3AEIU,https://open.spotify.com/track/0jBTxdEGB0YvKvZhf3AEIU
2020-03-13T13:03:53Z,POP,Lil Uzi Vert,Eternal Atake (Deluxe) - LUV vs. The World 2,61N12G2IDag927XDCmMDr8,https://open.spotify.com/track/61N12G2IDag927XDCmMDr8
2020-03-13T13:03:52Z,Silly Watch,Lil Uzi Vert,Eternal Atake (Deluxe) - LUV vs. The World 2,0eC75aBFF20CCmFeqd21QP,https://open.spotify.com/track/0eC75aBFF20CCmFeqd21QP
2020-03-13T13:03:51Z,Lo Mein,Lil Uzi Vert,Eternal Atake (Deluxe) - LUV vs. The World 2,6gWzuZHMKNtjLUsTPHCX10,https://open.spotify.com/track/6gWzuZHMKNtjLUsTPHCX10
2020-03-13T13:03:49Z,Baby Pluto,Lil Uzi Vert,Eternal Atake (Deluxe) - LUV vs. The World 2,0MBbqhCETOfzONwgSAtKpI,https://open.spotify.com/track/0MBbqhCETOfzONwgSAtKpI
2020-03-13T13:00:47Z,Leaders (feat. NAV),"Lil Uzi Vert, NAV",Eternal Atake (Deluxe) - LUV vs. The World 2,4D7NrSeqkTarBrJ80b2sBc,https://open.spotify.com/track/4D7NrSeqkTarBrJ80b2sBc
2020-03-13T13:00:45Z,Got The Guap (feat. Young Thug),"Lil Uzi Vert, Young Thug",Eternal Atake (Deluxe) - LUV vs. The World 2,1HF6P40Z7nfExGaB1Gk99v,https://open.spotify.com/track/1HF6P40Z7nfExGaB1Gk99v
2020-03-13T13:00:44Z,No Auto (feat. Lil Durk),"Lil Uzi Vert, Lil Durk",Eternal Atake (Deluxe) - LUV vs. The World 2,5erLs80hB2TbFWgSAbVQpe,https://open.spotify.com/track/5erLs80hB2TbFWgSAbVQpe
2020-03-13T13:00:44Z,Money Spread (feat. Young Nudy),"Lil Uzi Vert, Young Nudy",Eternal Atake (Deluxe) - LUV vs. The World 2,5tBdxqz8gauIO8Hh8qwo0H,https://open.spotify.com/track/5tBdxqz8gauIO8Hh8qwo0H
2020-03-13T13:00:42Z,Trap This Way (This Way),Lil Uzi Vert,Eternal Atake (Deluxe) - LUV vs. The World 2,7vTspUAmMKFkUpKL9HLZNL,https://open.spotify.com/track/7vTspUAmMKFkUpKL9HLZNL
2020-03-13T13:00:41Z,Come This Way,Lil Uzi Vert,Eternal Atake (Deluxe) - LUV vs. The World 2,2BjNjFJAQTxqUPGpOnrese,https://open.spotify.com/track/2BjNjFJAQTxqUPGpOnrese
2020-03-13T13:00:38Z,Moon Relate,Lil Uzi Vert,Eternal Atake (Deluxe) - LUV vs. The World 2,4sWGHlZGM1XA7TyWdtBAbA,https://open.spotify.com/track/4sWGHlZGM1XA7TyWdtBAbA
2020-03-13T13:00:35Z,I Can Show You,Lil Uzi Vert,Eternal Atake (Deluxe) - LUV vs. The World 2,0AhJag7VI8uFf3mJFsTwvf,https://open.spotify.com/track/0AhJag7VI8uFf3mJFsTwvf
2020-03-13T13:00:33Z,Strawberry Peels (feat. Young Thug & Gunna),"Lil Uzi Vert, Gunna, Young Thug",Eternal Atake (Deluxe) - LUV vs. The World 2,4lAQfuREAHG8IC0PiiigBt,https://open.spotify.com/track/4lAQfuREAHG8IC0PiiigBt
2020-03-13T13:00:31Z,Wassup (feat. Future),"Lil Uzi Vert, Future",Eternal Atake (Deluxe) - LUV vs. The World 2,19Ec2gbNtQTE44IizcPjtD,https://open.spotify.com/track/19Ec2gbNtQTE44IizcPjtD
2020-03-13T13:00:30Z,Yessirskiii,"Lil Uzi Vert, 21 Savage",Eternal Atake (Deluxe) - LUV vs. The World 2,59JWp4PjZ9TRM8cmtaDYB1,https://open.spotify.com/track/59JWp4PjZ9TRM8cmtaDYB1
2020-03-13T13:00:28Z,Lotus,Lil Uzi Vert,Eternal Atake (Deluxe) - LUV vs. The World 2,4SnlSaLJJ7reJMCHM5YUuX,https://open.spotify.com/track/4SnlSaLJJ7reJMCHM5YUuX
2020-03-13T13:00:27Z,Myron,Lil Uzi Vert,Eternal Atake (Deluxe) - LUV vs. The World 2,56uXDJRCuoS7abX3SkzHKQ,https://open.spotify.com/track/56uXDJRCuoS7abX3SkzHKQ
2020-03-12T20:42:25Z,Lo Mein,Lil Uzi Vert,Eternal Atake,6CUP2khYzdphXebxVTfPE3,https://open.spotify.com/track/6CUP2khYzdphXebxVTfPE3
2020-03-08T01:33:55Z,I Get Luv,Sleepy Hallow,DON'T SLEEP,7LoHryKSypwGyBD2av1EMO,https://open.spotify.com/track/7LoHryKSypwGyBD2av1EMO
2020-03-06T19:13:13Z,Call Out My Name - A Cappella,The Weeknd,"My Dear Melancholy,",5PTfZsGlsDDPH8i3PdQnXJ,https://open.spotify.com/track/5PTfZsGlsDDPH8i3PdQnXJ
2020-03-06T19:13:12Z,Privilege,The Weeknd,"My Dear Melancholy,",0Nwar8rweBUyfyuoyjjUvk,https://open.spotify.com/track/0Nwar8rweBUyfyuoyjjUvk
2020-03-06T19:13:11Z,Hurt You,"The Weeknd, Gesaffelstein","My Dear Melancholy,",6QdnKD1zwEgyOWtkrdzlOF,https://open.spotify.com/track/6QdnKD1zwEgyOWtkrdzlOF
2020-03-06T19:13:10Z,I Was Never There,"The Weeknd, Gesaffelstein","My Dear Melancholy,",1cKHdTo9u0ZymJdPGSh6nq,https://open.spotify.com/track/1cKHdTo9u0ZymJdPGSh6nq
2020-03-06T19:13:09Z,Wasted Times,The Weeknd,"My Dear Melancholy,",7DKS0rX27cCEPsK0R6tFWS,https://open.spotify.com/track/7DKS0rX27cCEPsK0R6tFWS
2020-03-06T19:13:07Z,Try Me,The Weeknd,"My Dear Melancholy,",4ppTAJUbNXELZcoUaL90wo,https://open.spotify.com/track/4ppTAJUbNXELZcoUaL90wo
2020-03-06T19:13:06Z,Call Out My Name,The Weeknd,"My Dear Melancholy,",09mEdoA6zrmBPgTEN5qXmN,https://open.spotify.com/track/09mEdoA6zrmBPgTEN5qXmN
2020-03-06T19:12:11Z,Underwater FlyZone,Trippie Redd,LIFE'S A TRIP,1yQ2jDB77soMtb7Z5FQkRb,https://open.spotify.com/track/1yQ2jDB77soMtb7Z5FQkRb
2020-03-06T19:12:08Z,Oomps Revenge,Trippie Redd,LIFE'S A TRIP,3GOZyiebYv432EnVy9XwzE,https://open.spotify.com/track/3GOZyiebYv432EnVy9XwzE
2020-03-06T19:12:07Z,Shake It Up,Trippie Redd,LIFE'S A TRIP,6yz0Jndhv0QjKdpcEMbOjz,https://open.spotify.com/track/6yz0Jndhv0QjKdpcEMbOjz
2020-03-06T19:12:04Z,Dark Knight Dummo,"Trippie Redd, Travis Scott",LIFE'S A TRIP,4apiNNK0jp9uqn3JDG9My1,https://open.spotify.com/track/4apiNNK0jp9uqn3JDG9My1
2020-03-06T19:12:02Z,BANG!,Trippie Redd,LIFE'S A TRIP,1pF74yw15wXk12A1NPVWHD,https://open.spotify.com/track/1pF74yw15wXk12A1NPVWHD
2020-03-06T19:11:56Z,Forever Ever,"Trippie Redd, Young Thug, Reese LAFLARE",LIFE'S A TRIP,2c3qwFINQyRGwyqI97UQiA,https://open.spotify.com/track/2c3qwFINQyRGwyqI97UQiA
2020-03-06T19:11:55Z,Missing My Idols,Trippie Redd,LIFE'S A TRIP,5HnxL39pSgVVQMLP7WnSfv,https://open.spotify.com/track/5HnxL39pSgVVQMLP7WnSfv
2020-03-06T19:11:54Z,Wish - Trippie Mix,"Diplo, Trippie Redd",LIFE'S A TRIP,6IpvkngH89cA3hhPC84Leg,https://open.spotify.com/track/6IpvkngH89cA3hhPC84Leg
2020-03-06T19:11:53Z,Taking A Walk,Trippie Redd,LIFE'S A TRIP,4mHgYpuGHu99Mw69E83CP2,https://open.spotify.com/track/4mHgYpuGHu99Mw69E83CP2
2020-03-06T19:11:52Z,Together,Trippie Redd,LIFE'S A TRIP,6m3LlhdZ0HWn4D7Nnm06MQ,https://open.spotify.com/track/6m3LlhdZ0HWn4D7Nnm06MQ
2020-03-06T19:11:46Z,Camp Fire Tale,Trippie Redd,A Love Letter To You 3,3prLqweRlHjmdsycz41cRh,https://open.spotify.com/track/3prLqweRlHjmdsycz41cRh
2020-03-06T19:11:45Z,Diamond Minds,"Trippie Redd, Tory Lanez, Elliott Trent",A Love Letter To You 3,6bKUUSlzDua0gt0g13OKqw,https://open.spotify.com/track/6bKUUSlzDua0gt0g13OKqw
2020-03-06T19:11:43Z,So Alive,Trippie Redd,A Love Letter To You 3,73pDDTXW6SKqM52N4Rdred,https://open.spotify.com/track/73pDDTXW6SKqM52N4Rdred
2020-03-06T19:11:40Z,Loyalty Before Royalty,Trippie Redd,A Love Letter To You 3,284fVGdbsPtigjjI0jmKXo,https://open.spotify.com/track/284fVGdbsPtigjjI0jmKXo
2020-03-06T19:11:36Z,Wicked,Trippie Redd,A Love Letter To You 3,5iAyI5SlSs1hyWOQeBXvab,https://open.spotify.com/track/5iAyI5SlSs1hyWOQeBXvab
2020-03-06T19:11:33Z,Elevate & Motivate,"Trippie Redd, YoungBoy Never Broke Again, Nel-Denarro",A Love Letter To You 3,5Tp5zlCgbwXLMa3pgYsNMl,https://open.spotify.com/track/5Tp5zlCgbwXLMa3pgYsNMl
2020-03-06T19:11:31Z,A.L.L.T.Y. 3,"Trippie Redd, Baby Goth",A Love Letter To You 3,2ppse4DOEFlzaW7Xu3U76r,https://open.spotify.com/track/2ppse4DOEFlzaW7Xu3U76r
2020-03-06T19:11:31Z,Emani Interlude,"Trippie Redd, Emani 22",A Love Letter To You 3,4aVQevcrgVDwqtRujqZrui,https://open.spotify.com/track/4aVQevcrgVDwqtRujqZrui
2020-03-06T19:11:29Z,Love Scars 3,Trippie Redd,A Love Letter To You 3,0AcicReEGm1qcENjqzh1Tg,https://open.spotify.com/track/0AcicReEGm1qcENjqzh1Tg
2020-03-06T19:11:27Z,Can't Love,Trippie Redd,A Love Letter To You 3,2dKtWPLZvbCzwLRliNn8UI,https://open.spotify.com/track/2dKtWPLZvbCzwLRliNn8UI
2020-03-06T19:11:23Z,Fire Starter,"Trippie Redd, Emani 22",A Love Letter To You 3,2lvOt6VAufWlstrqutilVb,https://open.spotify.com/track/2lvOt6VAufWlstrqutilVb
2020-03-06T19:11:21Z,Topanga,Trippie Redd,A Love Letter To You 3,5aXgz1oKK8Q9z9xvTmSnrO,https://open.spotify.com/track/5aXgz1oKK8Q9z9xvTmSnrO
2020-03-06T19:10:00Z,Show Me Love (feat. Miguel),"Alicia Keys, Miguel",Show Me Love (feat. Miguel),0XPlSuCVQ1nOhzTpFgnDSz,https://open.spotify.com/track/0XPlSuCVQ1nOhzTpFgnDSz
2020-03-06T19:09:52Z,TOGETHER,Aminé,ONEPOINTFIVE,45WkcBtgPS8xulUwEg63X1,https://open.spotify.com/track/45WkcBtgPS8xulUwEg63X1
2020-03-06T19:09:49Z,STFU2,Aminé,ONEPOINTFIVE,05tCaHe9yHLjO2qnXScDNV,https://open.spotify.com/track/05tCaHe9yHLjO2qnXScDNV
2020-03-06T19:09:48Z,RATCHET SATURN GIRL,Aminé,ONEPOINTFIVE,2q4F6OpQgx9umNB9uGFPYo,https://open.spotify.com/track/2q4F6OpQgx9umNB9uGFPYo
2020-03-06T19:09:31Z,SUGARPARENTS (feat. Rico Nasty),"Aminé, Rico Nasty",ONEPOINTFIVE,2WS2N8wgs9Drd5MNJLJxkf,https://open.spotify.com/track/2WS2N8wgs9Drd5MNJLJxkf
2020-03-06T19:09:17Z,CANTU,Aminé,ONEPOINTFIVE,3OzwuqlBU5IInWGKhIDhTq,https://open.spotify.com/track/3OzwuqlBU5IInWGKhIDhTq
2020-03-06T19:09:14Z,DAPPERDAN (feat. G Herbo),"Aminé, G Herbo",ONEPOINTFIVE,0iMIQ9pTAwimaR9gpUwOgo,https://open.spotify.com/track/0iMIQ9pTAwimaR9gpUwOgo
2020-03-06T19:09:13Z,CHINGY,Aminé,ONEPOINTFIVE,5KpUzmHFirESqWjCrXnmWS,https://open.spotify.com/track/5KpUzmHFirESqWjCrXnmWS
2020-03-06T19:09:11Z,SHINE,Aminé,ONEPOINTFIVE,1OWGLpptXlHLw1yibeHiHa,https://open.spotify.com/track/1OWGLpptXlHLw1yibeHiHa
2020-03-06T19:09:10Z,WHY?,Aminé,ONEPOINTFIVE,4qV3FpOX5NQbghsnmx3wKX,https://open.spotify.com/track/4qV3FpOX5NQbghsnmx3wKX
2020-03-06T19:09:09Z,BLACKJACK,Aminé,ONEPOINTFIVE,6U9OkV9oa8kN8LyBGf3wvJ,https://open.spotify.com/track/6U9OkV9oa8kN8LyBGf3wvJ
2020-03-06T19:09:08Z,REEL IT IN,Aminé,ONEPOINTFIVE,5qHirGR7M9tdm6C17DlzSY,https://open.spotify.com/track/5qHirGR7M9tdm6C17DlzSY
2020-03-06T19:09:03Z,HICCUP (feat. Gunna),"Aminé, Gunna",ONEPOINTFIVE,4TaGhbUWsmOWrQt8w3sA9x,https://open.spotify.com/track/4TaGhbUWsmOWrQt8w3sA9x
2020-03-06T19:09:02Z,DR. WHOEVER,Aminé,ONEPOINTFIVE,2qpX5WY7A7uLLLQfFpvRDK,https://open.spotify.com/track/2qpX5WY7A7uLLLQfFpvRDK
2020-03-06T19:08:52Z,Against Me,H.E.R.,I Used To Know Her: The Prelude,6PECN7ogaP2XbSmJUt9TvT,https://open.spotify.com/track/6PECN7ogaP2XbSmJUt9TvT
2020-03-06T19:08:48Z,Feel A Way,H.E.R.,I Used To Know Her: The Prelude,3c7bUle1w9SAchAFUZ9n3o,https://open.spotify.com/track/3c7bUle1w9SAchAFUZ9n3o
2020-03-06T19:08:46Z,As I Am,H.E.R.,I Used To Know Her: The Prelude,3LtnXdDD9VFBtHy5kmGILx,https://open.spotify.com/track/3LtnXdDD9VFBtHy5kmGILx
2020-03-06T19:08:16Z,That Way - Bonus Track,Lil Uzi Vert,Eternal Atake,2ajzBr7vwHTEBeqDzcsNRC,https://open.spotify.com/track/2ajzBr7vwHTEBeqDzcsNRC
2020-03-06T19:08:15Z,Futsal Shuffle 2020 - Bonus Track,Lil Uzi Vert,Eternal Atake,2fOlBMkWR7lXJfqp5VTbDG,https://open.spotify.com/track/2fOlBMkWR7lXJfqp5VTbDG
2020-03-06T19:08:13Z,P2,Lil Uzi Vert,Eternal Atake,3kW4z2pIj5VY5fLjBrMRL5,https://open.spotify.com/track/3kW4z2pIj5VY5fLjBrMRL5
2020-03-06T19:08:11Z,Secure The Bag,Lil Uzi Vert,Eternal Atake,7gHZGXSJzM29WA384suYY2,https://open.spotify.com/track/7gHZGXSJzM29WA384suYY2
2020-03-06T19:08:10Z,Venetia,Lil Uzi Vert,Eternal Atake,3BYIzNZ3t9lRQCACXSMLrT,https://open.spotify.com/track/3BYIzNZ3t9lRQCACXSMLrT
2020-03-06T19:08:09Z,Urgency (feat. Syd),"Lil Uzi Vert, Syd",Eternal Atake,5KlPy74NOEAt8jC3FYURnQ,https://open.spotify.com/track/5KlPy74NOEAt8jC3FYURnQ
2020-03-06T19:08:08Z,Prices,"Lil Uzi Vert, WanMor",Eternal Atake,4YcWzLSnGqLjSCycuSMHnn,https://open.spotify.com/track/4YcWzLSnGqLjSCycuSMHnn
2020-03-06T19:08:06Z,Chrome Heart Tags,Lil Uzi Vert,Eternal Atake,46mT9NR7N9Zf5MolcrBgE3,https://open.spotify.com/track/46mT9NR7N9Zf5MolcrBgE3
2020-03-06T19:08:06Z,Bust Me,Lil Uzi Vert,Eternal Atake,4wBcaYqLPm7EtDVoJQORU4,https://open.spotify.com/track/4wBcaYqLPm7EtDVoJQORU4
2020-03-06T19:08:04Z,Celebration Station,Lil Uzi Vert,Eternal Atake,25B5fGr9K0VdZJiRFsnMO4,https://open.spotify.com/track/25B5fGr9K0VdZJiRFsnMO4
2020-03-06T19:08:04Z,Bigger Than Life,"Lil Uzi Vert, WanMor",Eternal Atake,2oHDJHNondITqbl8xZ9vPn,https://open.spotify.com/track/2oHDJHNondITqbl8xZ9vPn
2020-03-06T19:08:01Z,I'm Sorry,Lil Uzi Vert,Eternal Atake,1xcOYJxDa5pObgxY1r0I9c,https://open.spotify.com/track/1xcOYJxDa5pObgxY1r0I9c
2020-03-06T19:08:00Z,Homecoming,Lil Uzi Vert,Eternal Atake,6vxU64pcIuQ38O015Zy4qj,https://open.spotify.com/track/6vxU64pcIuQ38O015Zy4qj
2020-03-06T19:07:59Z,You Better Move,Lil Uzi Vert,Eternal Atake,6YAxCn4juTWn5hWl2hzHGw,https://open.spotify.com/track/6YAxCn4juTWn5hWl2hzHGw
2020-03-06T19:07:58Z,POP,Lil Uzi Vert,Eternal Atake,1jDbQz6tr52WgScCTXMnaN,https://open.spotify.com/track/1jDbQz6tr52WgScCTXMnaN
2020-03-06T19:07:57Z,Silly Watch,Lil Uzi Vert,Eternal Atake,5egD7A5x9AHdVO2fMo3Wbo,https://open.spotify.com/track/5egD7A5x9AHdVO2fMo3Wbo
2020-03-06T15:37:54Z,Baby Pluto,Lil Uzi Vert,Eternal Atake,7hav1MHURQf5SAoPk0egqh,https://open.spotify.com/track/7hav1MHURQf5SAoPk0egqh
2020-03-06T15:20:35Z,P*$$Y Fairy (OTW),Jhené Aiko,Chilombo,3Rs9jOQ2FlVgS6vYXPoAVm,https://open.spotify.com/track/3Rs9jOQ2FlVgS6vYXPoAVm
2020-03-06T14:23:27Z,B.S. (feat. H.E.R.),"Jhené Aiko, H.E.R.",Chilombo,63wx9vdskaXbYxyDx4oJCZ,https://open.spotify.com/track/63wx9vdskaXbYxyDx4oJCZ
2020-03-06T13:58:53Z,None Of Your Concern (feat. Big Sean),"Jhené Aiko, Big Sean",Chilombo,75MSZRbAbQuzfUV3Pefvut,https://open.spotify.com/track/75MSZRbAbQuzfUV3Pefvut
2020-03-02T21:52:41Z,I Want You Around (feat. 6LACK) - Remix,"Snoh Aalegra, 6LACK",I Want You Around (feat. 6LACK) [Remix],7eb5G8a12Fn4TwRr3cbJBd,https://open.spotify.com/track/7eb5G8a12Fn4TwRr3cbJBd
2020-03-02T02:58:47Z,Murder She Wrote,Tay-K,Aggcess Granted,1mZbEtVS7C2EqiSsN7m3ie,https://open.spotify.com/track/1mZbEtVS7C2EqiSsN7m3ie
2020-03-02T02:58:46Z,M.... She Wrote,Tay-K,#SantanaWorld (+),1WRzux3cJRM9xRNN99QKgR,https://open.spotify.com/track/1WRzux3cJRM9xRNN99QKgR
2020-03-02T02:58:45Z,Lemonade,Tay-K,#SantanaWorld (+),26qQf1Wmyy3ZZkagqCu5kp,https://open.spotify.com/track/26qQf1Wmyy3ZZkagqCu5kp
2020-03-02T02:58:39Z,The Race,Tay-K,#SantanaWorld (+),3wGXyJGsCf1myH5MooQIqE,https://open.spotify.com/track/3wGXyJGsCf1myH5MooQIqE
2020-03-01T19:55:13Z,No Time To Die,Billie Eilish,No Time To Die,73SpzrcaHk0RQPFP73vqVR,https://open.spotify.com/track/73SpzrcaHk0RQPFP73vqVR
2020-03-01T19:53:24Z,That Way,"Lil Uzi Vert, WanMor",That Way,5raTDhlbxFDnpn89bxArdH,https://open.spotify.com/track/5raTDhlbxFDnpn89bxArdH
2020-02-28T18:37:36Z,Heatin Up (feat. Gunna),"Lil Baby, Gunna",My Turn,7KSSdFCBHCfq4KPzz78ghk,https://open.spotify.com/track/7KSSdFCBHCfq4KPzz78ghk
2020-02-28T18:24:35Z,Commercial (feat. Lil Uzi Vert),"Lil Baby, Lil Uzi Vert",My Turn,3tDqEKKUs6gf8zMvSuLyLA,https://open.spotify.com/track/3tDqEKKUs6gf8zMvSuLyLA
2020-02-24T15:53:11Z,Broke In A Minute,Tory Lanez,Broke In A Minute,2ZrAjMSmlbDIil0JaVgTHh,https://open.spotify.com/track/2ZrAjMSmlbDIil0JaVgTHh
2020-02-22T17:19:29Z,Who Needs Love,Trippie Redd,A Love Letter To You 4 (Deluxe),5gm0tmtIRAAGe2agBNGg1d,https://open.spotify.com/track/5gm0tmtIRAAGe2agBNGg1d
2020-02-22T16:44:56Z,Hate Me,"Trippie Redd, YoungBoy Never Broke Again",A Love Letter To You 4 (Deluxe),0ggZlpnclTYDZta0zPGwFv,https://open.spotify.com/track/0ggZlpnclTYDZta0zPGwFv
2020-02-22T06:00:20Z,Sickening,"Trippie Redd, Tory Lanez",A Love Letter To You 4 (Deluxe),7BxesfVauvgCtr6b1JRMJn,https://open.spotify.com/track/7BxesfVauvgCtr6b1JRMJn
2020-02-22T05:57:06Z,Chosen,Trippie Redd,A Love Letter To You 4 (Deluxe),77U6qoDirBGlFjNKissUFt,https://open.spotify.com/track/77U6qoDirBGlFjNKissUFt
2020-02-22T00:55:12Z,The Way,"Trippie Redd, Russ",The Way (feat. Russ),54JD6jMGpa3tLAgkSYdLwf,https://open.spotify.com/track/54JD6jMGpa3tLAgkSYdLwf
2020-02-22T00:49:52Z,After Hours,The Weeknd,After Hours,4ejyZ4uJEXUURcgKp1kP8v,https://open.spotify.com/track/4ejyZ4uJEXUURcgKp1kP8v
2020-02-20T02:55:19Z,Pull Up (feat. Lil Uzi Vert & YNW Melly),"Lil Keed, YNW Melly, Lil Uzi Vert",Long Live Mexico,2rFXS1iNJqCUrcU21fJfe7,https://open.spotify.com/track/2rFXS1iNJqCUrcU21fJfe7
2020-02-20T02:54:16Z,Had Enough (feat. Quavo & Offset),"Don Toliver, Offset, Quavo",Had Enough (feat. Quavo & Offset),2jrAaawDRCn1JjeouxAyDN,https://open.spotify.com/track/2jrAaawDRCn1JjeouxAyDN
2020-02-15T05:45:35Z,Nevermind This Interlude,Bryson Tiller,True to Self,0kZOgFGhGfYW5WmdiTb5VV,https://open.spotify.com/track/0kZOgFGhGfYW5WmdiTb5VV
2020-02-13T19:44:06Z,Poke It Out (with Nicki Minaj),"Playboi Carti, Nicki Minaj",Die Lit,2rPSFKzGeqUWwfcCFVkkq3,https://open.spotify.com/track/2rPSFKzGeqUWwfcCFVkkq3
2020-02-13T18:15:02Z,Lame Niggaz,Playboi Carti,Playboi Carti,1xUQwXDDKW79z7GRUt2vMW,https://open.spotify.com/track/1xUQwXDDKW79z7GRUt2vMW
2020-02-13T18:05:17Z,NO. 9,Playboi Carti,Playboi Carti,5Nq6lLSxphlsA6nQB0KtES,https://open.spotify.com/track/5Nq6lLSxphlsA6nQB0KtES
2020-02-12T15:27:44Z,Fuck The World (Summer in London),Brent Faiyaz,Fuck The World (Summer in London),2LHRwhsMByGIVTtHxlOJg2,https://open.spotify.com/track/2LHRwhsMByGIVTtHxlOJg2
2020-02-12T15:23:23Z,Crew (feat. Brent Faiyaz & Shy Glizzy),"GoldLink, Brent Faiyaz, Shy Glizzy",At What Cost,15EPc80XuFrb2LmOzGjuRg,https://open.spotify.com/track/15EPc80XuFrb2LmOzGjuRg
2020-02-12T15:13:40Z,Clouded,Brent Faiyaz,Fuck The World,2J6OF7CkpdQGSfm1wdclqn,https://open.spotify.com/track/2J6OF7CkpdQGSfm1wdclqn
2020-02-12T15:06:51Z,Trust,Brent Faiyaz,Lost,0oufSLnKQDoBFX5mgkDCgR,https://open.spotify.com/track/0oufSLnKQDoBFX5mgkDCgR
2020-02-12T15:05:28Z,Running on E.,Brent Faiyaz,Running on E.,2gh7faW4G9xZr9k5iPqcSR,https://open.spotify.com/track/2gh7faW4G9xZr9k5iPqcSR
2020-02-12T14:59:21Z,Poison,Brent Faiyaz,Poison,5NijSs5dAwaIybq1GaRTIe,https://open.spotify.com/track/5NijSs5dAwaIybq1GaRTIe
2020-02-10T17:24:02Z,Heartless (feat. Mustard),"Polo G, Mustard",Heartless (feat. Mustard),028JxheELfIvvY4zBXuMjw,https://open.spotify.com/track/028JxheELfIvvY4zBXuMjw
2020-02-10T03:36:48Z,Hollywood,Polo G,Hollywood,7xAMpiRlBfo60afepp8mfG,https://open.spotify.com/track/7xAMpiRlBfo60afepp8mfG
2020-02-08T19:08:57Z,Doing It Wrong,Drake,Take Care (Deluxe),4eSGSqP2TZvvX0kadZZttM,https://open.spotify.com/track/4eSGSqP2TZvvX0kadZZttM
2020-02-07T02:19:53Z,23 Island,JayDaYoungan,Misunderstood,2DnyKpPcFpC460wLJeGzOs,https://open.spotify.com/track/2DnyKpPcFpC460wLJeGzOs
2020-02-07T02:13:54Z,Cross Me (feat. Lil Baby and Plies),"YoungBoy Never Broke Again, Lil Baby, Plies",Realer,3V3JxDpiUg0RAt1Mfbn6Ht,https://open.spotify.com/track/3V3JxDpiUg0RAt1Mfbn6Ht
2020-02-07T02:10:58Z,Deceived Emotions,YoungBoy Never Broke Again,Decided,4SyotGg4HWmpMVGmsj3FoL,https://open.spotify.com/track/4SyotGg4HWmpMVGmsj3FoL
2020-02-07T02:05:16Z,No Mentions,YoungBoy Never Broke Again,Decided,2YVt7k1qZXFhzYDe8FMDW6,https://open.spotify.com/track/2YVt7k1qZXFhzYDe8FMDW6
2020-02-07T01:37:53Z,Murda (feat. Trippie Redd),"YoungBoy Never Broke Again, Trippie Redd",Decided,2CEXhYY4cGmjyTyZJw7Wo0,https://open.spotify.com/track/2CEXhYY4cGmjyTyZJw7Wo0
2020-02-07T01:36:56Z,I Don't Sleep (ft. Takeoff),"Lil Wayne, Takeoff",Funeral,03TzvVWdkVbLT9pzewYiDw,https://open.spotify.com/track/03TzvVWdkVbLT9pzewYiDw
2020-02-05T16:46:42Z,Catch Me Outside,Ski Mask The Slump God,Catch Me Outside,7ojVOpAO0rFvAjCDYScCWJ,https://open.spotify.com/track/7ojVOpAO0rFvAjCDYScCWJ
2020-01-31T15:02:09Z,High Fashion (feat. Mustard),"Roddy Ricch, Mustard",Please Excuse Me for Being Antisocial,07KXEDMj78x68D884wgVEm,https://open.spotify.com/track/07KXEDMj78x68D884wgVEm
2020-01-31T05:48:13Z,WHATS POPPIN,Jack Harlow,WHATS POPPIN,3Q6F8RByyhRTJpRtZLY3cg,https://open.spotify.com/track/3Q6F8RByyhRTJpRtZLY3cg
2020-01-31T05:48:00Z,1 2 3 (feat. Blac Youngsta),"Moneybagg Yo, Blac Youngsta",Time Served,27KSwBOQTjGWt2Fe8fNAwq,https://open.spotify.com/track/27KSwBOQTjGWt2Fe8fNAwq
2020-01-30T15:28:41Z,"Spin Move (with Bas feat. Saba, Smino & The Hics)","Dreamville, Bas, Saba, Smino, The Hics",Revenge Of The Dreamers III: Director's Cut,2tElATcoPF7f4xdsVhkXtC,https://open.spotify.com/track/2tElATcoPF7f4xdsVhkXtC
2020-01-22T01:49:54Z,"Passcode (with Ari Lennox feat. Buddy, Smino, Mez & Guapdad 4000)","Dreamville, Ari Lennox, Buddy, Smino, Mez, Guapdad 4000",Revenge Of The Dreamers III: Director's Cut,1oVvtZin16RDV3I5RabiKP,https://open.spotify.com/track/1oVvtZin16RDV3I5RabiKP
2020-01-21T23:39:18Z,First Day Out,Tee Grizzley,My Moment,3muBQDekYAg7jm6hDu6R0Z,https://open.spotify.com/track/3muBQDekYAg7jm6hDu6R0Z
2020-01-21T15:21:00Z,A First Date,Biskwiq,Good Morning Say It Back,6Q6L6tqFOt4r23XHLxukDh,https://open.spotify.com/track/6Q6L6tqFOt4r23XHLxukDh
2020-01-21T14:40:45Z,I'm Sorry,Swell,Theres Still Us,5s6QMzY5oeVaOVJJsb59Tj,https://open.spotify.com/track/5s6QMzY5oeVaOVJJsb59Tj
2020-01-18T05:30:39Z,"Spin Move (with Bas feat. Saba, Smino & The Hics)","Dreamville, Bas, Saba, Smino, The Hics",Revenge Of The Dreamers III: Director's Cut,1tJq10vQnqYI0eiZd9FkEB,https://open.spotify.com/track/1tJq10vQnqYI0eiZd9FkEB
2020-01-18T05:01:50Z,BUSSIT (with Ari Lennox),"Dreamville, Ari Lennox",Revenge Of The Dreamers III: Director's Cut,2ktHgHuOusCTBMIayd0Luq,https://open.spotify.com/track/2ktHgHuOusCTBMIayd0Luq
2020-01-17T12:51:45Z,Money Talk,"Rich The Kid, YoungBoy Never Broke Again",Money Talk,2YwC2IM0ykBxtMBH9aMe5m,https://open.spotify.com/track/2YwC2IM0ykBxtMBH9aMe5m
2020-01-17T12:43:10Z,I Can See,Mac Miller,Circles,3R8CyhJfVjvgIROd5RSGhQ,https://open.spotify.com/track/3R8CyhJfVjvgIROd5RSGhQ
2020-01-10T19:20:45Z,Life Is Good (feat. Drake),"Future, Drake",Life Is Good (feat. Drake),5yY9lUy8nbvjM1Uyo1Uqoc,https://open.spotify.com/track/5yY9lUy8nbvjM1Uyo1Uqoc
2019-12-21T01:46:26Z,Die Today,Young Thug,So Much Fun (Deluxe),0yZpMYvpqopK9adJrDT3S9,https://open.spotify.com/track/0yZpMYvpqopK9adJrDT3S9
2019-12-14T19:30:05Z,Lonely No More,Lucas WRLD,Jarad Anthony Higgins,4i9kww20DZgFIOWggfRM67,https://open.spotify.com/track/4i9kww20DZgFIOWggfRM67
2019-12-14T19:24:50Z,Alive,Lucas WRLD,Jarad Anthony Higgins,7HF4eCFFVMRuHUVhwDalpL,https://open.spotify.com/track/7HF4eCFFVMRuHUVhwDalpL
2019-12-13T05:18:20Z,Let Me Know (I Wonder Why Freestyle),Juice WRLD,Let Me Know (I Wonder Why Freestyle),3wwo0bJvDSorOpNfzEkfXx,https://open.spotify.com/track/3wwo0bJvDSorOpNfzEkfXx
2019-12-13T05:18:11Z,The Box,Roddy Ricch,Please Excuse Me for Being Antisocial,0nbXyq5TXYPCO7pr3N8S4I,https://open.spotify.com/track/0nbXyq5TXYPCO7pr3N8S4I
2019-12-13T05:15:20Z,Futsal Shuffle 2020,Lil Uzi Vert,Futsal Shuffle 2020,2Ec33AVlkTTq8BHFgBTdQs,https://open.spotify.com/track/2Ec33AVlkTTq8BHFgBTdQs
2019-12-13T00:58:25Z,Blue Kicks,Lucas WRLD,Mind Control,5ITEfNjHBMuWAkQab08odI,https://open.spotify.com/track/5ITEfNjHBMuWAkQab08odI
2019-12-13T00:45:34Z,Record Deal,Lucas WRLD,Mind Control,4ygoLUMHdri2Nk7eNBqQ79,https://open.spotify.com/track/4ygoLUMHdri2Nk7eNBqQ79
2019-12-12T14:38:04Z,Can't Breathe,Lucas WRLD,Scars,1v0Ja1ClAq1RGvdWcLd5du,https://open.spotify.com/track/1v0Ja1ClAq1RGvdWcLd5du
2019-12-10T14:54:53Z,Heart On Ice,Rod Wave,PTSD,6fWa5CRgy0z30OeGZyMBvD,https://open.spotify.com/track/6fWa5CRgy0z30OeGZyMBvD
2019-12-08T19:55:23Z,Stylin,Lil Uzi Vert,Sacii Lyfe,5xUQ05EFlnn6HVsLLZCR2k,https://open.spotify.com/track/5xUQ05EFlnn6HVsLLZCR2k
2019-12-07T15:29:15Z,No Idea,Don Toliver,No Idea,3VyjsVV24RmBIbWJAeUJNu,https://open.spotify.com/track/3VyjsVV24RmBIbWJAeUJNu
2019-12-05T20:00:06Z,pick up the phone (feat. Quavo),"Young Thug, Travis Scott, Quavo",pick up the phone (feat. Quavo),4GXl8l1MfZPf2GvpyRPJBf,https://open.spotify.com/track/4GXl8l1MfZPf2GvpyRPJBf
2019-12-05T19:59:55Z,Self Care,Mac Miller,Swimming,5bJ1DrEM4hNCafcDd1oxHx,https://open.spotify.com/track/5bJ1DrEM4hNCafcDd1oxHx
2019-12-05T19:59:47Z,Girls Need Love (with Drake) - Remix,"Summer Walker, Drake",Last Day Of Summer,14SaZBTjxlorHJQxXh01Hu,https://open.spotify.com/track/14SaZBTjxlorHJQxXh01Hu
2019-12-04T02:13:48Z,BUSY / SIRENS,"Saba, theMIND",CARE FOR ME,4YdRnTnXYwgI48kkzWy6uk,https://open.spotify.com/track/4YdRnTnXYwgI48kkzWy6uk
2019-12-04T01:34:45Z,Lucy's Love (feat. Lil Wayne),"SiR, Lil Wayne",Chasing Summer,1o7S218Z4CG6IVCOudaPcT,https://open.spotify.com/track/1o7S218Z4CG6IVCOudaPcT
2019-12-03T15:31:27Z,Summer in November,SiR,November,1USFYZrDt86UdqZxuXYHUG,https://open.spotify.com/track/1USFYZrDt86UdqZxuXYHUG
2019-12-03T02:43:30Z,You Can't Save Me,SiR,Chasing Summer,5LKzqs734Xs528hqK8bGS1,https://open.spotify.com/track/5LKzqs734Xs528hqK8bGS1
2019-12-03T02:40:09Z,That's Why I Love You (feat. Sabrina Claudio),"SiR, Sabrina Claudio",Chasing Summer,3Ku9kSWtDQPC8bSWpHR7z0,https://open.spotify.com/track/3Ku9kSWtDQPC8bSWpHR7z0
2019-12-03T02:28:17Z,Hair Down (feat. Kendrick Lamar),"SiR, Kendrick Lamar",Chasing Summer,4sFzG7iUlyPmuyASCkre9A,https://open.spotify.com/track/4sFzG7iUlyPmuyASCkre9A
2019-12-03T02:27:53Z,John Redcorn,SiR,Chasing Summer,5ibTi2YwtvbB1bTOv2I93d,https://open.spotify.com/track/5ibTi2YwtvbB1bTOv2I93d
2019-12-01T14:06:52Z,Stay Down,"The Game, Bryson Tiller",Born 2 Rap,2nH5V9DKUQQvZQk1vgAGPT,https://open.spotify.com/track/2nH5V9DKUQQvZQk1vgAGPT
2019-11-28T00:37:02Z,The Baby,XanMan,The Baby,4atFvvb3t1fYdC2JG1rRYF,https://open.spotify.com/track/4atFvvb3t1fYdC2JG1rRYF
2019-11-27T16:00:34Z,Leave in the Morning,"Felly, Tut",This Shit Comes in Waves,4HlKYXaiFCGcxZdpHkav7N,https://open.spotify.com/track/4HlKYXaiFCGcxZdpHkav7N
2019-11-26T21:18:48Z,Slide,"H.E.R., YG",Slide,2rTnVB1bvwxHtaIl4uVu7f,https://open.spotify.com/track/2rTnVB1bvwxHtaIl4uVu7f
2019-11-26T07:10:31Z,Ye,Burna Boy,Outside,3FskQrDXcY24ur2fCvz35O,https://open.spotify.com/track/3FskQrDXcY24ur2fCvz35O
2019-11-25T01:21:05Z,How I Move (feat. Lil Baby),"Flipp Dinero, Lil Baby",How I Move (feat. Lil Baby),0jBJIQuToUUOEx7JJkiPzm,https://open.spotify.com/track/0jBJIQuToUUOEx7JJkiPzm
2019-11-24T15:49:42Z,Zoom,Fine$e Back On Track,Zoom,4wcdavM5LHcY4WphY3ksgK,https://open.spotify.com/track/4wcdavM5LHcY4WphY3ksgK
2019-11-24T15:37:18Z,Dropped Out,Lil Fine$e,Playboi,64a1q3ozmLWPdjWAc2iCbW,https://open.spotify.com/track/64a1q3ozmLWPdjWAc2iCbW
2019-11-22T22:03:01Z,ORANGE SODA,Baby Keem,DIE FOR MY BITCH,5FkoSXiJPKTNyYgALRJFhD,https://open.spotify.com/track/5FkoSXiJPKTNyYgALRJFhD
2019-11-22T21:59:32Z,Bang Bang,YNW Melly,Melly vs. Melvin,66FltlEV09mPJYAyfYm8De,https://open.spotify.com/track/66FltlEV09mPJYAyfYm8De
2019-11-22T21:59:29Z,Woah,Lil Baby,Woah,598yNsG1JFrGd4n2kMoz7F,https://open.spotify.com/track/598yNsG1JFrGd4n2kMoz7F
2019-11-22T21:41:51Z,Memories,Maroon 5,Memories,2b8fOow8UzyDFAE27YhOZM,https://open.spotify.com/track/2b8fOow8UzyDFAE27YhOZM
2019-11-22T13:41:24Z,Sickening,"Trippie Redd, Tory Lanez",A Love Letter To You 4,56S5YTNqlsXSnR5T1S2oyJ,https://open.spotify.com/track/56S5YTNqlsXSnR5T1S2oyJ
2019-11-22T13:35:47Z,Hate Me,"Trippie Redd, YoungBoy Never Broke Again",A Love Letter To You 4,1FxTz4x5X7ewAICkKhB3kA,https://open.spotify.com/track/1FxTz4x5X7ewAICkKhB3kA
2019-11-19T15:41:16Z,Foreign,Playboi Carti,Die Lit,500l6Cwe40hkPqS7Sf7ufY,https://open.spotify.com/track/500l6Cwe40hkPqS7Sf7ufY
2019-11-19T14:31:24Z,Hellboy,Trippie Redd,A Love Letter To You 2,61ewCnrCtMcEeO0QnLfa3Y,https://open.spotify.com/track/61ewCnrCtMcEeO0QnLfa3Y
2019-11-17T03:04:18Z,everything i wanted,Billie Eilish,everything i wanted,3ZCTVFBt2Brf31RLEnCkWJ,https://open.spotify.com/track/3ZCTVFBt2Brf31RLEnCkWJ
2019-11-15T13:32:21Z,Reply (feat. Lil Uzi Vert),"A Boogie Wit da Hoodie, Lil Uzi Vert",Reply (feat. Lil Uzi Vert),364spZLB5bhNlnPrzvUB41,https://open.spotify.com/track/364spZLB5bhNlnPrzvUB41
2019-11-14T21:08:48Z,Just Ignore It,Yung Radar,Bruh.,3P5tm7yITgdnbkrQcPcmsE,https://open.spotify.com/track/3P5tm7yITgdnbkrQcPcmsE
2019-11-14T20:52:24Z,Money Power Respect (Remix),HYPBOi ; CHE,Cli-Che*,0vPzqkjgTwGEWErCZFmh99,https://open.spotify.com/track/0vPzqkjgTwGEWErCZFmh99
2019-11-14T20:48:08Z,Fall,DJ Mamba,Rodeo Dr,2TvOfO0Ex6jysPTJ8WhtEk,https://open.spotify.com/track/2TvOfO0Ex6jysPTJ8WhtEk
2019-11-14T17:48:07Z,No Pressure,"Chinatown, Rich The Kid, Cash Carti",Made In China,08VKddIzXQql2PsJACWEir,https://open.spotify.com/track/08VKddIzXQql2PsJACWEir
2019-11-14T17:48:04Z,Mood (feat. Lil Uzi Vert),"DJ Rell, Ms. Danniboo, Lil Uzi Vert",The Black Tape,2yDcSQquR9MHnHsuzdzKpO,https://open.spotify.com/track/2yDcSQquR9MHnHsuzdzKpO
2019-11-14T17:48:01Z,In the Lobby,Sosamann,In the Lobby,2PkOr1eQHsPg8wZl95luxl,https://open.spotify.com/track/2PkOr1eQHsPg8wZl95luxl
2019-11-14T17:37:47Z,LOBBY,CartiDropWLR,Carti Drop WLR,4l6MbEqI6iSP3PXJDCiQK4,https://open.spotify.com/track/4l6MbEqI6iSP3PXJDCiQK4
2019-11-14T17:35:59Z,army tank,Prada,army tank,4ljN53ZHUtc5JrPMkrUx02,https://open.spotify.com/track/4ljN53ZHUtc5JrPMkrUx02
2019-11-14T17:30:45Z,Phuck on Ya Thot - 9000 Mix,9000,Vibraciones,5QSktNHJTccCZivOroDX5b,https://open.spotify.com/track/5QSktNHJTccCZivOroDX5b
2019-11-08T18:03:34Z,Hot Now,YoungBoy Never Broke Again,AI YoungBoy 2,3eeyKNIBrt5TH4y0y3QkOu,https://open.spotify.com/track/3eeyKNIBrt5TH4y0y3QkOu
2019-11-04T23:51:49Z,Trampoline (with ZAYN),"SHAED, ZAYN",Trampoline (with ZAYN),1iQDltZqI7BXnHrFy4Qo1k,https://open.spotify.com/track/1iQDltZqI7BXnHrFy4Qo1k
2019-10-26T14:10:55Z,Every Hour,"Kanye West, Sunday Service Choir",JESUS IS KING,1WnqWQcWcuQbVzgE7ecfCY,https://open.spotify.com/track/1WnqWQcWcuQbVzgE7ecfCY
2019-10-26T14:10:55Z,Follow God,Kanye West,JESUS IS KING,2QpGZOhTCHHiKmpSO9FW4h,https://open.spotify.com/track/2QpGZOhTCHHiKmpSO9FW4h
2019-10-26T14:10:55Z,Closed On Sunday,Kanye West,JESUS IS KING,3JWiDGQX2eTlFvKj3Yssj3,https://open.spotify.com/track/3JWiDGQX2eTlFvKj3Yssj3
2019-10-26T14:10:55Z,On God,Kanye West,JESUS IS KING,2SasoXZyv82yYgHiVOvxQn,https://open.spotify.com/track/2SasoXZyv82yYgHiVOvxQn
2019-10-26T14:10:55Z,Everything We Need,"Kanye West, Ty Dolla $ign, Ant Clemons",JESUS IS KING,24bnCCysWnbNRNUT4LpHcP,https://open.spotify.com/track/24bnCCysWnbNRNUT4LpHcP
2019-10-26T14:10:55Z,Water,"Kanye West, Ant Clemons",JESUS IS KING,454Epa1vrCGFddHXKyC1kb,https://open.spotify.com/track/454Epa1vrCGFddHXKyC1kb
2019-10-26T14:10:55Z,Use This Gospel,"Kanye West, Clipse, Kenny G",JESUS IS KING,0oPOuDmmkVp3h6puekhs6P,https://open.spotify.com/track/0oPOuDmmkVp3h6puekhs6P
2019-10-25T16:56:29Z,Everything I Am,"Kanye West, DJ Premier",Graduation,2T8bL4YC49Ska1yl74qcS0,https://open.spotify.com/track/2T8bL4YC49Ska1yl74qcS0
2019-10-24T13:03:44Z,BEST ON EARTH (feat. BIA) - Bonus,"Russ, BIA",BEST ON EARTH (feat. BIA) [Bonus],2Xo3rLHjXfdb4avN68aQyi,https://open.spotify.com/track/2Xo3rLHjXfdb4avN68aQyi
2019-10-20T05:48:32Z,DHL,Frank Ocean,DHL,2INhKpUdzh7v0j041gZNsz,https://open.spotify.com/track/2INhKpUdzh7v0j041gZNsz
2019-10-19T15:59:33Z,Head Blown,YoungBoy Never Broke Again,AI YoungBoy 2,0qmWrPu7fiZSXvWfCZxcKl,https://open.spotify.com/track/0qmWrPu7fiZSXvWfCZxcKl
2019-10-19T15:39:00Z,Carter Son,YoungBoy Never Broke Again,AI YoungBoy 2,0QVvkAOstRG26pVYN95CeL,https://open.spotify.com/track/0QVvkAOstRG26pVYN95CeL
2019-10-19T04:35:19Z,Jesus Walks,Kanye West,The College Dropout,5g1vtHqi9uV7xtYeCcFOBx,https://open.spotify.com/track/5g1vtHqi9uV7xtYeCcFOBx
2019-10-18T15:08:00Z,Make No Sense,YoungBoy Never Broke Again,AI YoungBoy 2,6klLvorLoo1sxvZcjJIY8I,https://open.spotify.com/track/6klLvorLoo1sxvZcjJIY8I
2019-10-18T12:33:15Z,First Class,"Blueface, Gunna",First Class,4MUkRNmCgbcoAVu5BuNVgp,https://open.spotify.com/track/4MUkRNmCgbcoAVu5BuNVgp
2019-10-16T13:03:40Z,Blow My Mind,"Davido, Chris Brown",Blow My Mind,1xJTW86sJ1OoloXeOret6t,https://open.spotify.com/track/1xJTW86sJ1OoloXeOret6t
2019-10-16T04:21:12Z,Fall,Davido,Fall,4ou5xyFUJX4VwX76tw1qb1,https://open.spotify.com/track/4ou5xyFUJX4VwX76tw1qb1
2019-10-13T02:51:48Z,Lotus Flower Bomb (feat. Miguel),"Wale, Miguel",Ambition,3MAgQuClHcAV8E9CbeBS6f,https://open.spotify.com/track/3MAgQuClHcAV8E9CbeBS6f
2019-10-13T02:46:35Z,Black Bonnie (feat. Jacquees),"Wale, Jacquees",Wow... That's Crazy,38m4IkUzgL4z86ERRs6IDM,https://open.spotify.com/track/38m4IkUzgL4z86ERRs6IDM
2019-10-13T02:42:46Z,Love... (Her Fault) [feat. Bryson Tiller],"Wale, Bryson Tiller",Wow... That's Crazy,6cSBm4mtcuFtClN6yDvjQo,https://open.spotify.com/track/6cSBm4mtcuFtClN6yDvjQo
2019-10-13T01:01:51Z,Just How It Is,Young Thug,So Much Fun,5KYhIFNTp4VQUqlsbLWTTu,https://open.spotify.com/track/5KYhIFNTp4VQUqlsbLWTTu
2019-10-10T23:38:22Z,Shea Butter Baby (with J. Cole),"Ari Lennox, J. Cole",Shea Butter Baby,5BOBHIBuzvQuIYL1E1nDzl,https://open.spotify.com/track/5BOBHIBuzvQuIYL1E1nDzl
2019-10-07T00:06:58Z,223's (feat. 9lokknine),"YNW Melly, 9lokknine",223's (feat. 9lokknine),4sjiIpEv617LDXaidKioOI,https://open.spotify.com/track/4sjiIpEv617LDXaidKioOI
2019-10-04T13:29:13Z,Just Might (with PARTYNEXTDOOR),"Summer Walker, PARTYNEXTDOOR",Over It,43IMaycr34ZR5kS8mlL5hH,https://open.spotify.com/track/43IMaycr34ZR5kS8mlL5hH
2019-10-04T13:26:15Z,Potential,Summer Walker,Over It,4YNrBVo8fv6qiTNwHLVDai,https://open.spotify.com/track/4YNrBVo8fv6qiTNwHLVDai
2019-10-04T12:03:00Z,Stretch You Out (feat. A Boogie wit da Hoodie),"Summer Walker, A Boogie Wit da Hoodie",Over It,4Qxn47gWPSucovKrMyRf1z,https://open.spotify.com/track/4Qxn47gWPSucovKrMyRf1z
2019-10-04T12:02:57Z,Playing Games,Summer Walker,Over It,4hWgC5BV5M7EtTleKVXNxw,https://open.spotify.com/track/4hWgC5BV5M7EtTleKVXNxw
2019-10-04T12:02:52Z,Girls Need Love (with Drake) - Remix,"Summer Walker, Drake",Over It,1axArDrl7n4M3QZMNN0XMs,https://open.spotify.com/track/1axArDrl7n4M3QZMNN0XMs
2019-10-04T11:58:06Z,I'll Kill You (feat. Jhené Aiko),"Summer Walker, Jhené Aiko",Over It,7EkiMl81fUHVwpItgtzI4r,https://open.spotify.com/track/7EkiMl81fUHVwpItgtzI4r
2019-10-04T11:45:13Z,Playing Games (with Bryson Tiller) - Extended Version,"Summer Walker, Bryson Tiller",Over It,2xyx0o4xNOLLjBSbOOdcbA,https://open.spotify.com/track/2xyx0o4xNOLLjBSbOOdcbA
2019-10-04T11:36:06Z,Bandit (with YoungBoy Never Broke Again),"Juice WRLD, YoungBoy Never Broke Again",Bandit (with YoungBoy Never Broke Again),6Gg1gjgKi2AK4e0qzsR7sd,https://open.spotify.com/track/6Gg1gjgKi2AK4e0qzsR7sd
2019-10-04T04:23:20Z,SKELETONS,Travis Scott,ASTROWORLD,6NMtzpDQBTOfJwMzgMX0zl,https://open.spotify.com/track/6NMtzpDQBTOfJwMzgMX0zl
2019-10-04T04:23:17Z,NO BYSTANDERS,Travis Scott,ASTROWORLD,6OaVWaGfhXn70ZJfdVcabn,https://open.spotify.com/track/6OaVWaGfhXn70ZJfdVcabn
2019-10-04T04:21:15Z,HIGHEST IN THE ROOM,Travis Scott,HIGHEST IN THE ROOM,3eekarcy7kvN4yt5ZFzltW,https://open.spotify.com/track/3eekarcy7kvN4yt5ZFzltW
2019-10-03T03:25:02Z,"Only You (feat. WizKid, Offset & J Balvin)","Metro Boomin, J Balvin, Wizkid, Offset",NOT ALL HEROES WEAR CAPES (Deluxe),3XFwOQU8wxXWl8Rxj3lrOi,https://open.spotify.com/track/3XFwOQU8wxXWl8Rxj3lrOi
2019-10-03T03:24:55Z,Overdue (with Travis Scott),"Metro Boomin, Travis Scott",NOT ALL HEROES WEAR CAPES (Deluxe),6LyAwkJsHlW7RQ8S1cYAtM,https://open.spotify.com/track/6LyAwkJsHlW7RQ8S1cYAtM
2019-10-03T03:23:10Z,No Complaints (feat. Offset & Drake) (Bonus),"Metro Boomin, Offset, Drake",NOT ALL HEROES WEAR CAPES (Deluxe),156LzfvMNKuXuiot4uzhGD,https://open.spotify.com/track/156LzfvMNKuXuiot4uzhGD
2019-10-03T03:22:27Z,RAW SHIT (feat. Migos),"DaBaby, Migos",KIRK,1CCDIow4pPYyJYzhtTUYz2,https://open.spotify.com/track/1CCDIow4pPYyJYzhtTUYz2
2019-10-02T17:09:54Z,Say It,Tory Lanez,I Told You,2Gyc6e2cLxA5hoX1NOvYnU,https://open.spotify.com/track/2Gyc6e2cLxA5hoX1NOvYnU
2019-10-01T16:41:46Z,The Relays (feat. Travis Scott),"Maxo Kream, Travis Scott",Brandon Banks,3tA12hlBltPtw6ArshsopB,https://open.spotify.com/track/3tA12hlBltPtw6ArshsopB
2019-10-01T16:39:04Z,Toast Up,Gunna,Drip Season 3 (Deluxe),0nlQLaytSQwrY6d5cS2X2i,https://open.spotify.com/track/0nlQLaytSQwrY6d5cS2X2i
2019-10-01T13:01:51Z,BIG,Young M.A,Herstory in the Making,7cyeGclH71MayOuQ7qtLFl,https://open.spotify.com/track/7cyeGclH71MayOuQ7qtLFl
2019-09-30T19:59:19Z,She For Keeps,"Quality Control, Quavo, Nicki Minaj",Quality Control: Control The Streets Volume 1,4OnWIMfSOXvAdbBCRosqhS,https://open.spotify.com/track/4OnWIMfSOXvAdbBCRosqhS
2019-09-30T15:59:03Z,Hold Up (feat. Gunna & Young Thug),"Yung Bans, Gunna, Young Thug",MISUNDERSTOOD,0dEHnISmXM6ca2b13HDnOW,https://open.spotify.com/track/0dEHnISmXM6ca2b13HDnOW
2019-09-28T19:28:01Z,It's You,Ali Gatie,It's You,6moU77g9RQyMzHNuKEaQKq,https://open.spotify.com/track/6moU77g9RQyMzHNuKEaQKq
2019-09-28T19:20:21Z,Situationship,Snoh Aalegra,"- Ugh, those feels again",1WYjNYaGu2nH0tcb5h2PKi,https://open.spotify.com/track/1WYjNYaGu2nH0tcb5h2PKi
2019-09-28T16:13:18Z,She Like I'm Like,Young M.A,Herstory in the Making,2W2txJXyjPO61rD7xAxwAp,https://open.spotify.com/track/2W2txJXyjPO61rD7xAxwAp
2019-09-27T11:18:55Z,BOP,DaBaby,KIRK,6Ozh9Ok6h4Oi1wUSLtBseN,https://open.spotify.com/track/6Ozh9Ok6h4Oi1wUSLtBseN
2019-09-25T01:34:22Z,Sunflower - Spider-Man: Into the Spider-Verse,"Post Malone, Swae Lee",Hollywood's Bleeding,0RiRZpuVRbi7oqRdSMwhQY,https://open.spotify.com/track/0RiRZpuVRbi7oqRdSMwhQY
2019-09-22T17:13:21Z,Praise The Lord (Da Shine) (feat. Skepta),"A$AP Rocky, Skepta",TESTING,7ycWLEP1GsNjVvcjawXz3z,https://open.spotify.com/track/7ycWLEP1GsNjVvcjawXz3z
2019-09-22T00:37:23Z,Dance Monkey,Tones And I,Dance Monkey,1rgnBhdG2JDFTbYkYRZAku,https://open.spotify.com/track/1rgnBhdG2JDFTbYkYRZAku
2019-09-22T00:25:16Z,How Do You Sleep?,Sam Smith,How Do You Sleep?,6b2RcmUt1g9N9mQ3CbjX2Y,https://open.spotify.com/track/6b2RcmUt1g9N9mQ3CbjX2Y
2019-09-22T00:21:24Z,Juicy,"Doja Cat, Tyga",Juicy,7qvsl2pYzrsYgPeFBN5jxp,https://open.spotify.com/track/7qvsl2pYzrsYgPeFBN5jxp
2019-09-20T21:29:18Z,Gang Over Luv,Brent Faiyaz,Sonder Son,7LaI3mRTJu66r9HKdv7iBx,https://open.spotify.com/track/7LaI3mRTJu66r9HKdv7iBx
2019-09-20T21:27:17Z,Whatchamacallit (feat. Chris Brown),"Ella Mai, Chris Brown",Ella Mai,1YLfaRr3QIW1fF3nvDO0gX,https://open.spotify.com/track/1YLfaRr3QIW1fF3nvDO0gX
2019-09-20T21:24:34Z,FYT (with French Montana),"Jeremih, Ty Dolla $ign, French Montana",MIH-TY,0ZwHNhwxDhUYHYkSkHxMf0,https://open.spotify.com/track/0ZwHNhwxDhUYHYkSkHxMf0
2019-09-20T14:52:29Z,Treat Me Like Somebody,Tink,Winter's Diary 2,2mx4wF6IW1mfZmWtENDBUU,https://open.spotify.com/track/2mx4wF6IW1mfZmWtENDBUU
2019-09-20T13:36:34Z,G.O.A.T.,"Eric Bellinger, Aroc!",Eric B for President: Term 1,0hUepWE4GoMwtKgU8vE617,https://open.spotify.com/track/0hUepWE4GoMwtKgU8vE617
2019-09-20T12:29:19Z,24/7 (feat. Ella Mai),"Meek Mill, Ella Mai",Championships,6irE4Fbjbry3czv7mTxVSB,https://open.spotify.com/track/6irE4Fbjbry3czv7mTxVSB
2019-09-20T12:29:18Z,On Chill (feat. Jeremih),"Wale, Jeremih",On Chill (feat. Jeremih),3TXKwYk2H7hZQFB0j8z4yq,https://open.spotify.com/track/3TXKwYk2H7hZQFB0j8z4yq
2019-09-20T12:29:14Z,Hair Down (feat. Kendrick Lamar),"SiR, Kendrick Lamar",Hair Down (feat. Kendrick Lamar),6sq5mqtS3jwJjvBHALknJH,https://open.spotify.com/track/6sq5mqtS3jwJjvBHALknJH
2019-09-20T12:29:09Z,Way Back Home (feat. Ty Dolla $ign),"Cordae, Ty Dolla $ign",The Lost Boy,1pHyMdmKAp494PDSZhJHvR,https://open.spotify.com/track/1pHyMdmKAp494PDSZhJHvR
2019-09-19T23:09:28Z,Stripes,YungManny,Stripes,15dPoBznHgnBMsnu6Kacah,https://open.spotify.com/track/15dPoBznHgnBMsnu6Kacah
2019-09-19T23:06:43Z,Bitcoin - Big Spender Remix,YungManny,The Best of YungManny,2nMUbbQ1OlYry6Ii0sMGrN,https://open.spotify.com/track/2nMUbbQ1OlYry6Ii0sMGrN
2019-09-19T23:05:41Z,All My Guys Are Ballers,YungManny,All My Guys Are Ballers,1igvXz4L0WBCdH4CgK057Q,https://open.spotify.com/track/1igvXz4L0WBCdH4CgK057Q
2019-09-19T23:05:39Z,Moana,YungManny,The Best of YungManny,2vhHrCZqTtZO7GrUJ18pTH,https://open.spotify.com/track/2vhHrCZqTtZO7GrUJ18pTH
2019-09-19T21:18:34Z,Toast,Original Koffee,Rapture EP,7sd72KZS8D59g5NmhxyHpJ,https://open.spotify.com/track/7sd72KZS8D59g5NmhxyHpJ
2019-09-18T23:28:36Z,xanny,Billie Eilish,"WHEN WE ALL FALL ASLEEP, WHERE DO WE GO?",4QIo4oxwzzafcBWkKjDpXY,https://open.spotify.com/track/4QIo4oxwzzafcBWkKjDpXY
2019-09-18T23:23:21Z,my strange addiction,Billie Eilish,"WHEN WE ALL FALL ASLEEP, WHERE DO WE GO?",3Tc57t9l2O8FwQZtQOvPXK,https://open.spotify.com/track/3Tc57t9l2O8FwQZtQOvPXK
2019-09-18T23:15:48Z,i love you,Billie Eilish,"WHEN WE ALL FALL ASLEEP, WHERE DO WE GO?",6CcJMwBtXByIz4zQLzFkKc,https://open.spotify.com/track/6CcJMwBtXByIz4zQLzFkKc
2019-09-18T23:15:33Z,all the good girls go to hell,Billie Eilish,"WHEN WE ALL FALL ASLEEP, WHERE DO WE GO?",6IRdLKIyS4p7XNiP8r6rsx,https://open.spotify.com/track/6IRdLKIyS4p7XNiP8r6rsx
2019-09-18T23:14:57Z,bury a friend,Billie Eilish,"WHEN WE ALL FALL ASLEEP, WHERE DO WE GO?",4SSnFejRGlZikf02HLewEF,https://open.spotify.com/track/4SSnFejRGlZikf02HLewEF
2019-09-18T23:14:55Z,listen before i go,Billie Eilish,"WHEN WE ALL FALL ASLEEP, WHERE DO WE GO?",0tMSssfxAL2oV8Vri0mFHE,https://open.spotify.com/track/0tMSssfxAL2oV8Vri0mFHE
2019-09-15T00:56:17Z,Scared Of Love (with instrumental by Ghost Loft),Juice WRLD,Goodbye & Good Riddance,49QVOdWgGagzLrThkIqtK6,https://open.spotify.com/track/49QVOdWgGagzLrThkIqtK6
2019-09-14T23:10:04Z,Eternal,"Chance the Rapper, Smino",The Big Day,5LeStoyvjAHpM52IYogOq0,https://open.spotify.com/track/5LeStoyvjAHpM52IYogOq0
2019-09-14T14:24:58Z,On Fire,Young Thug,Beautiful Thugger Girls,07YlTLGFG2LsTkqGFwY5jC,https://open.spotify.com/track/07YlTLGFG2LsTkqGFwY5jC
2019-09-14T13:54:55Z,You Said (feat. Quavo),"Young Thug, Quavo",Beautiful Thugger Girls,1gUakci7HwPcImtp0i79N3,https://open.spotify.com/track/1gUakci7HwPcImtp0i79N3
2019-09-14T00:54:35Z,Circles,Post Malone,Hollywood's Bleeding,51MMC5DogGZAnHil5HQAXg,https://open.spotify.com/track/51MMC5DogGZAnHil5HQAXg
2019-09-13T14:06:47Z,Price On My Head (feat. The Weeknd),"NAV, The Weeknd",Bad Habits (Deluxe),4hqOmrCCJKyiuwDexd8c2t,https://open.spotify.com/track/4hqOmrCCJKyiuwDexd8c2t
2019-09-13T14:06:22Z,Myself,NAV,NAV,05nbZ1xxVNwUTcGwLbp7CN,https://open.spotify.com/track/05nbZ1xxVNwUTcGwLbp7CN
2019-09-13T14:04:02Z,Champion (feat. Travis Scott),"NAV, Travis Scott",RECKLESS,6nO3tr47nr2P7f3hXb8JIo,https://open.spotify.com/track/6nO3tr47nr2P7f3hXb8JIo
2019-09-13T13:57:06Z,Tap (feat. Meek Mill),"NAV, Meek Mill",Bad Habits (Deluxe),5rU6kDNXZLXIinFezpbWbO,https://open.spotify.com/track/5rU6kDNXZLXIinFezpbWbO
2019-09-12T11:12:03Z,Self Control,YoungBoy Never Broke Again,The Continuance,6kyT7ubem08Egg9a8f77OL,https://open.spotify.com/track/6kyT7ubem08Egg9a8f77OL
2019-09-11T21:36:06Z,This Side,EARTHGANG,Mirrorland,6H1ysWbUhCfAPukSBItJUt,https://open.spotify.com/track/6H1ysWbUhCfAPukSBItJUt
2019-09-11T21:26:48Z,Avenue,EARTHGANG,Mirrorland,5PxvhqimHphmfFc0W3Lxp3,https://open.spotify.com/track/5PxvhqimHphmfFc0W3Lxp3
2019-09-11T14:06:32Z,Bank,EARTHGANG,Mirrorland,0uqJQ1k1N63nl4tAYW8t2A,https://open.spotify.com/track/0uqJQ1k1N63nl4tAYW8t2A
2019-09-11T14:04:56Z,Out The Mud,"Lil Baby, Future",Out The Mud,2wZjsbwmWfNVslgV5afl1L,https://open.spotify.com/track/2wZjsbwmWfNVslgV5afl1L
2019-09-11T13:36:01Z,Hot (feat. Gunna),"Young Thug, Gunna",So Much Fun,5Z8HZM6iQMhhqyPcCGY5g9,https://open.spotify.com/track/5Z8HZM6iQMhhqyPcCGY5g9
2019-09-10T03:38:44Z,Babushka Boi,A$AP Rocky,Babushka Boi,643PW82aBMUa1FiWi5VQY7,https://open.spotify.com/track/643PW82aBMUa1FiWi5VQY7
2019-09-10T03:38:16Z,No Guidance (feat. Drake),"Chris Brown, Drake",Indigo,6XHVuErjQ4XNm6nDPVCxVX,https://open.spotify.com/track/6XHVuErjQ4XNm6nDPVCxVX
2019-09-09T18:21:59Z,Baby Birkin,Gunna,Drip or Drown 2,0BOmhToQ03yOdpzYKMEnAg,https://open.spotify.com/track/0BOmhToQ03yOdpzYKMEnAg
2019-09-09T18:14:49Z,Go Loko,"YG, Tyga, Jon Z",Go Loko,3SZqA7rQvROJsCbUu2v0xa,https://open.spotify.com/track/3SZqA7rQvROJsCbUu2v0xa
2019-09-06T02:32:44Z,BIG,Young M.A,BIG,2qSpOQdHmHpOcVXzV9WU5w,https://open.spotify.com/track/2qSpOQdHmHpOcVXzV9WU5w
2019-08-28T06:41:11Z,Tap Out (feat. Jeremih),"Jay Rock, Jeremih",Redemption,2YaOQzBkhejBu5d4CyGsfS,https://open.spotify.com/track/2YaOQzBkhejBu5d4CyGsfS
2019-08-28T06:41:11Z,OSOM (feat. J. Cole),"Jay Rock, J. Cole",Redemption,0QLuexVmR2wgNsekPKbv6c,https://open.spotify.com/track/0QLuexVmR2wgNsekPKbv6c
2019-08-28T06:40:52Z,B.E.D.,Jacquees,4275 (Bonus Version),1B6TmCvKjC4dopBohVW51x,https://open.spotify.com/track/1B6TmCvKjC4dopBohVW51x
2019-08-28T06:40:21Z,At The Club,"Jacquees, DeJ Loaf",At The Club,0NqZ65jPelNB13gzsvH2Ma,https://open.spotify.com/track/0NqZ65jPelNB13gzsvH2Ma
2019-08-28T06:39:34Z,Live A Lil,"Good Gas, FKi 1st, MadeinTYO, UnoTheActivist",Good Gas (Vol. 2),6mBwzEADA0EfzISE52JqJW,https://open.spotify.com/track/6mBwzEADA0EfzISE52JqJW
2019-08-28T06:39:14Z,Attention,Charlie Puth,Voicenotes,5cF0dROlMOK5uNZtivgu50,https://open.spotify.com/track/5cF0dROlMOK5uNZtivgu50
2019-08-28T06:38:51Z,Selfish (feat. Rihanna),"Future, Rihanna",HNDRXX,6yHkPtl6UQ7RjtJLBPzbJw,https://open.spotify.com/track/6yHkPtl6UQ7RjtJLBPzbJw
2019-08-28T06:38:44Z,Solo,Future,HNDRXX,4lH6nENd1y81jp7Yt9lTBX,https://open.spotify.com/track/4lH6nENd1y81jp7Yt9lTBX
2019-08-28T06:38:36Z,Comin Out Strong (feat. The Weeknd),"Future, The Weeknd",HNDRXX,1B87ZDrD3Pno9hS4stamWO,https://open.spotify.com/track/1B87ZDrD3Pno9hS4stamWO
2019-08-28T06:37:53Z,May I Have This Dance (Remix) [feat. Chance the Rapper],"Francis and the Lights, Chance the Rapper",May I Have This Dance (Remix) [feat. Chance the Rapper],0VaIsQoIQY10uxBrOyZ5cQ,https://open.spotify.com/track/0VaIsQoIQY10uxBrOyZ5cQ
2019-08-28T06:37:37Z,Feelin Like,Flipp Dinero,Feelin Like,3HNX5oAJQEgfhMMvPQULp6,https://open.spotify.com/track/3HNX5oAJQEgfhMMvPQULp6
2019-08-28T06:37:26Z,Leave Me Alone,Flipp Dinero,Leave Me Alone,14mHfNsSHN0FbLftyjrV9g,https://open.spotify.com/track/14mHfNsSHN0FbLftyjrV9g
2019-08-28T06:36:38Z,Sauce,Ella Mai,Ella Mai,5VqKdNoamMXrmRmqVmi9ke,https://open.spotify.com/track/5VqKdNoamMXrmRmqVmi9ke
2019-08-28T06:36:22Z,Boo'd Up,Ella Mai,READY,0At2qAoaVjIwWNAqrscXli,https://open.spotify.com/track/0At2qAoaVjIwWNAqrscXli
2019-08-28T06:34:39Z,"Feels (feat. Pharrell Williams, Katy Perry & Big Sean)","Calvin Harris, Pharrell Williams, Katy Perry, Big Sean, Funk Wav",Funk Wav Bounces Vol.1,5bcTCxgc7xVfSaMV3RuVke,https://open.spotify.com/track/5bcTCxgc7xVfSaMV3RuVke
2019-08-28T06:34:29Z,Slide (feat. Frank Ocean & Migos),"Calvin Harris, Frank Ocean, Migos, Funk Wav",Funk Wav Bounces Vol.1,7tr2za8SQg2CI8EDgrdtNl,https://open.spotify.com/track/7tr2za8SQg2CI8EDgrdtNl
2019-08-28T06:33:56Z,Run Me Dry,Bryson Tiller,True to Self,5GG3knKdxKWrNboRijxeKF,https://open.spotify.com/track/5GG3knKdxKWrNboRijxeKF
2019-08-28T06:33:53Z,Self-Made,Bryson Tiller,True to Self,2rUwQj4SWaP2anuGDtNpYR,https://open.spotify.com/track/2rUwQj4SWaP2anuGDtNpYR
2019-08-28T06:33:31Z,Right My Wrongs,Bryson Tiller,T R A P S O U L,5rgrBsAFYMun6yhtnLKRPz,https://open.spotify.com/track/5rgrBsAFYMun6yhtnLKRPz
2019-08-28T06:33:29Z,Been That Way,Bryson Tiller,T R A P S O U L,0zg5XJPiga7E5FxiehriG2,https://open.spotify.com/track/0zg5XJPiga7E5FxiehriG2
2019-08-28T06:33:00Z,Let Me Explain,Bryson Tiller,Let Me Explain,1trZGMI2CGyVT44STkpCoN,https://open.spotify.com/track/1trZGMI2CGyVT44STkpCoN
2019-08-28T06:32:55Z,Sorry Not Sorry,Bryson Tiller,Sorry Not Sorry,1TK6MwCSTO4c8ackS4CQ01,https://open.spotify.com/track/1TK6MwCSTO4c8ackS4CQ01
2019-08-28T06:32:41Z,Don't,Bryson Tiller,Don't,7lxWzjZCSkXndL8eYKfFWU,https://open.spotify.com/track/7lxWzjZCSkXndL8eYKfFWU
2019-08-28T06:31:32Z,Trippy (feat. J. Cole),"Anderson .Paak, J. Cole",Oxnard,2lRe5wBRm4xaSKTbDn2vLD,https://open.spotify.com/track/2lRe5wBRm4xaSKTbDn2vLD
2019-08-28T06:31:02Z,Ex Calling,6LACK,FREE 6LACK,1MQ8ydvrTnn2QJgXFATJvD,https://open.spotify.com/track/1MQ8ydvrTnn2QJgXFATJvD
2019-08-28T06:28:35Z,Nonchalant,6LACK,East Atlanta Love Letter,7c3K8ifIoaVZ2MSUuGo0Co,https://open.spotify.com/track/7c3K8ifIoaVZ2MSUuGo0Co
2019-08-28T06:28:06Z,Pretty Little Fears (feat. J. Cole),"6LACK, J. Cole",East Atlanta Love Letter,4at3d5QWnlibMVN75ECDrp,https://open.spotify.com/track/4at3d5QWnlibMVN75ECDrp
2019-08-28T06:26:56Z,can't leave without it,21 Savage,i am > i was,0hPLZrnDgtKxrym1BHjDhd,https://open.spotify.com/track/0hPLZrnDgtKxrym1BHjDhd
2019-08-28T06:26:40Z,Poor Fool,"2 Chainz, Swae Lee",Pretty Girls Like Trap Music,0NUv9KAJeJM6dndf1rXbU9,https://open.spotify.com/track/0NUv9KAJeJM6dndf1rXbU9
2019-08-28T06:26:33Z,It's A Vibe,"2 Chainz, Ty Dolla $ign, Trey Songz, Jhené Aiko",Pretty Girls Like Trap Music,6H0AwSQ20mo62jGlPGB8S6,https://open.spotify.com/track/6H0AwSQ20mo62jGlPGB8S6
2019-08-28T06:26:27Z,Big Amount,"2 Chainz, Drake",Pretty Girls Like Trap Music,5tkDCf3xKRZjT5RbCb3sZB,https://open.spotify.com/track/5tkDCf3xKRZjT5RbCb3sZB
2019-08-28T06:26:18Z,4 AM,"2 Chainz, Travis Scott",Pretty Girls Like Trap Music,1nX9KhK3Fff27SnrIor2Yb,https://open.spotify.com/track/1nX9KhK3Fff27SnrIor2Yb
2019-08-25T14:39:08Z,Drinks On Us,"Mike WiLL Made-It, The Weeknd, Swae Lee, Future",Drinks On Us,3Z4iF2sFcW63WclmUYd7IE,https://open.spotify.com/track/3Z4iF2sFcW63WclmUYd7IE
2019-08-24T15:29:18Z,Did It Again,Lil Tecca,Did It Again,01Qb6dN5suQNu87VJ1mIpf,https://open.spotify.com/track/01Qb6dN5suQNu87VJ1mIpf
2019-08-24T15:23:11Z,Proud Of U (feat. Young Thug),"EARTHGANG, Young Thug",Proud Of U (feat. Young Thug),6SIR9Zx1I9VaFDPj99z9JW,https://open.spotify.com/track/6SIR9Zx1I9VaFDPj99z9JW
2019-08-24T15:15:03Z,Dangerous (feat. Kid Cudi),"ScHoolboy Q, Kid Cudi",CrasH Talk,0IH3D0P8OrQFs6ajcqbm0R,https://open.spotify.com/track/0IH3D0P8OrQFs6ajcqbm0R
2019-08-24T15:07:27Z,THat Part - Black Hippy Remix,ScHoolboy Q,THat Part (Black Hippy Remix),5sqHFfmw7MMc1L85BN8802,https://open.spotify.com/track/5sqHFfmw7MMc1L85BN8802
2019-08-24T15:01:27Z,Collard Greens,"ScHoolboy Q, Kendrick Lamar",Oxymoron (Deluxe),0zO8ctW0UiuOefR87OeJOZ,https://open.spotify.com/track/0zO8ctW0UiuOefR87OeJOZ
2019-08-24T15:01:23Z,Numb Numb Juice,ScHoolboy Q,CrasH Talk,6tByydPskASjm9jTPkNQq0,https://open.spotify.com/track/6tByydPskASjm9jTPkNQq0
2019-08-24T06:49:45Z,Blasé (feat. Future & Rae Sremmurd),"Ty Dolla $ign, Future, Rae Sremmurd",Free TC,5suEtW2DUAfvroohjzgatb,https://open.spotify.com/track/5suEtW2DUAfvroohjzgatb
2019-08-24T06:49:23Z,Don't Sleep on Me (feat. Future & 24hrs),"Ty Dolla $ign, Future, 24hrs",Beach House 3,2c5D6B8oXAwc6easamdgVA,https://open.spotify.com/track/2c5D6B8oXAwc6easamdgVA
2019-08-24T06:49:17Z,Don't Judge Me (feat. Future & Swae Lee),"Ty Dolla $ign, Future, Swae Lee",Beach House 3,2EPbvVyo2qrrmeiEm57Cfl,https://open.spotify.com/track/2EPbvVyo2qrrmeiEm57Cfl
2019-08-23T15:29:50Z,BIG BOY,BROCKHAMPTON,GINGER,2YaNOzEvmqOXzAsMNHjD6B,https://open.spotify.com/track/2YaNOzEvmqOXzAsMNHjD6B
2019-08-23T15:19:46Z,DEARLY DEPARTED,BROCKHAMPTON,GINGER,7HuaFNJNNgLmk1WTSigmhi,https://open.spotify.com/track/7HuaFNJNNgLmk1WTSigmhi
2019-08-23T15:19:45Z,I BEEN BORN AGAIN,BROCKHAMPTON,GINGER,7frG49GBDHPPvxXRVLRwle,https://open.spotify.com/track/7frG49GBDHPPvxXRVLRwle
2019-08-23T05:10:36Z,BOY BYE,BROCKHAMPTON,GINGER,6e7hIhOLH9zvb3zP5O5gt0,https://open.spotify.com/track/6e7hIhOLH9zvb3zP5O5gt0
2019-08-23T05:06:33Z,SUGAR,BROCKHAMPTON,GINGER,6U0FIYXCQ3TGrk4tFpLrEA,https://open.spotify.com/track/6U0FIYXCQ3TGrk4tFpLrEA
2019-08-23T04:55:24Z,Pose (feat. Lil Uzi Vert),"Yo Gotti, Lil Uzi Vert",Pose (feat. Lil Uzi Vert),6e9biVAugkOfydEN8OiJpi,https://open.spotify.com/track/6e9biVAugkOfydEN8OiJpi
2019-08-23T04:43:11Z,"Everyday (feat. Rod Stewart, Miguel & Mark Ronson)","A$AP Rocky, Rod Stewart, Miguel, Mark Ronson",AT.LONG.LAST.A$AP,2N3U8uTYhjX2KwGT0pf5x0,https://open.spotify.com/track/2N3U8uTYhjX2KwGT0pf5x0
2019-08-23T04:25:23Z,Weekend (feat. Miguel),"Mac Miller, Miguel",GO:OD AM,6GnhWMhgJb7uyiiPEiEkDA,https://open.spotify.com/track/6GnhWMhgJb7uyiiPEiEkDA
2019-08-23T03:09:02Z,ARE YOU OK?,Daniel Caesar,CASE STUDY 01,2hSwwIRD8sahfwQGjFdixz,https://open.spotify.com/track/2hSwwIRD8sahfwQGjFdixz
2019-08-23T02:29:21Z,Who Hurt You?,Daniel Caesar,Who Hurt You?,23c9gmiiv7RCu7twft0Mym,https://open.spotify.com/track/23c9gmiiv7RCu7twft0Mym
2019-08-22T23:35:19Z,LOVE AGAIN,"Daniel Caesar, Brandy",CASE STUDY 01,2fhePAlCSsJplwkjqMYpVm,https://open.spotify.com/track/2fhePAlCSsJplwkjqMYpVm
2019-08-22T23:28:18Z,Sorry Not Sorry,Bryson Tiller,T R A P S O U L,16bHRxM89ue0TiCKARYbRp,https://open.spotify.com/track/16bHRxM89ue0TiCKARYbRp
2019-08-22T23:28:09Z,Canceled,Bryson Tiller,Canceled,3TOfcOKNuu6ZPZXJie5msH,https://open.spotify.com/track/3TOfcOKNuu6ZPZXJie5msH
2019-08-22T23:28:02Z,Don't,Bryson Tiller,T R A P S O U L,3pXF1nA74528Edde4of9CC,https://open.spotify.com/track/3pXF1nA74528Edde4of9CC
2019-08-22T23:27:31Z,Sativa,"Jhené Aiko, Swae Lee",Trip,2pg2TiYo9Rb8KeB5JjP7jS,https://open.spotify.com/track/2pg2TiYo9Rb8KeB5JjP7jS
2019-08-22T23:27:26Z,Come Through and Chill (feat. J. Cole & Salaam Remi),"Miguel, J. Cole, Salaam Remi",War & Leisure,1m8WpLYXEiNVZchsWEcCSy,https://open.spotify.com/track/1m8WpLYXEiNVZchsWEcCSy
2019-08-22T23:27:23Z,Sure Thing,Miguel,All I Want Is You,0JXXNGljqupsJaZsgSbMZV,https://open.spotify.com/track/0JXXNGljqupsJaZsgSbMZV
2019-08-22T23:26:58Z,Could've Been (feat. Bryson Tiller),"H.E.R., Bryson Tiller",I Used To Know Her: The Prelude,6lzLjIOyWTyTJvk0jraYee,https://open.spotify.com/track/6lzLjIOyWTyTJvk0jraYee
2019-08-22T20:08:33Z,GRoCERIES,"Chance the Rapper, TisaKorean, Murda Beatz",GRoCERIES,0yFvWTLs3iIwDbc91noXGT,https://open.spotify.com/track/0yFvWTLs3iIwDbc91noXGT
2019-08-22T20:08:17Z,Envy Me,Calboy,Wildboy,7rvyVWja33WG9R97oeJAjx,https://open.spotify.com/track/7rvyVWja33WG9R97oeJAjx
2019-08-22T13:57:30Z,Ballin' (with Roddy Ricch),"Mustard, Roddy Ricch",Perfect Ten,3QzAOrNlsabgbMwlZt7TAY,https://open.spotify.com/track/3QzAOrNlsabgbMwlZt7TAY
2019-08-22T04:59:32Z,Ballin Flossin,"Chance the Rapper, Shawn Mendes",The Big Day,4pnIUqhf1AQMFrJPd4BbrT,https://open.spotify.com/track/4pnIUqhf1AQMFrJPd4BbrT
2019-08-22T04:56:57Z,Secret (feat. Jeremih & Serani),"Burna Boy, Jeremih, Serani",African Giant,3KSnA0j67IFkiwmEotMGin,https://open.spotify.com/track/3KSnA0j67IFkiwmEotMGin
2019-08-22T01:47:26Z,CIVIL WAR - Bonus,Russ,CIVIL WAR (Bonus),5tmu5pAFHkUSl8Fo8ncyA4,https://open.spotify.com/track/5tmu5pAFHkUSl8Fo8ncyA4
2019-08-22T01:47:17Z,Focus (feat. 21 Savage),"Bazzi, 21 Savage",Focus (feat. 21 Savage),12iDo4Kdw9vA2X1lN3UTVu,https://open.spotify.com/track/12iDo4Kdw9vA2X1lN3UTVu
2019-08-22T01:29:58Z,The Weekend,SZA,Ctrl,6gU9OKjOE7ghfEd55oRO57,https://open.spotify.com/track/6gU9OKjOE7ghfEd55oRO57
2019-08-21T14:45:44Z,Still Serving,"21 Savage, Offset, Metro Boomin",Without Warning,6m6Oy3F6GG0zRwH03rWmTv,https://open.spotify.com/track/6m6Oy3F6GG0zRwH03rWmTv
2019-08-21T14:45:43Z,Disrespectful,"21 Savage, Offset, Metro Boomin",Without Warning,3oxCefEI6Tc6Z6t20J4IvH,https://open.spotify.com/track/3oxCefEI6Tc6Z6t20J4IvH
2019-08-21T14:45:40Z,My Choppa Hate Niggas,"21 Savage, Metro Boomin",Without Warning,2D2w9943rsnJOGCrI4aMQp,https://open.spotify.com/track/2D2w9943rsnJOGCrI4aMQp
2019-08-21T14:45:37Z,Rap Saved Me (feat. Quavo),"21 Savage, Offset, Metro Boomin, Quavo",Without Warning,0tdCy39PgWN8LFWu34ORn3,https://open.spotify.com/track/0tdCy39PgWN8LFWu34ORn3
2019-08-21T14:45:11Z,Ric Flair Drip (with Metro Boomin),"Offset, Metro Boomin",Without Warning,7sO5G9EABYOXQKNPNiE9NR,https://open.spotify.com/track/7sO5G9EABYOXQKNPNiE9NR
2019-08-19T14:12:42Z,Me or Us,Young Thug,Beautiful Thugger Girls,0JaN65P0DapRjboDEv2g08,https://open.spotify.com/track/0JaN65P0DapRjboDEv2g08
2019-08-19T14:08:44Z,Gain Clout,"Young Thug, Young Stoner Life",Slime Language,4EgL00l7AjD7mWuW4JMJ7r,https://open.spotify.com/track/4EgL00l7AjD7mWuW4JMJ7r
2019-08-19T14:08:15Z,Sin (feat. Jaden Smith),"Young Thug, Jaden",On the Run,1Jl21sidRpEdlVBvYbssLx,https://open.spotify.com/track/1Jl21sidRpEdlVBvYbssLx
2019-08-19T14:08:12Z,High (feat. Elton John),"Young Thug, Elton John",On the Run,7iMDaY1LnASwCk2uUpMtii,https://open.spotify.com/track/7iMDaY1LnASwCk2uUpMtii
2019-08-19T14:07:51Z,Feel It,Young Thug,Beautiful Thugger Girls,2BAmF6QyK5IYEOp1TFmt0u,https://open.spotify.com/track/2BAmF6QyK5IYEOp1TFmt0u
2019-08-19T14:07:38Z,Relationship (feat. Future),"Young Thug, Future",Beautiful Thugger Girls,25oOaleife6E2MIKmFkPvg,https://open.spotify.com/track/25oOaleife6E2MIKmFkPvg
2019-08-19T13:35:47Z,Who,"Future, Young Thug",Project E.T.,0t756OdnRaa3VHdrbNU19x,https://open.spotify.com/track/0t756OdnRaa3VHdrbNU19x
2019-08-19T13:35:44Z,Party Pack,"Future, Rae Sremmurd",Project E.T.,1G5XJTpRp9vckSIKlOf9ba,https://open.spotify.com/track/1G5XJTpRp9vckSIKlOf9ba
2019-08-19T13:35:05Z,100it Racks,"Future, 2 Chainz, Drake",Project E.T.,1XWcdNQvGrX32fH09CwuWI,https://open.spotify.com/track/1XWcdNQvGrX32fH09CwuWI
2019-08-19T13:31:04Z,Gwan Big up Urself,Roy Woods,Waking at Dawn,2A1RPZzGu3qxFL6PiFtyPw,https://open.spotify.com/track/2A1RPZzGu3qxFL6PiFtyPw
2019-08-19T13:30:51Z,Instinct (feat. MadeinTYO),"Roy Woods, MadeinTYO",Nocturnal,49VzL5oBsUICN7U34T98b9,https://open.spotify.com/track/49VzL5oBsUICN7U34T98b9
2019-08-19T13:30:49Z,Get You Good,Roy Woods,Exis,2yTTfOaptQVJiocgjoQFfi,https://open.spotify.com/track/2yTTfOaptQVJiocgjoQFfi
2019-08-19T13:30:32Z,Drama (feat. Drake),"Roy Woods, Drake",Exis,0PXp9QxBfSKGGpWUNaws2X,https://open.spotify.com/track/0PXp9QxBfSKGGpWUNaws2X
2019-08-19T13:30:10Z,Skateboard P (feat. Big Sean),"MadeinTYO, Big Sean",Skateboard P (feat. Big Sean),07pJdL0L9XDGW0HBj0rIS2,https://open.spotify.com/track/07pJdL0L9XDGW0HBj0rIS2
2019-08-19T13:30:09Z,Uber Everywhere,MadeinTYO,Uber Everywhere,7zBPzAjKAqQpcv8F8GCq5s,https://open.spotify.com/track/7zBPzAjKAqQpcv8F8GCq5s
2019-08-19T13:30:06Z,Ned Flanders (feat. A$AP Ferg),"MadeinTYO, A$AP Ferg","Sincerely, Tokyo",2EUNZfjPToKZIahK0WMLKd,https://open.spotify.com/track/2EUNZfjPToKZIahK0WMLKd
2019-08-19T13:23:22Z,Chanel (Go Get It) [feat. Gunna & Lil Baby],"Young Thug, Young Stoner Life, Gunna, Lil Baby",Slime Language,0kCBorRrKZkSztd9m0QI3r,https://open.spotify.com/track/0kCBorRrKZkSztd9m0QI3r
2019-08-19T13:23:19Z,It's A Slime (feat. Lil Uzi Vert),"Young Thug, Young Stoner Life, Lil Uzi Vert",Slime Language,3HxYOwZZHZn5mC1drqPQqR,https://open.spotify.com/track/3HxYOwZZHZn5mC1drqPQqR
2019-08-19T02:23:26Z,What's the Move (feat. Lil Uzi Vert),"Young Thug, Lil Uzi Vert",So Much Fun,3pTScODwk9tggZzmuH6xDY,https://open.spotify.com/track/3pTScODwk9tggZzmuH6xDY
2019-08-18T22:58:11Z,X (feat. Future),"21 Savage, Metro Boomin, Future",Savage Mode,6fwdbPMwP1zVStm8FybmkO,https://open.spotify.com/track/6fwdbPMwP1zVStm8FybmkO
2019-08-18T22:58:08Z,Bank Account,21 Savage,Issa Album,2fQrGHiQOvpL9UgPvtYy6G,https://open.spotify.com/track/2fQrGHiQOvpL9UgPvtYy6G
2019-08-17T19:27:27Z,Nowadays (feat. Landon Cube),"Lil Skies, Landon Cube",Life of a Dark Rose,2u7mxWSeoqTXndK5e08jMp,https://open.spotify.com/track/2u7mxWSeoqTXndK5e08jMp
2019-08-17T19:27:25Z,Lust,Lil Skies,Life of a Dark Rose,7oJrVhiTPZGBXWPwhxjy9S,https://open.spotify.com/track/7oJrVhiTPZGBXWPwhxjy9S
2019-08-17T19:07:48Z,Hide (feat. Seezyn),"Juice WRLD, Seezyn",Spider-Man: Into the Spider-Verse (Soundtrack From & Inspired by the Motion Picture),6rz0dTA0PdhXImFV5EjM0w,https://open.spotify.com/track/6rz0dTA0PdhXImFV5EjM0w
2019-08-17T19:07:34Z,1400 / 999 Freestyle,"Trippie Redd, Juice WRLD",A Love Letter To You 3,75lcPkAkUsKWHGBlGM476R,https://open.spotify.com/track/75lcPkAkUsKWHGBlGM476R
2019-08-17T19:07:21Z,Robbery,Juice WRLD,Death Race For Love,6Hj9jySrnFppAI0sEMCZpJ,https://open.spotify.com/track/6Hj9jySrnFppAI0sEMCZpJ
2019-08-17T19:07:20Z,Lucid Dreams,Juice WRLD,Goodbye & Good Riddance,285pBltuF7vW8TeWk8hdRR,https://open.spotify.com/track/285pBltuF7vW8TeWk8hdRR
2019-08-17T15:28:36Z,Hope,XXXTENTACION,?,2ZRo7axmMPeSVUvDbGkJah,https://open.spotify.com/track/2ZRo7axmMPeSVUvDbGkJah
2019-08-17T15:28:33Z,SMASH! - feat. PnB Rock,"XXXTENTACION, PnB Rock",?,6rAGFgcGtlIdYxlhDizXNo,https://open.spotify.com/track/6rAGFgcGtlIdYxlhDizXNo
2019-08-17T15:28:29Z,infinity (888) - feat. Joey Bada$$,"XXXTENTACION, Joey Bada$$",?,7J2gyNghNTzl4EsLhXp01Q,https://open.spotify.com/track/7J2gyNghNTzl4EsLhXp01Q
2019-08-17T15:28:28Z,going down!,XXXTENTACION,?,7CkbRn6S0itJqcqn88AtSV,https://open.spotify.com/track/7CkbRn6S0itJqcqn88AtSV
2019-08-17T15:28:17Z,Fuck Love,"XXXTENTACION, Trippie Redd",17,7AQim7LbvFVZJE3O8TYgf2,https://open.spotify.com/track/7AQim7LbvFVZJE3O8TYgf2
2019-08-17T15:28:16Z,Jocelyn Flores,XXXTENTACION,17,7m9OqQk4RVRkw9JJdeAw96,https://open.spotify.com/track/7m9OqQk4RVRkw9JJdeAw96
2019-08-17T15:28:12Z,SAD!,XXXTENTACION,?,3ee8Jmje8o58CHK66QrVC2,https://open.spotify.com/track/3ee8Jmje8o58CHK66QrVC2
2019-08-17T04:14:04Z,Time,Rexx Life Raj,Time,7zhLeMZuilDQAuTKi4ukkQ,https://open.spotify.com/track/7zhLeMZuilDQAuTKi4ukkQ
2019-08-16T04:28:52Z,Circle Of Bosses (feat. Quavo),"Young Thug, Quavo",So Much Fun,5UmRDaMPkV6g2HVMWoKx8u,https://open.spotify.com/track/5UmRDaMPkV6g2HVMWoKx8u
2019-08-14T19:56:47Z,Down Girl,Roy Woods,Waking at Dawn,4PZ4xyWBCCJqAeWI8uSLca,https://open.spotify.com/track/4PZ4xyWBCCJqAeWI8uSLca
2019-08-14T19:56:23Z,How I Feel,Roy Woods,Waking at Dawn,07Qonra5xGHyjndj0gtOHy,https://open.spotify.com/track/07Qonra5xGHyjndj0gtOHy
2019-08-13T22:20:02Z,KeeP IN tOUcH (feat. Bryson Tiller),"Tory Lanez, Bryson Tiller",LoVE me NOw (ReLoAdeD),0VM5acl9Q1cPTZH9BvKI2U,https://open.spotify.com/track/0VM5acl9Q1cPTZH9BvKI2U
2019-08-13T19:56:39Z,I Sip,Tory Lanez,I Sip,5A8EYS9Z4hz4EmtU8W8kI3,https://open.spotify.com/track/5A8EYS9Z4hz4EmtU8W8kI3
2019-08-13T19:55:10Z,FeRRis WhEEL (feat. Trippie Redd),"Tory Lanez, Trippie Redd",LoVE me NOw (ReLoAdeD),0Z1nbG2KOuRKntstSAkSox,https://open.spotify.com/track/0Z1nbG2KOuRKntstSAkSox
2019-08-13T14:10:16Z,Zodi (feat. Mr Eazi),"Jidenna, Mr Eazi",Zodi (feat. Mr Eazi),2s2arJw9uQkl9P8ZWwkGmr,https://open.spotify.com/track/2s2arJw9uQkl9P8ZWwkGmr
2019-08-12T13:00:25Z,Trip,Ella Mai,Ella Mai,6CTWathupIiDs7U4InHnDA,https://open.spotify.com/track/6CTWathupIiDs7U4InHnDA
2019-08-12T13:00:18Z,Needed Me,Rihanna,ANTI,3kfxarilcBr81mb2hmZLeh,https://open.spotify.com/track/3kfxarilcBr81mb2hmZLeh
2019-08-12T13:00:16Z,Too Good,"Drake, Rihanna",Views,0BHNx4kXZBpSjtgc4WNaDz,https://open.spotify.com/track/0BHNx4kXZBpSjtgc4WNaDz
2019-08-12T13:00:07Z,Slide (feat. Frank Ocean & Migos),"Calvin Harris, Frank Ocean, Migos",Slide (feat. Frank Ocean & Migos),6gpcs5eMhJwax4mIfKDYQk,https://open.spotify.com/track/6gpcs5eMhJwax4mIfKDYQk
2019-08-12T13:00:05Z,Pink + White,Frank Ocean,Blonde,3xKsf9qdS1CyvXSMEid6g8,https://open.spotify.com/track/3xKsf9qdS1CyvXSMEid6g8
2019-08-12T12:59:55Z,Controlla,Drake,Views,6F609ICg9Spjrw1epsAnpa,https://open.spotify.com/track/6F609ICg9Spjrw1epsAnpa
2019-08-12T12:59:45Z,Love Galore (feat. Travis Scott),"SZA, Travis Scott",Ctrl,0q75NwOoFiARAVp4EXU4Bs,https://open.spotify.com/track/0q75NwOoFiARAVp4EXU4Bs
2019-08-12T12:59:43Z,Exchange,Bryson Tiller,T R A P S O U L,43PuMrRfbyyuz4QpZ3oAwN,https://open.spotify.com/track/43PuMrRfbyyuz4QpZ3oAwN
2019-08-12T11:36:51Z,The Ways (with Swae Lee),"Khalid, Swae Lee",Black Panther The Album Music From And Inspired By,5jyyPsIGM2yqkZN9R3TmvN,https://open.spotify.com/track/5jyyPsIGM2yqkZN9R3TmvN
2019-08-12T02:18:21Z,Play with Me,Rendezvous At Two,Play with Me,4N6MG4gb91V8etOIqIuqKc,https://open.spotify.com/track/4N6MG4gb91V8etOIqIuqKc
2019-08-11T19:44:33Z,Got Me (with Ari Lennox & Omen feat. Ty Dolla $ign & Dreezy),"Dreamville, Ari Lennox, Omen, Ty Dolla $ign, Dreezy",Revenge Of The Dreamers III,4nw0S8MtvcLSpXCS9M8ciL,https://open.spotify.com/track/4nw0S8MtvcLSpXCS9M8ciL
2019-08-11T15:26:54Z,RNP (feat. Anderson .Paak),"Cordae, Anderson .Paak",The Lost Boy,5lw8Mgb4LyhriPIC86gV6e,https://open.spotify.com/track/5lw8Mgb4LyhriPIC86gV6e
2019-08-11T15:14:20Z,CYANIDE,Daniel Caesar,CASE STUDY 01,3uouaAVXpQR3X8RYkJyitQ,https://open.spotify.com/track/3uouaAVXpQR3X8RYkJyitQ
2019-08-11T15:13:55Z,Best Part (feat. H.E.R.),"Daniel Caesar, H.E.R.",Freudian,1RMJOxR6GRPsBHL8qeC2ux,https://open.spotify.com/track/1RMJOxR6GRPsBHL8qeC2ux
2019-08-11T15:13:48Z,Get You (feat. Kali Uchis),"Daniel Caesar, Kali Uchis",Freudian,7zFXmv6vqI4qOt4yGf3jYZ,https://open.spotify.com/track/7zFXmv6vqI4qOt4yGf3jYZ
2019-08-11T14:33:23Z,Chanel,Frank Ocean,Chanel,6Nle9hKrkL1wQpwNfEkxjh,https://open.spotify.com/track/6Nle9hKrkL1wQpwNfEkxjh
2019-08-11T13:39:59Z,Handsome,"Chance the Rapper, Megan Thee Stallion",The Big Day,1xsP6AITcWNigBYBYVnVZw,https://open.spotify.com/track/1xsP6AITcWNigBYBYVnVZw
2019-08-11T13:38:44Z,Out Tha Mud,Roddy Ricch,Out Tha Mud,7jI9cnrZof9mRNpIsA7QQN,https://open.spotify.com/track/7jI9cnrZof9mRNpIsA7QQN
2019-08-11T13:38:36Z,Every Season,Roddy Ricch,Feed Tha Streets II,1ttPzkTSpQUFcEGx8bjerL,https://open.spotify.com/track/1ttPzkTSpQUFcEGx8bjerL
2019-08-11T13:38:32Z,Die Young,Roddy Ricch,Feed Tha Streets II,3wLtYwtqvKK2ewelSVPeDK,https://open.spotify.com/track/3wLtYwtqvKK2ewelSVPeDK
2019-08-11T13:38:25Z,Project Dreams,"Marshmello, Roddy Ricch",Project Dreams,6GSkLS2y4ZnnZsuRAj975K,https://open.spotify.com/track/6GSkLS2y4ZnnZsuRAj975K
2019-08-11T13:29:50Z,Outta Sight Outta Mind,Gunna,Drip Season,1iKb3Z8NtkTf9auS0lzKbh,https://open.spotify.com/track/1iKb3Z8NtkTf9auS0lzKbh
2019-08-11T13:29:43Z,Drip or Drown,Gunna,Drip or Drown,6ZthdsKjWtiCxnxbhs74vF,https://open.spotify.com/track/6ZthdsKjWtiCxnxbhs74vF
2019-08-11T13:29:33Z,At the Hotel (feat. Lil Uzi Vert & Young Jordan),"Gunna, Lil Uzi Vert, Young Jordan",Drip Season 3 (Deluxe),5RIVAc0J3PAsw4aqkzO7TM,https://open.spotify.com/track/5RIVAc0J3PAsw4aqkzO7TM
2019-08-11T13:29:24Z,Oh Okay (feat. Young Thug & Lil Baby),"Gunna, Lil Baby, Young Thug",Drip Season 3 (Deluxe),38844QuZDlnt44uHPrSA3S,https://open.spotify.com/track/38844QuZDlnt44uHPrSA3S
2019-08-11T13:29:17Z,Top Off,Gunna,Drip Season 3 (Deluxe),0HCnj7pfrvshnocOJUFeit,https://open.spotify.com/track/0HCnj7pfrvshnocOJUFeit
2019-08-11T13:29:08Z,Close Friends (Lil Baby & Gunna),Lil Baby,Drip Harder,5nzhL67GpF9szXWg5y509A,https://open.spotify.com/track/5nzhL67GpF9szXWg5y509A
2019-08-11T13:28:47Z,One Call,Gunna,Drip or Drown 2,3pq5dd3Hwg2uJ3d63v9YRx,https://open.spotify.com/track/3pq5dd3Hwg2uJ3d63v9YRx
2019-08-11T13:28:33Z,Drip Too Hard (Lil Baby & Gunna),"Lil Baby, Gunna",Drip Harder,78QR3Wp35dqAhFEc2qAGjE,https://open.spotify.com/track/78QR3Wp35dqAhFEc2qAGjE
2019-08-11T13:28:25Z,100 Or Better (feat. NLE Choppa),"Stunna 4 Vegas, NLE Choppa",BIG 4x,2HTPYkoxEvr8g2EHt4BZe3,https://open.spotify.com/track/2HTPYkoxEvr8g2EHt4BZe3
2019-08-11T05:23:38Z,"Psycho, Pt. 2",Russ,"Psycho, Pt. 2",26OhjtaTamFocE08t83ml6,https://open.spotify.com/track/26OhjtaTamFocE08t83ml6
2019-08-11T05:23:34Z,Missin You Crazy,Russ,ZOO,4ve2uzqdwnHr20G5YgMMqr,https://open.spotify.com/track/4ve2uzqdwnHr20G5YgMMqr
2019-08-11T05:23:18Z,Pull The Trigger,Russ,There's Really A Wolf,57evRskKe47TvzG96SLLTM,https://open.spotify.com/track/57evRskKe47TvzG96SLLTM
2019-08-11T05:23:17Z,MVP,Russ,There's Really A Wolf,6euh6chaRsi3Ywb1gA9LlO,https://open.spotify.com/track/6euh6chaRsi3Ywb1gA9LlO
2019-08-11T05:23:11Z,Losin Control,Russ,There's Really A Wolf,4cxMGhkinTocPSVVKWIw0d,https://open.spotify.com/track/4cxMGhkinTocPSVVKWIw0d
2019-08-11T05:23:08Z,What They Want,Russ,There's Really A Wolf,3pndPhlQWjuSoXhcIIdBjv,https://open.spotify.com/track/3pndPhlQWjuSoXhcIIdBjv
2019-08-11T05:22:58Z,Ride Slow,Russ,There's Really A Wolf,6HK4YGOpZr1ost68QP3ul0,https://open.spotify.com/track/6HK4YGOpZr1ost68QP3ul0
2019-08-11T05:22:37Z,Losin Control,Russ,Losin Control,1jkIErXa3YNUX5QIyO6GGR,https://open.spotify.com/track/1jkIErXa3YNUX5QIyO6GGR
2019-08-11T05:22:23Z,Cherry Hill,Russ,Cherry Hill,7eZOvhHWlB3AcrOuZfTTOA,https://open.spotify.com/track/7eZOvhHWlB3AcrOuZfTTOA
2019-08-11T05:22:14Z,Alone,Russ,Alone,3p0Y1C5jhaqyKW7d9oskXA,https://open.spotify.com/track/3p0Y1C5jhaqyKW7d9oskXA
2019-08-11T05:21:21Z,Ain't Nobody Takin My Baby,Russ,Ain't Nobody Takin My Baby,6VnqGxiMNexOe0kRmIsBw4,https://open.spotify.com/track/6VnqGxiMNexOe0kRmIsBw4
2019-08-10T21:44:48Z,Shot Clock,Ella Mai,Ella Mai,2GlATHCDbLW7xq5BE0Bz5g,https://open.spotify.com/track/2GlATHCDbLW7xq5BE0Bz5g
2019-08-10T21:44:41Z,Gut Feeling (feat. H.E.R.),"Ella Mai, H.E.R.",Ella Mai,1dxy88oPzmIN9QAyCNfXmW,https://open.spotify.com/track/1dxy88oPzmIN9QAyCNfXmW
2019-08-10T14:19:09Z,Soul Searching,Bazzi,Soul Searching,6Zk5sNLpRnZRbDjOBgkyiD,https://open.spotify.com/track/6Zk5sNLpRnZRbDjOBgkyiD
2019-08-10T13:34:49Z,I.F.L.Y.,Bazzi,Soul Searching,4a6q8CR2hzLk2plDkSxkfD,https://open.spotify.com/track/4a6q8CR2hzLk2plDkSxkfD
2019-08-10T13:34:06Z,F.N,Lil Tjay,F.N,0UPBidRYcgJ2mjZlk08V8x,https://open.spotify.com/track/0UPBidRYcgJ2mjZlk08V8x
2019-08-10T13:24:11Z,Love Me,Lil Tecca,Love Me,7Aem1fAapTdGcHwAYyQYU4,https://open.spotify.com/track/7Aem1fAapTdGcHwAYyQYU4
2019-08-10T13:23:41Z,bad guy,Billie Eilish,"WHEN WE ALL FALL ASLEEP, WHERE DO WE GO?",2Fxmhks0bxGSBdJ92vM42m,https://open.spotify.com/track/2Fxmhks0bxGSBdJ92vM42m
2019-08-09T23:27:56Z,Pray,Sam Smith,Pray,0D8ZpOXVjapLXrjz5VfZSD,https://open.spotify.com/track/0D8ZpOXVjapLXrjz5VfZSD
2019-08-09T15:25:24Z,Shea Butter Baby (with J. Cole),"Ari Lennox, J. Cole",Creed II: The Album,1CVAENDG5VY05pEHh0ViXL,https://open.spotify.com/track/1CVAENDG5VY05pEHh0ViXL
2019-08-09T15:19:21Z,Promises (with Sam Smith),"Calvin Harris, Sam Smith, Jessie Reyez",Promises (with Sam Smith),5N5k9nd479b1xpDZ4usjrg,https://open.spotify.com/track/5N5k9nd479b1xpDZ4usjrg
2019-08-09T15:19:16Z,Too Good At Goodbyes,Sam Smith,The Thrill Of It All (Special Edition),3VlbOrM6nYPprVvzBZllE5,https://open.spotify.com/track/3VlbOrM6nYPprVvzBZllE5
2019-08-09T15:19:14Z,Stay With Me,Sam Smith,In The Lonely Hour,5Nm9ERjJZ5oyfXZTECKmRt,https://open.spotify.com/track/5Nm9ERjJZ5oyfXZTECKmRt
2019-08-09T15:19:08Z,Dancing With A Stranger (with Normani),"Sam Smith, Normani",Dancing With A Stranger (with Normani),6Qs4SXO9dwPj5GKvVOv8Ki,https://open.spotify.com/track/6Qs4SXO9dwPj5GKvVOv8Ki
2019-08-09T03:46:21Z,Going Bad (feat. Drake),"Meek Mill, Drake",Championships,2IRZnDFmlqMuOrYOLnZZyc,https://open.spotify.com/track/2IRZnDFmlqMuOrYOLnZZyc
2019-08-09T02:54:16Z,Pop Out (feat. Lil Tjay),"Polo G, Lil Tjay",Die A Legend,6uFn47ACjqYkc0jADwEdj1,https://open.spotify.com/track/6uFn47ACjqYkc0jADwEdj1
2019-08-09T01:10:54Z,Feeling Whitney,Post Malone,Stoney (Deluxe),35r28RDot7nPE7y9K9H7l0,https://open.spotify.com/track/35r28RDot7nPE7y9K9H7l0
2019-08-09T01:10:34Z,Money Made Me Do It,"Post Malone, 2 Chainz",Stoney (Deluxe),1ysAvOdJgUjc6CqOQxepaz,https://open.spotify.com/track/1ysAvOdJgUjc6CqOQxepaz
2019-08-09T01:10:21Z,Up There,Post Malone,Stoney (Deluxe),2rKmNEYrQxaOPZrOWKZpOc,https://open.spotify.com/track/2rKmNEYrQxaOPZrOWKZpOc
2019-08-09T01:10:19Z,Congratulations,"Post Malone, Quavo",Stoney (Deluxe),3a1lNhkSLSkpJE4MSHpDu9,https://open.spotify.com/track/3a1lNhkSLSkpJE4MSHpDu9
2019-08-09T01:10:18Z,Too Young,Post Malone,Stoney (Deluxe),4SYUUlkScpNR1QvPscXf8t,https://open.spotify.com/track/4SYUUlkScpNR1QvPscXf8t
2019-08-09T01:10:16Z,Go Flex,Post Malone,Stoney (Deluxe),5yuShbu70mtHXY0yLzCQLQ,https://open.spotify.com/track/5yuShbu70mtHXY0yLzCQLQ
2019-08-09T01:10:15Z,I Fall Apart,Post Malone,Stoney (Deluxe),75ZvA4QfFiZvzhj2xkaWAh,https://open.spotify.com/track/75ZvA4QfFiZvzhj2xkaWAh
2019-08-09T01:10:14Z,White Iverson,Post Malone,Stoney (Deluxe),6eT7xZZlB2mwyzJ2sUKG6w,https://open.spotify.com/track/6eT7xZZlB2mwyzJ2sUKG6w
2019-08-09T01:10:10Z,No Option,Post Malone,Stoney (Deluxe),6M0IsaUX4GNyto4niSegfI,https://open.spotify.com/track/6M0IsaUX4GNyto4niSegfI
2019-08-09T01:10:07Z,Big Lie,Post Malone,Stoney (Deluxe),02opp1cycqiFNDpLd2o1J3,https://open.spotify.com/track/02opp1cycqiFNDpLd2o1J3
2019-08-09T01:10:05Z,Deja Vu,"Post Malone, Justin Bieber",Stoney (Deluxe),0H8XeaJunhvpBdBFIYi6Sh,https://open.spotify.com/track/0H8XeaJunhvpBdBFIYi6Sh
2019-08-09T01:09:58Z,Sugar Wraith,Post Malone,beerbongs & bentleys,0MrRAUcB8AZiB9ue2VOBYe,https://open.spotify.com/track/0MrRAUcB8AZiB9ue2VOBYe
2019-08-09T01:09:57Z,Candy Paint,Post Malone,beerbongs & bentleys,32lItqlMi4LBhb4k0BaSaC,https://open.spotify.com/track/32lItqlMi4LBhb4k0BaSaC
2019-08-09T01:09:40Z,Blame It On Me,Post Malone,beerbongs & bentleys,1ZemPoaj7LBj1RAQrb89EC,https://open.spotify.com/track/1ZemPoaj7LBj1RAQrb89EC
2019-08-09T01:09:35Z,Zack And Codeine,Post Malone,beerbongs & bentleys,5lZZmityu9TAjNvSY6GLhR,https://open.spotify.com/track/5lZZmityu9TAjNvSY6GLhR
2019-08-09T01:09:32Z,Spoil My Night (feat. Swae Lee),"Post Malone, Swae Lee",beerbongs & bentleys,5VuxWXbt7XENQCtE9TzpTv,https://open.spotify.com/track/5VuxWXbt7XENQCtE9TzpTv
2019-08-09T01:09:26Z,Better Now,Post Malone,beerbongs & bentleys,7dt6x5M1jzdTEt8oCbisTK,https://open.spotify.com/track/7dt6x5M1jzdTEt8oCbisTK
2019-08-09T01:09:20Z,rockstar (feat. 21 Savage),"Post Malone, 21 Savage",beerbongs & bentleys,0e7ipj03S05BNilyu5bRzt,https://open.spotify.com/track/0e7ipj03S05BNilyu5bRzt
2019-08-09T01:09:15Z,Wow.,Post Malone,Wow.,6MWtB6iiXyIwun0YzU6DFP,https://open.spotify.com/track/6MWtB6iiXyIwun0YzU6DFP
2019-08-09T01:07:28Z,"Walk On Water (feat. A$AP Twelvyy, A$AP Ant, A$AP Nast, A$AP Ferg & Playboi Carti)","A$AP Mob, A$AP Twelvyy, A$AP ANT, A$AP NAST, A$AP Ferg, Playboi Carti",Cozy Tapes Vol. 2: Too Cozy,0WQcnrsEqrY2e5nexGe3HX,https://open.spotify.com/track/0WQcnrsEqrY2e5nexGe3HX
2019-08-09T01:07:23Z,"Perry Aye (feat. A$AP Rocky, A$AP Nast, Playboi Carti & Jaden Smith)","A$AP Mob, A$AP Rocky, A$AP NAST, Playboi Carti, Jaden",Cozy Tapes Vol. 2: Too Cozy,0PDwNx6GrHc5sRVy6Hc7GP,https://open.spotify.com/track/0PDwNx6GrHc5sRVy6Hc7GP
2019-08-09T01:05:47Z,Who Run It (Remix) [Feat. Lil Uzi Vert],"G Herbo, Lil Uzi Vert, Southside",Who Run It (Remix),36fmvm49vZC9VM5X2DQJVe,https://open.spotify.com/track/36fmvm49vZC9VM5X2DQJVe
2019-08-09T01:03:32Z,Pull Up (feat. Lil Uzi Vert),"Wiz Khalifa, Lil Uzi Vert",Pull Up (feat. Lil Uzi Vert),6LTsvaebP6V9tJFvZxqi5M,https://open.spotify.com/track/6LTsvaebP6V9tJFvZxqi5M
2019-08-09T01:02:29Z,Reason (& Metro Boomin),"Big Sean, Metro Boomin, Swae Lee",Double Or Nothing (& Metro Boomin),4GvhvCrqxhpyMBUzwdDC0T,https://open.spotify.com/track/4GvhvCrqxhpyMBUzwdDC0T
2019-08-09T01:02:10Z,Sacrifices,"Big Sean, Migos",I Decided.,1r0faljjM2b876iNoaDUh5,https://open.spotify.com/track/1r0faljjM2b876iNoaDUh5
2019-08-09T01:02:07Z,Halfway Off The Balcony,Big Sean,I Decided.,4atJ40xfasjdM9ZF3p07BV,https://open.spotify.com/track/4atJ40xfasjdM9ZF3p07BV
2019-08-09T01:02:00Z,Jump Out The Window,Big Sean,I Decided.,1jQsKN68yE94tMYml0wHMd,https://open.spotify.com/track/1jQsKN68yE94tMYml0wHMd
2019-08-09T01:01:48Z,Living Single,"Big Sean, Chance the Rapper, Jeremih",Living Single,36xxq7VDZZsGwARsn6Clo7,https://open.spotify.com/track/36xxq7VDZZsGwARsn6Clo7
2019-08-09T01:01:39Z,Wala Cam,"Chance the Rapper, Supa Bwe, Forever Band",Wala Cam,2cEnYJKLSZPH7MFSk6C05c,https://open.spotify.com/track/2cEnYJKLSZPH7MFSk6C05c
2019-08-09T01:01:35Z,Work Out,Chance the Rapper,Work Out,3PdgIdRXJjgxfOr7slldel,https://open.spotify.com/track/3PdgIdRXJjgxfOr7slldel
2019-08-09T01:01:08Z,Everything Remix,"G Herbo, Lil Uzi Vert, Chance the Rapper",Humble Beast Deluxe,6aZ9x2eBrTlfJrKY97j3bp,https://open.spotify.com/track/6aZ9x2eBrTlfJrKY97j3bp
2019-08-09T01:00:59Z,LOGOUT,Saba,CARE FOR ME,0Q8A7MPsoFg72xcVFBsS8Q,https://open.spotify.com/track/0Q8A7MPsoFg72xcVFBsS8Q
2019-08-09T01:00:51Z,Best Life (feat. Chance The Rapper),"Cardi B, Chance the Rapper",Invasion of Privacy,00B7TZ0Xawar6NZ00JFomN,https://open.spotify.com/track/00B7TZ0Xawar6NZ00JFomN
2019-08-09T01:00:36Z,What's The Hook,"Reeseynem, Chance the Rapper",What's the Hook,5jTxUFNw2FjtX0oIVRaM6z,https://open.spotify.com/track/5jTxUFNw2FjtX0oIVRaM6z
2019-08-09T01:00:25Z,"I'm Not Crazy, Life Is (feat. Chance The Rapper, Kodak Black)","2 Chainz, Chance the Rapper, Kodak Black",Rap Or Go To The League,3hYKgk38xGR6pGjgTkFN99,https://open.spotify.com/track/3hYKgk38xGR6pGjgTkFN99
2019-08-09T00:59:44Z,Bad Idea (feat. Chance the Rapper),"Cordae, Chance the Rapper",The Lost Boy,5yK37zazHUe3WxEvymZs20,https://open.spotify.com/track/5yK37zazHUe3WxEvymZs20
2019-08-09T00:59:41Z,Broke As Fuck,Cordae,The Lost Boy,1faIb3PPSzEifCHUOJ691R,https://open.spotify.com/track/1faIb3PPSzEifCHUOJ691R
2019-08-09T00:59:02Z,Chain Smoker,Chance the Rapper,Acid Rap,4Jh8aypoHtCqv5GPzZxPsz,https://open.spotify.com/track/4Jh8aypoHtCqv5GPzZxPsz
2019-08-09T00:58:59Z,Acid Rain,Chance the Rapper,Acid Rap,0yLsJKNJHmSnmSGl3ZodYn,https://open.spotify.com/track/0yLsJKNJHmSnmSGl3ZodYn
2019-08-09T00:58:57Z,NaNa,"Chance the Rapper, Action Bronson",Acid Rap,5l08slmvFRUseHpq85neke,https://open.spotify.com/track/5l08slmvFRUseHpq85neke
2019-08-09T00:58:56Z,Favorite Song,"Chance the Rapper, Childish Gambino",Acid Rap,1sFstGV1Z3Aw5TDFCiT7vK,https://open.spotify.com/track/1sFstGV1Z3Aw5TDFCiT7vK
2019-08-09T00:58:46Z,"Blessings (feat. Ty Dolla $ign, Anderson .Paak, BJ The Chicago Kid, Raury & Jamila Woods)","Chance the Rapper, Ty Dolla $ign, Anderson .Paak, BJ The Chicago Kid, Raury",Coloring Book,5IdQEHgtmj9th3OkfQKhf8,https://open.spotify.com/track/5IdQEHgtmj9th3OkfQKhf8
2019-08-09T00:58:39Z,Smoke Break (feat. Future),"Chance the Rapper, Future",Coloring Book,1Uq3IOIy1CUlHUgP6vWpum,https://open.spotify.com/track/1Uq3IOIy1CUlHUgP6vWpum
2019-08-09T00:58:34Z,Angels (feat. Saba),"Chance the Rapper, Saba",Coloring Book,0jx8zY5JQsS4YEQcfkoc5C,https://open.spotify.com/track/0jx8zY5JQsS4YEQcfkoc5C
2019-08-09T00:58:34Z,Juke Jam (feat. Justin Bieber & Towkio),"Chance the Rapper, Justin Bieber, Towkio",Coloring Book,3eze1OsZ1rqeXkKStNfTmi,https://open.spotify.com/track/3eze1OsZ1rqeXkKStNfTmi
2019-08-09T00:58:30Z,Same Drugs,Chance the Rapper,Coloring Book,6m9qPYXmhge2QhBLfFKnVF,https://open.spotify.com/track/6m9qPYXmhge2QhBLfFKnVF
2019-08-09T00:58:29Z,Blessings (feat. Jamila Woods),"Chance the Rapper, Jamila Woods",Coloring Book,2VQc9orzwE6a5qFfy54P6e,https://open.spotify.com/track/2VQc9orzwE6a5qFfy54P6e
2019-08-09T00:58:24Z,Summer Friends (feat. Jeremih & Francis & The Lights),"Chance the Rapper, Jeremih, Francis and the Lights",Coloring Book,2fl0B0OaXjWbjHCQFx2O8W,https://open.spotify.com/track/2fl0B0OaXjWbjHCQFx2O8W
2019-08-08T18:39:49Z,Location,Playboi Carti,Playboi Carti,3yk7PJnryiJ8mAPqsrujzf,https://open.spotify.com/track/3yk7PJnryiJ8mAPqsrujzf
2019-08-08T18:39:34Z,Early Morning Trappin (feat. Trippie Redd),"Rich The Kid, Trippie Redd",The World Is Yours,5I9ToLsF7Rrt9PZ71uk0Qq,https://open.spotify.com/track/5I9ToLsF7Rrt9PZ71uk0Qq
2019-08-08T17:55:52Z,New Freezer (feat. Kendrick Lamar),"Rich The Kid, Kendrick Lamar",The World Is Yours,2EgB4n6XyBsuNUbuarr4eG,https://open.spotify.com/track/2EgB4n6XyBsuNUbuarr4eG
2019-08-08T17:55:43Z,Habits,NAV,Bad Habits (Deluxe),3KkWGDCb6byHjNYjxBihGK,https://open.spotify.com/track/3KkWGDCb6byHjNYjxBihGK
2019-08-08T17:50:08Z,Get Dripped (feat. Playboi Carti),"Lil Yachty, Playboi Carti",Nuthin' 2 Prove,3m2aDCqn8eT5ElXDUiboGU,https://open.spotify.com/track/3m2aDCqn8eT5ElXDUiboGU
2019-08-08T17:49:59Z,Forever World (feat. Trippie Redd),"Lil Yachty, Trippie Redd",Nuthin' 2 Prove,1tKvqOrnJ0zhAuFS6yfNTk,https://open.spotify.com/track/1tKvqOrnJ0zhAuFS6yfNTk
2019-08-08T17:48:27Z,66,"Lil Yachty, Trippie Redd",Lil Boat 2,6tarvNiKnEjYMj1VZhlDqR,https://open.spotify.com/track/6tarvNiKnEjYMj1VZhlDqR
2019-08-08T17:47:45Z,Flex,"Playboi Carti, Leven Kali",Playboi Carti,2xyBvir9n474qfsOkxXMgx,https://open.spotify.com/track/2xyBvir9n474qfsOkxXMgx
2019-08-08T12:10:54Z,4 Your Eyez Only,J. Cole,4 Your Eyez Only,1vvnYpYEMVB4aq9I6tHIEB,https://open.spotify.com/track/1vvnYpYEMVB4aq9I6tHIEB
2019-08-08T12:10:45Z,Neighbors,J. Cole,4 Your Eyez Only,0utlOiJy2weVl9WTkcEWHy,https://open.spotify.com/track/0utlOiJy2weVl9WTkcEWHy
2019-08-08T12:10:42Z,Deja Vu,J. Cole,4 Your Eyez Only,6I6NX6tjGsxFAsIfGzY9lJ,https://open.spotify.com/track/6I6NX6tjGsxFAsIfGzY9lJ
2019-08-08T12:10:34Z,Apparently,J. Cole,2014 Forest Hills Drive,1HNs07uZxZniPNmniw2GTa,https://open.spotify.com/track/1HNs07uZxZniPNmniw2GTa
2019-08-08T12:10:29Z,Love Yourz,J. Cole,2014 Forest Hills Drive,4gkl7QbQvBd3TM9PhlWFkI,https://open.spotify.com/track/4gkl7QbQvBd3TM9PhlWFkI
2019-08-08T12:10:25Z,Wet Dreamz,J. Cole,2014 Forest Hills Drive,6Ius4TC0L3cN74HT7ENE6e,https://open.spotify.com/track/6Ius4TC0L3cN74HT7ENE6e
2019-08-08T12:10:15Z,Sacrifices (with EARTHGANG & J. Cole feat. Smino & Saba),"Dreamville, EARTHGANG, J. Cole, Smino, Saba",Revenge Of The Dreamers III,7wTA0NKIm6T7nP2kaymU2a,https://open.spotify.com/track/7wTA0NKIm6T7nP2kaymU2a
2019-08-08T12:10:12Z,MIDDLE CHILD,J. Cole,Revenge Of The Dreamers III,2b5scDVCDxVsLalecDLAo2,https://open.spotify.com/track/2b5scDVCDxVsLalecDLAo2
2019-08-08T12:10:08Z,Self Love (with Ari Lennox & Bas feat. Baby Rose),"Dreamville, Ari Lennox, Bas, Baby Rose",Revenge Of The Dreamers III,7dnSXaCjLdFiWZa8s5wP1n,https://open.spotify.com/track/7dnSXaCjLdFiWZa8s5wP1n
2019-08-08T12:09:28Z,Sunset (with J. Cole feat. Young Nudy),"Dreamville, J. Cole, Young Nudy",Revenge Of The Dreamers III,3pZO6GoVPeSYDxxsH6vCdj,https://open.spotify.com/track/3pZO6GoVPeSYDxxsH6vCdj
2019-08-08T12:09:26Z,No Role Modelz,J. Cole,2014 Forest Hills Drive,62vpWI1CHwFy7tMIcSStl8,https://open.spotify.com/track/62vpWI1CHwFy7tMIcSStl8
2019-08-08T12:09:25Z,Under The Sun (with J. Cole & Lute feat. DaBaby),"Dreamville, J. Cole, Lute, DaBaby",Revenge Of The Dreamers III,6MF4tRr5lU8qok8IKaFOBE,https://open.spotify.com/track/6MF4tRr5lU8qok8IKaFOBE
2019-08-08T12:08:44Z,"New Level REMIX (feat. Future, A$AP Rocky & Lil Uzi Vert)","A$AP Ferg, Future, A$AP Rocky, Lil Uzi Vert","New Level REMIX (feat. Future, A$AP Rocky & Lil Uzi Vert)",36evXa8bNvfBYNzePEWhG1,https://open.spotify.com/track/36evXa8bNvfBYNzePEWhG1
2019-08-08T12:08:40Z,"RAF (feat. A$AP Rocky, Playboi Carti, Quavo, Lil Uzi Vert & Frank Ocean)","A$AP Mob, A$AP Rocky, Playboi Carti, Quavo, Lil Uzi Vert, Frank Ocean","RAF (feat. A$AP Rocky, Playboi Carti, Quavo, Lil Uzi Vert & Frank Ocean)",6kl1qtQXQsFiIWRBK24Cfp,https://open.spotify.com/track/6kl1qtQXQsFiIWRBK24Cfp
2019-08-08T12:08:34Z,Too Much Sauce (feat. Future & Lil Uzi Vert),"DJ ESCO, Future, Lil Uzi Vert",Too Much Sauce (feat. Future & Lil Uzi Vert),5oyUurs28XRagLa8lgm6V3,https://open.spotify.com/track/5oyUurs28XRagLa8lgm6V3
2019-08-08T12:07:37Z,Bad and Boujee (feat. Lil Uzi Vert),"Migos, Lil Uzi Vert",Culture,4Km5HrUvYTaSUfiSGPJeQR,https://open.spotify.com/track/4Km5HrUvYTaSUfiSGPJeQR
2019-08-08T12:06:43Z,Chair Falling,Trippie Redd,Chair Falling,1AzA9d4isAdfa0wBd6ogoE,https://open.spotify.com/track/1AzA9d4isAdfa0wBd6ogoE
2019-08-08T12:06:15Z,In Too Deep,Trippie Redd,A Love Letter To You 2,7KrkTrZfPhgXelA3NvDMkE,https://open.spotify.com/track/7KrkTrZfPhgXelA3NvDMkE
2019-08-08T12:06:12Z,Bust Down,Trippie Redd,A Love Letter To You 2,3vWxQ6wOfMr8zH1u7pVFI6,https://open.spotify.com/track/3vWxQ6wOfMr8zH1u7pVFI6
2019-08-08T12:06:02Z,It Takes Time,Trippie Redd,A Love Letter To You,7022xokeCJFSeZxw2npVkn,https://open.spotify.com/track/7022xokeCJFSeZxw2npVkn
2019-08-08T12:05:41Z,Romeo & Juliet,Trippie Redd,A Love Letter To You,6jT3etAOkvMUw0zsEw5QnR,https://open.spotify.com/track/6jT3etAOkvMUw0zsEw5QnR
2019-08-08T12:05:30Z,Love Scars,Trippie Redd,A Love Letter To You,0AICBlLzFCTpUqmAbtzB2z,https://open.spotify.com/track/0AICBlLzFCTpUqmAbtzB2z
2019-08-08T12:03:22Z,Nightcrawler (feat. Swae Lee & Chief Keef),"Travis Scott, Swae Lee, Chief Keef",Rodeo,3xby7fOyqmeON8jsnom0AT,https://open.spotify.com/track/3xby7fOyqmeON8jsnom0AT
2019-08-08T12:03:09Z,pick up the phone (feat. Quavo),"Young Thug, Travis Scott, Quavo",Birds In The Trap Sing McKnight,20dP2DaMHIAmwWAbp7peSr,https://open.spotify.com/track/20dP2DaMHIAmwWAbp7peSr
2019-08-08T12:03:07Z,beibs in the trap,Travis Scott,Birds In The Trap Sing McKnight,0ESJlaM8CE1jRWaNtwSNj8,https://open.spotify.com/track/0ESJlaM8CE1jRWaNtwSNj8
2019-08-08T12:01:41Z,Space Cadet (feat. Gunna),"Metro Boomin, Gunna",NOT ALL HEROES WEAR CAPES (Deluxe),1fewSx2d5KIZ04wsooEBOz,https://open.spotify.com/track/1fewSx2d5KIZ04wsooEBOz
2019-08-08T12:01:40Z,Dreamcatcher (feat. Swae Lee & Travis Scott),"Metro Boomin, Swae Lee, Travis Scott",NOT ALL HEROES WEAR CAPES (Deluxe),22ykS8KWpd2r4zcRZ0XMK5,https://open.spotify.com/track/22ykS8KWpd2r4zcRZ0XMK5
2019-08-08T12:01:25Z,CAN'T SAY,Travis Scott,ASTROWORLD,27a1mYSG5tYg7dmEjWBcmL,https://open.spotify.com/track/27a1mYSG5tYg7dmEjWBcmL
2019-08-08T12:01:21Z,BUTTERFLY EFFECT,Travis Scott,ASTROWORLD,2cYqizR4lgvp4Qu6IQ3qGN,https://open.spotify.com/track/2cYqizR4lgvp4Qu6IQ3qGN
2019-08-08T12:01:18Z,5% TINT,Travis Scott,ASTROWORLD,11kDth1aKUEUMq9r1pqyds,https://open.spotify.com/track/11kDth1aKUEUMq9r1pqyds
2019-08-08T12:01:14Z,WAKE UP,Travis Scott,ASTROWORLD,20MuVazoNMv6xjKPnRFOxG,https://open.spotify.com/track/20MuVazoNMv6xjKPnRFOxG
2019-08-08T12:01:11Z,STOP TRYING TO BE GOD,Travis Scott,ASTROWORLD,1xYpVRspgaLxdJLOTQkTjg,https://open.spotify.com/track/1xYpVRspgaLxdJLOTQkTjg
2019-08-08T12:01:09Z,R.I.P. SCREW,Travis Scott,ASTROWORLD,4SZepBIPDRwPaHIjAKwRDb,https://open.spotify.com/track/4SZepBIPDRwPaHIjAKwRDb
2019-08-08T12:01:07Z,STARGAZING,Travis Scott,ASTROWORLD,7wBJfHzpfI3032CSD7CE2m,https://open.spotify.com/track/7wBJfHzpfI3032CSD7CE2m
2019-08-08T12:01:03Z,YOSEMITE,Travis Scott,ASTROWORLD,7lAK3oHbfEnvUQWosrMMpR,https://open.spotify.com/track/7lAK3oHbfEnvUQWosrMMpR
2019-08-08T12:01:01Z,goosebumps,Travis Scott,Birds In The Trap Sing McKnight,6gBFPUFcJLzWGx4lenP6h2,https://open.spotify.com/track/6gBFPUFcJLzWGx4lenP6h2
2019-08-08T12:01:00Z,SICKO MODE,Travis Scott,ASTROWORLD,2xLMifQCjDGFmkHkpNLD9h,https://open.spotify.com/track/2xLMifQCjDGFmkHkpNLD9h
2019-08-08T03:46:16Z,Wicked Games,The Weeknd,Trilogy,4PouRT4KlI9TRHp45uMqdO,https://open.spotify.com/track/4PouRT4KlI9TRHp45uMqdO
2019-08-08T03:46:14Z,The Morning,The Weeknd,Trilogy,1fWHv2gMrEGfBnBvio4yEp,https://open.spotify.com/track/1fWHv2gMrEGfBnBvio4yEp
2019-08-08T03:40:06Z,Earned It (Fifty Shades Of Grey),The Weeknd,Beauty Behind The Madness,4frLb7nWtsz2ymBE6k2GRP,https://open.spotify.com/track/4frLb7nWtsz2ymBE6k2GRP
2019-08-08T03:40:02Z,Can't Feel My Face,The Weeknd,Beauty Behind The Madness,22VdIZQfgXJea34mQxlt81,https://open.spotify.com/track/22VdIZQfgXJea34mQxlt81
2019-08-08T03:39:57Z,Acquainted,The Weeknd,Beauty Behind The Madness,7uJH0YdSZL6psjxI6Xy08b,https://open.spotify.com/track/7uJH0YdSZL6psjxI6Xy08b
2019-08-08T03:39:56Z,The Hills,The Weeknd,Beauty Behind The Madness,7fBv7CLKzipRk6EC6TWHOB,https://open.spotify.com/track/7fBv7CLKzipRk6EC6TWHOB
2019-08-08T03:38:34Z,No Flockin',Kodak Black,No Flockin',34oWbFBfGEElvgO0a5c9V4,https://open.spotify.com/track/34oWbFBfGEElvgO0a5c9V4
2019-08-08T03:37:38Z,Roll in Peace (feat. XXXTENTACION),"Kodak Black, XXXTENTACION",Project Baby 2: All Grown Up,40oKW22ZNNkEdZLJTScaQI,https://open.spotify.com/track/40oKW22ZNNkEdZLJTScaQI
2019-08-08T03:37:11Z,Transportin',Kodak Black,Project Baby 2: All Grown Up,1WIZiOuNO3woKfdlSK2gNn,https://open.spotify.com/track/1WIZiOuNO3woKfdlSK2gNn
2019-08-08T03:36:35Z,MoshPit (feat. Juice WRLD),"Kodak Black, Juice WRLD",Dying to Live,4KX8vXbouybtUptEyYxtIk,https://open.spotify.com/track/4KX8vXbouybtUptEyYxtIk
2019-08-08T03:36:27Z,Take One,Kodak Black,Dying to Live,1XJBDDpeuZaj5fvmwhdIMw,https://open.spotify.com/track/1XJBDDpeuZaj5fvmwhdIMw
2019-08-08T03:36:25Z,ZEZE (feat. Travis Scott & Offset),"Kodak Black, Offset, Travis Scott",Dying to Live,0FZ4Dmg8jJJAPJnvBIzD9z,https://open.spotify.com/track/0FZ4Dmg8jJJAPJnvBIzD9z
2019-08-08T03:36:18Z,Identity Theft,Kodak Black,Dying to Live,48KTGG6wBPpleE5KsTuiwy,https://open.spotify.com/track/48KTGG6wBPpleE5KsTuiwy
2019-08-08T03:36:03Z,Testimony,Kodak Black,Dying to Live,6Gg25EZRbQd4IHiJz2KSY0,https://open.spotify.com/track/6Gg25EZRbQd4IHiJz2KSY0
2019-08-08T03:35:59Z,Calling My Spirit,Kodak Black,Dying to Live,2MShy1GSSgbmGUxADNIao5,https://open.spotify.com/track/2MShy1GSSgbmGUxADNIao5
2019-08-08T03:34:46Z,Take It Or Leave It,Rae Sremmurd,SremmLife 2 (Deluxe),6kRctUEvX9wU9Jp2rMrXgr,https://open.spotify.com/track/6kRctUEvX9wU9Jp2rMrXgr
2019-08-08T03:34:35Z,Real Chill,"Rae Sremmurd, Kodak Black",SremmLife 2 (Deluxe),1pF3VcWYHeuVPflRwGBaWV,https://open.spotify.com/track/1pF3VcWYHeuVPflRwGBaWV
2019-08-08T03:34:21Z,This Could Be Us,Rae Sremmurd,SremmLife,4jTiyLlOJVJj3mCr7yfPQD,https://open.spotify.com/track/4jTiyLlOJVJj3mCr7yfPQD
2019-08-08T03:34:14Z,Lit Like Bic,Rae Sremmurd,SremmLife,5pQR7OLdUPZBvrp7H0Ol8h,https://open.spotify.com/track/5pQR7OLdUPZBvrp7H0Ol8h
2019-08-08T03:34:04Z,Swang,Rae Sremmurd,SremmLife 2 (Deluxe),6mapJIPnQ23RTAevUoE0DL,https://open.spotify.com/track/6mapJIPnQ23RTAevUoE0DL
2019-08-08T03:34:01Z,Come Get Her,Rae Sremmurd,SremmLife,1Ser4X0TKttOvo8bgdytTP,https://open.spotify.com/track/1Ser4X0TKttOvo8bgdytTP
2019-08-08T03:33:59Z,Black Beatles,"Rae Sremmurd, Gucci Mane",SremmLife 2 (Deluxe),6fujklziTHa8uoM5OQSfIo,https://open.spotify.com/track/6fujklziTHa8uoM5OQSfIo
2019-08-08T03:33:48Z,Real Friends,"Camila Cabello, Swae Lee",Real Friends,5vnpANH92iEajvGwE2oQ6r,https://open.spotify.com/track/5vnpANH92iEajvGwE2oQ6r
2019-08-08T03:31:49Z,Hopeless Romantic (feat. Swae Lee),"Wiz Khalifa, Swae Lee",Rolling Papers 2,7IBSffWIu7P2MC7kMwy2FM,https://open.spotify.com/track/7IBSffWIu7P2MC7kMwy2FM
2019-08-08T03:31:44Z,Unforgettable,"French Montana, Swae Lee",Jungle Rules,3B54sVLJ402zGa6Xm4YGNe,https://open.spotify.com/track/3B54sVLJ402zGa6Xm4YGNe
2019-08-08T03:31:40Z,Sunflower - Spider-Man: Into the Spider-Verse,"Post Malone, Swae Lee",Spider-Man: Into the Spider-Verse (Soundtrack From & Inspired by the Motion Picture),3KkXRkHbMCARz0aVfEt68P,https://open.spotify.com/track/3KkXRkHbMCARz0aVfEt68P
2019-08-08T03:31:20Z,Broke Boi,Playboi Carti,Broke Boi,4kjrB4xpcXRiAjLRivGhN2,https://open.spotify.com/track/4kjrB4xpcXRiAjLRivGhN2
2019-08-08T03:31:11Z,Kelly K,Playboi Carti,Playboi Carti,3hDp5jRxvtD31giFGUaE1x,https://open.spotify.com/track/3hDp5jRxvtD31giFGUaE1x
2019-08-08T03:31:08Z,dothatshit!,Playboi Carti,Playboi Carti,1KzNsOkpQthVwpCJrADJEQ,https://open.spotify.com/track/1KzNsOkpQthVwpCJrADJEQ
2019-08-08T03:31:05Z,New Choppa,"Playboi Carti, A$AP Rocky",Playboi Carti,30sc425JEvj3tgmGAKORea,https://open.spotify.com/track/30sc425JEvj3tgmGAKORea
2019-08-08T03:31:02Z,Lookin,"Playboi Carti, Lil Uzi Vert",Playboi Carti,1UAmQe8EwpxQ80OfYVD13z,https://open.spotify.com/track/1UAmQe8EwpxQ80OfYVD13z
2019-08-08T03:30:51Z,Love Hurts (feat. Travis Scott),"Playboi Carti, Travis Scott",Die Lit,3K6U7TamNyVSWcFH8pCQHX,https://open.spotify.com/track/3K6U7TamNyVSWcFH8pCQHX
2019-08-08T03:30:39Z,Top (feat. Pi'erre Bourne),Playboi Carti,Die Lit,7HsvTUJcXRQVK6QuALkAvW,https://open.spotify.com/track/7HsvTUJcXRQVK6QuALkAvW
2019-08-08T03:30:24Z,R.I.P. Fredo (feat. Young Nudy) - Notice Me,"Playboi Carti, Young Nudy",Die Lit,45Ln3F9PRPYTXBcMFkZMzS,https://open.spotify.com/track/45Ln3F9PRPYTXBcMFkZMzS
2019-08-08T03:27:31Z,Choppa Won't Miss (feat. Young Thug),"Playboi Carti, Young Thug",Die Lit,5O9zs6G6RcB6yP1OKwnwiM,https://open.spotify.com/track/5O9zs6G6RcB6yP1OKwnwiM
2019-08-08T03:17:36Z,No Time (feat. Gunna),"Playboi Carti, Gunna",Die Lit,5pHJv0bgNsT9nPoK2BjNBn,https://open.spotify.com/track/5pHJv0bgNsT9nPoK2BjNBn
2019-08-08T03:17:13Z,FlatBed Freestyle,Playboi Carti,Die Lit,5nayhWICkQGMTkisxVMbRw,https://open.spotify.com/track/5nayhWICkQGMTkisxVMbRw
2019-08-08T03:17:07Z,Mileage (feat. Chief Keef),"Playboi Carti, Chief Keef",Die Lit,1oNcc2isuz7d3hc1fMoHqj,https://open.spotify.com/track/1oNcc2isuz7d3hc1fMoHqj
2019-08-08T03:15:53Z,Fell In Luv (feat. Bryson Tiller),"Playboi Carti, Bryson Tiller",Die Lit,1s9DTymg5UQrdorZf43JQm,https://open.spotify.com/track/1s9DTymg5UQrdorZf43JQm
2019-08-08T03:15:23Z,wokeuplikethis*,"Playboi Carti, Lil Uzi Vert",Playboi Carti,59J5nzL1KniFHnU120dQzt,https://open.spotify.com/track/59J5nzL1KniFHnU120dQzt
2019-08-08T03:15:21Z,Shoota (feat. Lil Uzi Vert),"Playboi Carti, Lil Uzi Vert",Die Lit,2BJSMvOGABRxokHKB0OI8i,https://open.spotify.com/track/2BJSMvOGABRxokHKB0OI8i
2019-08-08T03:13:21Z,Gassed Up,Nebu Kiniza,Gassed Up,6JjEVlMkfHWMeYavkEYzNO,https://open.spotify.com/track/6JjEVlMkfHWMeYavkEYzNO
2019-08-08T03:13:09Z,Magnolia,Playboi Carti,Playboi Carti,1e1JKLEDKP7hEQzJfNAgPl,https://open.spotify.com/track/1e1JKLEDKP7hEQzJfNAgPl
2019-08-08T03:06:48Z,Ice (feat. Gunna & Lil Baby),"Gucci Mane, Gunna, Lil Baby",Delusions of Grandeur,6KCt9V6Lev0M04rFUj8ANC,https://open.spotify.com/track/6KCt9V6Lev0M04rFUj8ANC
2019-08-08T03:06:16Z,EARFQUAKE,"Tyler, The Creator",IGOR,5hVghJ4KaYES3BFUATCYn0,https://open.spotify.com/track/5hVghJ4KaYES3BFUATCYn0
2019-08-08T03:05:43Z,Baby Sitter (feat. Offset),"DaBaby, Offset",Baby On Baby,7f1zjZG77S891Uv4O68yfk,https://open.spotify.com/track/7f1zjZG77S891Uv4O68yfk
2019-08-08T03:05:38Z,Pop Out (feat. Lil Tjay),"Polo G, Lil Tjay",Pop Out (feat. Lil Tjay),5AjINjwKyRvQJhSe2zpPHi,https://open.spotify.com/track/5AjINjwKyRvQJhSe2zpPHi
2019-08-08T03:05:37Z,Suge,DaBaby,Baby On Baby,2gwkD6igEhQbDQegRCcdoB,https://open.spotify.com/track/2gwkD6igEhQbDQegRCcdoB
2019-08-08T03:05:32Z,"Costa Rica (with Bas & JID feat. Guapdad 4000, Reese LAFLARE, Jace, Mez, Smokepurpp, Buddy & Ski Mask The Slump God)","Dreamville, Bas, JID, Guapdad 4000, Reese LAFLARE, Jace, Mez, Smokepurpp, Buddy, Ski Mask The Slump God",Revenge Of The Dreamers III,5WnfnSpuNEGXyEt78PBA6d,https://open.spotify.com/track/5WnfnSpuNEGXyEt78PBA6d
2019-08-08T03:05:23Z,The London (feat. J. Cole & Travis Scott),"Young Thug, J. Cole, Travis Scott",The London (feat. J. Cole & Travis Scott),7DcvwMAiqKJQD1rrdfxSDx,https://open.spotify.com/track/7DcvwMAiqKJQD1rrdfxSDx
2019-08-08T03:03:08Z,Sex With Me,Rihanna,ANTI (Deluxe),7BiELrM90hRxpozaIXbsLw,https://open.spotify.com/track/7BiELrM90hRxpozaIXbsLw
2019-08-08T03:02:21Z,Needed Me,Rihanna,ANTI (Deluxe),4pAl7FkDMNBsjykPXo91B3,https://open.spotify.com/track/4pAl7FkDMNBsjykPXo91B3
2019-08-08T03:01:54Z,James Joint,Rihanna,ANTI (Deluxe),6K4Co1NQyOnoFEJMkZHkln,https://open.spotify.com/track/6K4Co1NQyOnoFEJMkZHkln
2019-08-08T03:01:47Z,Work,"Rihanna, Drake",ANTI (Deluxe),72TFWvU3wUYdUuxejTTIzt,https://open.spotify.com/track/72TFWvU3wUYdUuxejTTIzt
2019-08-08T03:01:45Z,Consideration,"Rihanna, SZA",ANTI (Deluxe),6t90Z9XkdsHD8xMxro6KRP,https://open.spotify.com/track/6t90Z9XkdsHD8xMxro6KRP
2019-08-08T03:01:17Z,Marvins Room,Drake,Take Care (Deluxe),047fCsbO4NdmwCBn8pcUXl,https://open.spotify.com/track/047fCsbO4NdmwCBn8pcUXl
2019-08-08T03:01:15Z,Crew Love,"Drake, The Weeknd",Take Care (Deluxe),0V4l4GQhgnWQGtCWpvA7va,https://open.spotify.com/track/0V4l4GQhgnWQGtCWpvA7va
2019-08-08T03:01:13Z,Take Care,"Drake, Rihanna",Take Care (Deluxe),124NFj84ppZ5pAxTuVQYCQ,https://open.spotify.com/track/124NFj84ppZ5pAxTuVQYCQ
2019-08-08T03:01:03Z,Company,"Drake, Travis Scott",If You're Reading This It's Too Late,6ImxYXeLDQPIv4qo7bMhSk,https://open.spotify.com/track/6ImxYXeLDQPIv4qo7bMhSk
2019-08-08T03:00:33Z,Jumpman,"Drake, Future",What A Time To Be Alive,27GmP9AWRs744SzKcpJsTZ,https://open.spotify.com/track/27GmP9AWRs744SzKcpJsTZ
2019-08-08T03:00:28Z,Live From The Gutter,"Drake, Future",What A Time To Be Alive,2uTG00P1DkhB97pdITkl2O,https://open.spotify.com/track/2uTG00P1DkhB97pdITkl2O
2019-08-08T02:59:45Z,Views,Drake,Views,7MjSipTto9QljYzZnloXOn,https://open.spotify.com/track/7MjSipTto9QljYzZnloXOn
2019-08-08T02:59:39Z,Hotline Bling,Drake,Views,0wwPcA6wtMf6HUMpIRdeP7,https://open.spotify.com/track/0wwPcA6wtMf6HUMpIRdeP7
2019-08-08T02:59:31Z,Pop Style,Drake,Views,5mPSyjLatqB00IkPqRlbTE,https://open.spotify.com/track/5mPSyjLatqB00IkPqRlbTE
2019-08-08T02:59:12Z,Too Good,"Drake, Rihanna",Views,3BtuIIrQlkujKPuWF2B85z,https://open.spotify.com/track/3BtuIIrQlkujKPuWF2B85z
2019-08-08T02:59:09Z,Childs Play,Drake,Views,3NxAG2ni1lLa8RKL6a0INc,https://open.spotify.com/track/3NxAG2ni1lLa8RKL6a0INc
2019-08-08T02:59:05Z,One Dance,"Drake, Wizkid, Kyla",Views,1zi7xx7UVEFkmKfv06H8x0,https://open.spotify.com/track/1zi7xx7UVEFkmKfv06H8x0
2019-08-08T02:59:03Z,Grammys,"Drake, Future",Views,5e574bhjycX1eH2l4Auage,https://open.spotify.com/track/5e574bhjycX1eH2l4Auage
2019-08-08T02:58:12Z,Ice Melts,"Drake, Young Thug",More Life,7bJ4mu7MHa3rHiNyKjOoSl,https://open.spotify.com/track/7bJ4mu7MHa3rHiNyKjOoSl
2019-08-08T02:58:03Z,Do Not Disturb,Drake,More Life,2KvHC9z14GSl4YpkNMX384,https://open.spotify.com/track/2KvHC9z14GSl4YpkNMX384
2019-08-08T02:58:02Z,Fake Love,Drake,More Life,343YBumqHu19cGoGARUTsd,https://open.spotify.com/track/343YBumqHu19cGoGARUTsd
2019-08-08T02:57:45Z,Lose You,Drake,More Life,2Na0z2gfN67Rzf0vp74Wi3,https://open.spotify.com/track/2Na0z2gfN67Rzf0vp74Wi3
2019-08-08T02:57:31Z,Teenage Fever,Drake,More Life,6n3HGiq4v35D6eFOSwqYuo,https://open.spotify.com/track/6n3HGiq4v35D6eFOSwqYuo
2019-08-08T02:57:24Z,Nothings Into Somethings,Drake,More Life,6MbH1QiphMCPTqVEVC7UYi,https://open.spotify.com/track/6MbH1QiphMCPTqVEVC7UYi
2019-08-08T02:57:07Z,Sacrifices,"Drake, 2 Chainz, Young Thug",More Life,0xl1w2q4VLojeXp4JfazPL,https://open.spotify.com/track/0xl1w2q4VLojeXp4JfazPL
2019-08-08T02:57:05Z,Portland,"Drake, Quavo, Travis Scott",More Life,2bjwRfXMk4uRgOD9IBYl9h,https://open.spotify.com/track/2bjwRfXMk4uRgOD9IBYl9h
2019-08-08T02:57:02Z,Gyalchester,Drake,More Life,6UjfByV1lDLW0SOVQA4NAi,https://open.spotify.com/track/6UjfByV1lDLW0SOVQA4NAi
2019-08-08T02:56:48Z,Passionfruit,Drake,More Life,5mCPDVBb16L4XQwDdbRUpz,https://open.spotify.com/track/5mCPDVBb16L4XQwDdbRUpz
2019-08-08T02:54:45Z,Free Smoke,Drake,More Life,05KOgYg8PGeJyyWBPi5ja8,https://open.spotify.com/track/05KOgYg8PGeJyyWBPi5ja8
2019-08-08T02:53:59Z,Nice For What,Drake,Scorpion,3CA9pLiwRIGtUBiMjbZmRw,https://open.spotify.com/track/3CA9pLiwRIGtUBiMjbZmRw
2019-08-08T02:53:53Z,God's Plan,Drake,Scorpion,6DCZcSspjsKoFjzjrWoCdn,https://open.spotify.com/track/6DCZcSspjsKoFjzjrWoCdn
2019-08-08T02:53:51Z,In My Feelings,Drake,Scorpion,2G7V7zsVDxg1yRsu7Ew9RJ,https://open.spotify.com/track/2G7V7zsVDxg1yRsu7Ew9RJ
2019-08-08T02:53:39Z,Nonstop,Drake,Scorpion,0TlLq3lA83rQOYtrqBqSct,https://open.spotify.com/track/0TlLq3lA83rQOYtrqBqSct
2019-08-08T02:53:25Z,Watch (feat. Lil Uzi Vert & Kanye West),"Travis Scott, Lil Uzi Vert, Kanye West",Watch (feat. Lil Uzi Vert & Kanye West),3DoBTwfr8yi2LN08SBpFkN,https://open.spotify.com/track/3DoBTwfr8yi2LN08SBpFkN
2019-08-08T02:53:13Z,420 in London,"Pressa, Lil Uzi Vert, Murda Beatz",420 in London,1zDwQIp3BgbH9dSmYtPBDH,https://open.spotify.com/track/1zDwQIp3BgbH9dSmYtPBDH
2019-08-08T02:53:05Z,Of Course We Ghetto Flowers (feat. Playboi Carti & Offset),"Lil Uzi Vert, Playboi Carti, Offset",The Perfect LUV Tape,0gqfvyewE2Sh8TwKBFajCF,https://open.spotify.com/track/0gqfvyewE2Sh8TwKBFajCF
2019-08-08T02:53:05Z,Original Uzi (4 of Us),Lil Uzi Vert,The Perfect LUV Tape,53iTGmEL4uwHlqUvuKcrQe,https://open.spotify.com/track/53iTGmEL4uwHlqUvuKcrQe
2019-08-08T02:53:05Z,Money Mitch,Lil Uzi Vert,The Perfect LUV Tape,7A1Heow9lN9CIuuJzJ6MDP,https://open.spotify.com/track/7A1Heow9lN9CIuuJzJ6MDP
2019-08-08T02:53:05Z,SideLine Watching (Hold Up),Lil Uzi Vert,The Perfect LUV Tape,0VYhxVxH9ijmdHUKsON9Bk,https://open.spotify.com/track/0VYhxVxH9ijmdHUKsON9Bk
2019-08-08T02:53:05Z,I Can Drive,Lil Uzi Vert,The Perfect LUV Tape,5wyrQLBbmKdxY6yLNdienj,https://open.spotify.com/track/5wyrQLBbmKdxY6yLNdienj
2019-08-08T02:53:05Z,You're Lost,Lil Uzi Vert,The Perfect LUV Tape,5MUvVmyKD6bBY0XDeWZjJJ,https://open.spotify.com/track/5MUvVmyKD6bBY0XDeWZjJJ
2019-08-08T02:53:05Z,Erase Your Social,Lil Uzi Vert,The Perfect LUV Tape,4uhvMW7ly7tJil31YYscAN,https://open.spotify.com/track/4uhvMW7ly7tJil31YYscAN
2019-08-08T02:53:05Z,Ronda (Winners),Lil Uzi Vert,The Perfect LUV Tape,2Wc5No77rhsfW2mB9LzXB3,https://open.spotify.com/track/2Wc5No77rhsfW2mB9LzXB3
2019-08-08T02:53:05Z,Seven Million (feat. Future),"Lil Uzi Vert, Future",The Perfect LUV Tape,6j0teRL3WdExzqmy334sh5,https://open.spotify.com/track/6j0teRL3WdExzqmy334sh5
2019-08-08T02:52:57Z,New Patek,Lil Uzi Vert,New Patek,0Fpen1PTuEnCmOJtUU9Iud,https://open.spotify.com/track/0Fpen1PTuEnCmOJtUU9Iud
2019-08-08T02:52:53Z,Two®,Lil Uzi Vert,Luv Is Rage 2 (Deluxe),1DZx0LEctNXUHQ9VQFKlgl,https://open.spotify.com/track/1DZx0LEctNXUHQ9VQFKlgl
2019-08-08T02:52:53Z,444+222,Lil Uzi Vert,Luv Is Rage 2 (Deluxe),6fWcHP8ce2glR9MEUZE7Cs,https://open.spotify.com/track/6fWcHP8ce2glR9MEUZE7Cs
2019-08-08T02:52:53Z,Sauce It Up,Lil Uzi Vert,Luv Is Rage 2 (Deluxe),5evSAk9q0l3TfF5dYDwDBO,https://open.spotify.com/track/5evSAk9q0l3TfF5dYDwDBO
2019-08-08T02:52:53Z,No Sleep Leak,Lil Uzi Vert,Luv Is Rage 2 (Deluxe),7284Lm1fMEABEFBrtMgUWR,https://open.spotify.com/track/7284Lm1fMEABEFBrtMgUWR
2019-08-08T02:52:53Z,The Way Life Goes (feat. Oh Wonder),"Lil Uzi Vert, Oh Wonder",Luv Is Rage 2 (Deluxe),2YQLTpUSFCQo9FEe29YPYs,https://open.spotify.com/track/2YQLTpUSFCQo9FEe29YPYs
2019-08-08T02:52:53Z,For Real,Lil Uzi Vert,Luv Is Rage 2 (Deluxe),0DZ9wBfMCH17odOgdTmNlB,https://open.spotify.com/track/0DZ9wBfMCH17odOgdTmNlB
2019-08-08T02:52:53Z,Feelings Mutual,Lil Uzi Vert,Luv Is Rage 2 (Deluxe),3ozS5DsfzFfrlgZpxEMjb0,https://open.spotify.com/track/3ozS5DsfzFfrlgZpxEMjb0
2019-08-08T02:52:53Z,Neon Guts (feat. Pharrell Williams),"Lil Uzi Vert, Pharrell Williams",Luv Is Rage 2 (Deluxe),2BUXjDhEuVLvEzFI6tabOF,https://open.spotify.com/track/2BUXjDhEuVLvEzFI6tabOF
2019-08-08T02:52:53Z,Early 20 Rager,Lil Uzi Vert,Luv Is Rage 2 (Deluxe),0QsHgUWosVmZS49Hrsv5xC,https://open.spotify.com/track/0QsHgUWosVmZS49Hrsv5xC
2019-08-08T02:52:53Z,UnFazed (feat. The Weeknd),"Lil Uzi Vert, The Weeknd",Luv Is Rage 2 (Deluxe),0RyWaVjR8Mi4Qx9J3IiiqF,https://open.spotify.com/track/0RyWaVjR8Mi4Qx9J3IiiqF
2019-08-08T02:52:53Z,Pretty Mami,Lil Uzi Vert,Luv Is Rage 2 (Deluxe),6e4uygu304YYNYAeISlPgO,https://open.spotify.com/track/6e4uygu304YYNYAeISlPgO
2019-08-08T02:52:53Z,How to Talk,Lil Uzi Vert,Luv Is Rage 2 (Deluxe),6jeSBflg8OBRZJchEbKSlV,https://open.spotify.com/track/6jeSBflg8OBRZJchEbKSlV
2019-08-08T02:52:53Z,X,Lil Uzi Vert,Luv Is Rage 2 (Deluxe),6nxvVPzS7gnyDthFNvTSxn,https://open.spotify.com/track/6nxvVPzS7gnyDthFNvTSxn
2019-08-08T02:52:53Z,Malfunction,Lil Uzi Vert,Luv Is Rage 2 (Deluxe),6GLujG5wXuXyPjknUFOQVK,https://open.spotify.com/track/6GLujG5wXuXyPjknUFOQVK
2019-08-08T02:52:53Z,Dark Queen,Lil Uzi Vert,Luv Is Rage 2 (Deluxe),0cGPqSBtm0UJLo1HCziww9,https://open.spotify.com/track/0cGPqSBtm0UJLo1HCziww9
2019-08-08T02:52:53Z,XO Tour Llif3,Lil Uzi Vert,Luv Is Rage 2 (Deluxe),3EWaR09H3TkRgaLTIheYFr,https://open.spotify.com/track/3EWaR09H3TkRgaLTIheYFr
2019-08-08T02:52:53Z,Skir Skirr,Lil Uzi Vert,Luv Is Rage 2 (Deluxe),77V8N0imMUga8hUL0gxXHT,https://open.spotify.com/track/77V8N0imMUga8hUL0gxXHT
2019-08-08T02:52:53Z,Loaded,Lil Uzi Vert,Luv Is Rage 2 (Deluxe),2PLGsORkOCdEI3jTSyO2Id,https://open.spotify.com/track/2PLGsORkOCdEI3jTSyO2Id
2019-08-08T02:52:53Z,Diamonds All on My Wrist,Lil Uzi Vert,Luv Is Rage 2 (Deluxe),77nc8grWapJTpC7Evz2her,https://open.spotify.com/track/77nc8grWapJTpC7Evz2her
2019-08-08T02:52:53Z,20 Min,Lil Uzi Vert,Luv Is Rage 2 (Deluxe),0uxSUdBrJy9Un0EYoBowng,https://open.spotify.com/track/0uxSUdBrJy9Un0EYoBowng
2019-08-08T02:52:38Z,Safe House,Lil Uzi Vert,Luv Is Rage,6EFryfyWOobzFCBDB9qbrz,https://open.spotify.com/track/6EFryfyWOobzFCBDB9qbrz
2019-08-08T02:52:38Z,Banned from TV,Lil Uzi Vert,Luv Is Rage,0Ux97Dqx5amaRrDvHbEfjm,https://open.spotify.com/track/0Ux97Dqx5amaRrDvHbEfjm
2019-08-08T02:52:38Z,Super Saiyan,Lil Uzi Vert,Luv Is Rage,2sO7QVPRKEPyY5RcG3N6Ic,https://open.spotify.com/track/2sO7QVPRKEPyY5RcG3N6Ic
2019-08-08T02:52:38Z,7AM,Lil Uzi Vert,Luv Is Rage,4v1P7JCjehbg5TmLQo2mFy,https://open.spotify.com/track/4v1P7JCjehbg5TmLQo2mFy
2019-08-08T02:52:38Z,Yamborghini Dream (feat. Young Thug),"Lil Uzi Vert, Young Thug",Luv Is Rage,2QBxdLNImwEDJCzI0Yzeka,https://open.spotify.com/track/2QBxdLNImwEDJCzI0Yzeka
2019-08-08T02:52:38Z,Right Now,Lil Uzi Vert,Luv Is Rage,58lknB6kkfcDjMpCfx7rLH,https://open.spotify.com/track/58lknB6kkfcDjMpCfx7rLH
2019-08-08T02:52:38Z,Top,Lil Uzi Vert,Luv Is Rage,55Q46o5adtSobImSKrrlqW,https://open.spotify.com/track/55Q46o5adtSobImSKrrlqW
2019-08-08T02:52:38Z,All My Chains,Lil Uzi Vert,Luv Is Rage,2DynJ2cNsW35sTJCaRcb70,https://open.spotify.com/track/2DynJ2cNsW35sTJCaRcb70
2019-08-08T02:52:38Z,Belly,Lil Uzi Vert,Luv Is Rage,63z7NQignNUAp6zWQVip4J,https://open.spotify.com/track/63z7NQignNUAp6zWQVip4J
2019-08-08T02:52:38Z,Enemies,Lil Uzi Vert,Luv Is Rage,2p2DLGuXtnLLClzpmKkyCx,https://open.spotify.com/track/2p2DLGuXtnLLClzpmKkyCx
2019-08-08T02:52:38Z,Ballin,Lil Uzi Vert,Luv Is Rage,1P7ycI8RxUZVErR2xCPqbA,https://open.spotify.com/track/1P7ycI8RxUZVErR2xCPqbA
2019-08-08T02:52:38Z,Paradise,Lil Uzi Vert,Luv Is Rage,7pudclCl5P99Me3P5F9hPC,https://open.spotify.com/track/7pudclCl5P99Me3P5F9hPC
2019-08-08T02:52:30Z,Canadian Goose,Lil Uzi Vert,Lil Uzi Vert vs. The World,1MNdfH2KC5LdEde3JPJ513,https://open.spotify.com/track/1MNdfH2KC5LdEde3JPJ513
2019-08-08T02:52:30Z,Hi Roller,Lil Uzi Vert,Lil Uzi Vert vs. The World,69M9QCMsCQ5MLsw7BBW0rL,https://open.spotify.com/track/69M9QCMsCQ5MLsw7BBW0rL
2019-08-08T02:52:30Z,Money Longer,Lil Uzi Vert,Lil Uzi Vert vs. The World,0B8QzDH7YWih85V5SEMnyJ,https://open.spotify.com/track/0B8QzDH7YWih85V5SEMnyJ
2019-08-08T02:52:30Z,Grab the Wheel,Lil Uzi Vert,Lil Uzi Vert vs. The World,3aJ66zarLOVW4o2nPDxg0g,https://open.spotify.com/track/3aJ66zarLOVW4o2nPDxg0g
2019-08-08T02:52:30Z,You Was Right,Lil Uzi Vert,Lil Uzi Vert vs. The World,2ANLarE8yHVsLWW21nj79M,https://open.spotify.com/track/2ANLarE8yHVsLWW21nj79M
2019-08-08T02:52:30Z,Baby Are You Home,Lil Uzi Vert,Lil Uzi Vert vs. The World,6Q1NPLtp9IzcXmCutp3Qmo,https://open.spotify.com/track/6Q1NPLtp9IzcXmCutp3Qmo
2019-08-08T02:52:30Z,Ps & Qs,Lil Uzi Vert,Lil Uzi Vert vs. The World,1gGsNNUfvVMOv4llVMg8Vg,https://open.spotify.com/track/1gGsNNUfvVMOv4llVMg8Vg
2019-08-08T02:52:30Z,Team Rocket,Lil Uzi Vert,Lil Uzi Vert vs. The World,6FfyYWFEk4zd7CgvjBa2ZK,https://open.spotify.com/track/6FfyYWFEk4zd7CgvjBa2ZK
2019-08-08T02:52:30Z,Scott and Ramona,Lil Uzi Vert,Lil Uzi Vert vs. The World,7egGWCqoxtAuo7QgsWw3tm,https://open.spotify.com/track/7egGWCqoxtAuo7QgsWw3tm
2019-08-08T02:52:08Z,Zambamafoo,"HoodRich Pablo Juan, Lil Uzi Vert",Zambamafoo,3UMpcCyG1Dj0yDb377vu2K,https://open.spotify.com/track/3UMpcCyG1Dj0yDb377vu2K
2019-08-08T02:51:33Z,Ransom,Lil Tecca,Ransom,1xbtojAZsQjOgiGdGX6ChU,https://open.spotify.com/track/1xbtojAZsQjOgiGdGX6ChU
2019-08-08T02:51:29Z,Bounce Back,Big Sean,I Decided.,0SGkqnVQo9KPytSri1H6cF,https://open.spotify.com/track/0SGkqnVQo9KPytSri1H6cF
2019-08-08T02:51:28Z,Moves,Big Sean,I Decided.,0Fv5N0cHBsl4bzCbollCAS,https://open.spotify.com/track/0Fv5N0cHBsl4bzCbollCAS
2019-08-08T02:51:23Z,Savage Mode,"21 Savage, Metro Boomin",Savage Mode,52hRcWmjRNFuVJv3Qi7EeF,https://open.spotify.com/track/52hRcWmjRNFuVJv3Qi7EeF
2019-08-08T02:51:21Z,No Heart,"21 Savage, Metro Boomin",Savage Mode,4gmmRb6bZJffOOiww1JGTO,https://open.spotify.com/track/4gmmRb6bZJffOOiww1JGTO
2019-08-08T02:51:13Z,Do What I Want,Lil Uzi Vert,The Perfect LUV Tape,4IWGnyOHDrVZEtPWfs4s7q,https://open.spotify.com/track/4IWGnyOHDrVZEtPWfs4s7q
2019-08-08T02:51:12Z,That's a Rack,Lil Uzi Vert,That's a Rack,4pCEIQ6wBVuaJdER5bALtO,https://open.spotify.com/track/4pCEIQ6wBVuaJdER5bALtO
2019-08-08T02:51:09Z,Sanguine Paradise,Lil Uzi Vert,Sanguine Paradise,3XiNC94b4Tq1xwv70sQJGN,https://open.spotify.com/track/3XiNC94b4Tq1xwv70sQJGN
2019-08-07T17:43:52Z,Survival,Drake,Scorpion,2yg9UN4eo5eMVJ7OB4RWj3,https://open.spotify.com/track/2yg9UN4eo5eMVJ7OB4RWj3
